:020000040802F0
:10000000808B0020A10102087F3B02081D310208FD
:100010007D3B02080D0D0208396202080000000055
:100020000000000000000000000000000B5B020860
:100030001D10020800000000095B0208315C020884
:10004000BB010208BB010208BB010208BB01020898
:10005000BB010208BB010208BB010208BB01020888
:10006000BB010208BB010208BB010208BB01020878
:10007000BB010208BB010208BB010208BB01020868
:10008000BB010208BB010208BB010208BB01020858
:10009000BB010208BB010208BB010208BB01020848
:1000A000BB010208BB010208BB010208BB01020838
:1000B000BB010208BB010208BB010208BB01020828
:1000C000BB010208BB010208BB010208BB01020818
:1000D000BB010208216202082D6202083362020895
:1000E000BB010208BB010208BB010208BB010208F8
:1000F000BB010208BB010208BB010208BB010208E8
:10010000BB010208BB010208BB010208BB010208D7
:10011000BB010208BB010208BB010208015D020825
:10012000BB010208BB010208110D0208BB01020855
:10013000BB010208BB010208BB010208BB010208A7
:10014000BB010208BB010208BB010208BB01020897
:10015000BB010208BB0102081D0D0208BB01020819
:10016000BB010208BB010208BB010208BB01020877
:10017000BB010208BB010208BB010208000000002D
:10018000BB010208BB010208DFF810D000F086FCBA
:1001900000480047D5880208AFF30080808B00201C
:1001A0000648804706480047FEE7FEE7FEE7FEE711
:1001B000FEE7FEE7FEE7FEE7FEE7FEE7D15C0208AA
:1001C000890102082DE9F05F0546002092469B4612
:1001D00088460646814640241BE02846414647465D
:1001E000224600F020F853465A46C01A914110D3D7
:1001F00011461846224600F0A9FA2D1A67EB0108AD
:100200004F4622460120002100F0A0FA17EB00091A
:100210004E41201EA4F10104DFDC484631462A4647
:100220004346BDE8F09F202A04DB203A21FA02F081
:100230000021704721FA02F3D040C2F12002914020
:1002400008431946704710B5431A934209D28318E0
:10025000881803E010F8011D03F8011D521EF9D2A1
:1002600010BD40EA01039B0703D009E008C9121F33
:1002700008C0042AFAD203E011F8013B00F8013B60
:10028000521EF9D210BDD2B201E000F8012B491E76
:10029000FBD270470022F6E710B513460A46044623
:1002A0001946FFF7F0FF204610BD30B505462A4637
:1002B0000B4612F8010B13F8014B08B1A042F8D01D
:1002C0001CB1002802D06D1CF1E7284630BDCAB22F
:1002D000401E10F8011F8A4202D00029F9D10020E7
:1002E0007047421C10F8011B0029FBD1801A70478F
:1002F00010B5002200E0521C835C8C5CA34201D14B
:10030000002BF8D1D8B2E1B2401A10BD30B5054685
:100310000020034600E05B1C934205D2EC5CC85C05
:10032000201A01D1002CF6D130BD2DE9F0479146BD
:100330000F4680460446002614F8015B2DB100F0FC
:1003400027FA0068405DC007F6D12B2D02D02D2D75
:1003500018D0641E4A463946204600F01DFA27B1DF
:100360003968A14201D1C7F8008071054FF002043D
:100370000BD54042002803DD06F0DCFE0460A00738
:10038000BDE8F08746F48066E4E70028F8DA06F076
:10039000D1FE04606FF00040F2E72DE9F05F934674
:1003A0000F4680460446002606F0C4FED0F80090B2
:1003B000824614F8015B2DB100F0EAF90068405D57
:1003C000C007F6D12B2D02D02D2D1AD0641E00218E
:1003D000CAF800105A463946204600F0DDF90146B9
:1003E00027B13868A04201D1C7F80080DAF80000D0
:1003F000022809D0CAF80090700505D54842BDE82A
:10040000F09F46F48066E2E70846F8E770B50646D6
:1004100006F090FE046805460A2200213046FFF7E8
:1004200084FF2C6070BD2DE9FE4F804681EA0300F9
:10043000C00F0C46009021F0004123F00045B8EBBE
:100440000200A94105D24046214690461C460B4673
:10045000024623F00040104347D0270DC7F30A009F
:10046000C3F30A510290401A019040286BDAC3F39B
:10047000130040F4801B0098924620B10023D2EB79
:10048000030A63EB0B0B01985946C0F1400250463A
:1004900000F05CF906460D4650465946019A00F0B8
:1004A00064F910EB08006141002487EA115284EAE4
:1004B000E7731A4340D0009A62B3019A012A4FEAC7
:1004C000075215DC001B61EB02014FF0004202EA0B
:1004D0000752CDE90042001C41F5801132462B46FF
:1004E00000F0EFF903B0BDE8F08F40462146F9E790
:1004F000001B61EB0201001C41F5801300185B41F9
:100500002018A2F5001747EB030140EAD570B61991
:100510006D4111E06D084FEA360645EAC0754FEAB5
:100520000752001B61EB0201001C41F580114908D4
:100530004FEA30000019514132462B4603B0BDE866
:10054000F04F00F0AFB90098012240000023D0EB3B
:10055000020263EBE073009821464FEAE074B8EBC7
:10056000000061EB0401E9E783F000435BE781F001
:10057000004158E72DE9FE4F81EA030404F00044EE
:1005800021F0004100944FF0000B23F0004350EAAB
:1005900001045ED052EA03045BD0C3F30A54C1F3F2
:1005A0000A552C44A4F2F3340194A0FB0254C1F385
:1005B000130141F48011C3F3130343F4801301FBCF
:1005C000024400FB034E840A970A44EA815447EA36
:1005D0008357A4FB076802958D0A05FB07854FEA40
:1005E000932C04FB0C542705029D4FEA065847EA5A
:1005F0001637B5EB08056EEB070C870E920E47EA2F
:10060000811742EA8312A7FB0201B6EB0B0164EBF0
:1006100000042B0D43EA0C335E1844EB1C50DA4601
:100620005146E7FB0201C5F313044FEA0B3343EADB
:1006300014534FEA0432019C43EA0603A4F10C046C
:100640000294009CCDE900B400F03BF903B0BDE892
:10065000F08F00200146F9E70EB5C10F80EAE07087
:100660000844CA07002140F233438DE80E000A46D1
:100670000B4600F026F903B000BD70B5C1F30A5275
:1006800001F000450024C1F3130140F2FF3341F4AF
:1006900080119A4201DA002070BD40F233439A4241
:1006A000A2F2334203DC5242FFF7BDFD00E090406E
:1006B0002C43F1D0404270BD30B5041E71F10004EE
:1006C00004DB4FF00044404264EB0101141E73F15F
:1006D000000405DB1C464FF00043524263EB040369
:1006E0008B4208BF824230BD01F0004330B421F09C
:1006F000004150EA010206D00A0DA2F56072C1F372
:100700001301002A02DC30BC00207047440F44EA89
:10071000C104C100E01830BC00EBC25000F08BB83F
:1007200030B50B46014600202022012409E021FAC1
:1007300002F59D4205D303FA02F5491B04FA02F5BE
:100740002844151EA2F10102F1DC30BD202A04DB91
:10075000203A00FA02F1002070479140C2F12003D4
:1007600020FA03F3194390407047202A06DBCB1789
:10077000203A41FA02F043EAE07306E041FA02F35C
:10078000D040C2F120029140084319467047000052
:1007900000487047C8AC02082DE9F05F8246007837
:1007A000002715468B460AF10104B946302801D0CE
:1007B0009DB113E014F8010B0127782803D05828C5
:1007C00001D045B10AE00DB1102D07D10027102549
:1007D00014F8010B02E0082500E00A250026B046C7
:1007E0000EE005FB080005FB06F1012701EB1046B2
:1007F0001FFA80F8B6F5803F00D3B94614F8010B14
:10080000294600F05DF90028EBDABBF1000F05D0B6
:100810000FB1641E00E05446CBF80040B9F1000F60
:1008200006D006F087FC02210160C81EBDE8F09FDB
:1008300048EA0640FAE70029A8BF7047401C490073
:1008400008BF20F00100704710B4B0FA80FC00FA35
:100850000CF050EA010404BF10BC704749B1CCF160
:10086000200421FA04F411FA0CF118BF01212143EC
:100870000843A3EB0C01CB1D4FEA00614FEA1020A7
:1008800042BF002010BC704700EBC3501044002949
:10089000A4BF10BC7047401C490008BF20F00100F5
:1008A00010BC704710B5141E73F1000408DA401C28
:1008B00041F1000192185B411A4301D120F001007F
:1008C00010BD2DE9F04D92469B4611B1B1FA81F26F
:1008D00002E0B0FA80F220329046FFF737FF04467C
:1008E0000F4640EA0A0041EA0B0153465A460843C4
:1008F00013D0114653EA010019D0C8F14002504606
:10090000FFF791FC05460E46504659464246FFF712
:100910001DFF084305D0012004E020463946BDE80C
:10092000F08D0020054346EAE0762C4337430A98D1
:100930006305E40AA0EB08000022FD0A44EA4754DC
:100940000A3002D500200146E9E701051019694186
:10095000DDE9084500196941BDE8F04DA2E72DE940
:10096000F04D81EA030404F0004B21F000451446E9
:100970004FF0000A23F0004150EA050220D054EA6B
:1009800001021DD0C5F30A570246C5F31303C1F394
:100990001300C1F30A5640F4801543F48013A7EB0B
:1009A0000608101BD64608F2FD3873EB050002D38B
:1009B00008F1010801E092185B41B8F1000F03DA79
:1009C00000200146BDE8F08D00204FF4801106465E
:1009D00084460EE0171B73EB050705D3121B63EB70
:1009E000050306434CEA010C49084FEA300092180F
:1009F0005B4150EA0107EDD152EA030012D082EACE
:100A0000040083EA0501084305D0101BAB4106D260
:100A10000122002306E000224FF0004302E06FF0C5
:100A2000010253101AEB06004CEB085110EB0A00C0
:100A300041EB0B01BDE8F04DFFF734BFC1F30A52A3
:100A4000C1F3130140F2FF3341F480119A4202DAFC
:100A500000200146704740F233439A42A2F23342EB
:100A600002DC5242FFF7DFBBFFF770BE30B5041E59
:100A700071F1000404DB4FF00044404264EB0101DB
:100A8000141E73F1000405DB1C464FF00043524274
:100A900063EB0403994208BF904230BD064C074DFA
:100AA00006E0E06840F0010394E80700984710343E
:100AB000AC42F6D3FFF76CFB68B1020888B10208BC
:100AC0003A2800D2303820F02002412A01D3A2F186
:100AD0003700884201D34FF0FF30704770B58C1853
:100AE00010F8015B15F0070301D110F8013B2A1142
:100AF00006D110F8012B03E010F8016B01F8016B2F
:100B00005B1EF9D12B0705D40023521E0DD401F82A
:100B1000013BFAE710F8013BCB1A921C03E013F8F3
:100B2000015B01F8015B521EF9D5A142D8D3002028
:100B300070BD0000464910B54A6822F440324A6050
:100B40004A6843681A434A6001684A6822F480721E
:100B50004A6001684A68036942EA03224A60016800
:100B60004A6822F040724A6001684A6883681A4302
:100B70004A6001688A6822F400628A6001688A68B3
:100B8000C3681A438A60816A6FF07062D14201685B
:100B90008A6822F070628A6001688A680CD0836A71
:100BA0001A438A6001688A6822F040528A600168AC
:100BB0008A68C36A1A4301E022F040528A600168E1
:100BC0008A6822F002028A6001688A68037E42EA2B
:100BD00043028A6090F82010002901684A680FD00B
:100BE00042F400624A6001684A6822F460424A6046
:100BF00001684A68174C436A04EB43331A4301E027
:100C000022F400624A600168CA6A22F47002CA6271
:100C10000168CA6A838B104C04EB03531A43CA62FF
:100C200001688A6822F400728A6001688A6890F814
:100C3000303042EA43228A6001688A6822F4806286
:100C40008A6001688A68406942EA8020886010BD35
:100C50000023014000E0FFFF0000F0FF70B500241A
:100C6000027821462346742A08D0542A06D0662AE0
:100C700006D0462A04D02D2A04D005E00A2070BDF3
:100C8000002070BD0124401C6FF02F050278A2F1F6
:100C90003006092E06D801EB810105EB4101114414
:100CA000401CF3E7D2B22E2A04D14078303809280C
:100CB00000D8034601EB810003EB4000002CE0D09C
:100CC000C0F1000070BD00000E4810B5016886B08C
:100CD00041F04001016000680B4C00F040000590BD
:100CE000802000900120019002900320039069462B
:100CF000204601F055FB00228021204601F038FCFF
:100D000006B010BD3038024000180240FEE7000077
:100D1000014801F017B9000070370020014801F0C8
:100D200011B90000D037002001681823CAB2103A68
:100D3000B2FBF3F2054B6FF30901032A9B5CC36519
:100D400000D9091D8165084670470000B4A8020853
:100D500010B5014600208B698A6A4FF0C07453B108
:100D6000B3F5005F15D072B1012A0CD0022A0AD067
:100D7000032A09D104E01AB1012A06D0022A03D1BC
:100D8000C96AC90100D5012010BDC96AA142FAD0C3
:100D900010BD002AF7D0012AF2D0022AF3D0032A8C
:100DA000F3D010BD30B50468256825F48025256092
:100DB000046863608368402B036803D0996000680F
:100DC000C26030BD9A600068C16030BD032808D29F
:100DD000652110FB01F1054800EB011001780906BF
:100DE00001D400207047001D02F060BA8006002088
:100DF000032801D300207047024900EBC00001EB3B
:100E000080007047BCA8020870B588B0252100207A
:100E100008F01AFF2621012008F016FF27210220E2
:100E200008F012FF41F2F0211048FFF733FA0020DA
:100E300002260125CDE902064FF4E131CDE900019A
:100E4000EC020495A010CDE90540684600F022F8B8
:100E500000956846059400F01DF8E0100096059096
:100E6000684600F017F808B070BD0000800600204A
:100E7000032808D2652110FB01F1054800EB0110A1
:100E80000178090601D4002070471C3002F0C1B976
:100E90008006002070B5040005D02068032805D323
:100EA0004FF4E77211E040F2CD120EE0616911B12A
:100EB000B1F5006F02D940F2CF1206E0A16911B17D
:100EC000B1F5007F09D94FF4E8721EA126A006F003
:100ED000C9F808F049FD002070BDC6B2304608F0E0
:100EE000A1FE30B1426861688A4202D0416002F0DE
:100EF000A5F8264800EBC621652016FB00F3244820
:100F0000626900EB0315281D02F078F92148A269F7
:100F100000EB462105F11C0002F070F905F2346087
:100F20001C222146FFF78FF900206870802028706E
:100F3000304608F023FF10B1304608F029FF0120A9
:100F400070BD00002E2E5C506C6174666F726D5C1B
:100F50006472765C6472765F756172745C647276DA
:100F60005F756172742E63003C706F72745F6173A1
:100F7000736572743A66696C65282573292C206C38
:100F8000696E65282575293E0D0A0000701900203C
:100F900080060020703100204FF0FF32032808D275
:100FA000652110FB01F1054800EB011001780906ED
:100FB00001D410467047001D02F05CB98006002085
:100FC0002DE9F04116460F0005461DD0E6B1032D70
:100FD0001AD2652015FB00F10C4800EB01142078B3
:100FE000000611D508F0BCFC04F11C00324639465D
:100FF00002F068F9044608F0B5FC2CB1284608F068
:10100000FFFE0120BDE8F0810020FBE78006002004
:1010100013B5012201A9FFF7D3FF1CBD70470000E3
:101020002DE9F04128A000F08BF8044629A000F03B
:1010300087F844F2506718B1016809B1012100E056
:101040000021002C3DD00A2500260029244B254AEA
:1010500021681AD0B94232DA9168491C916003299B
:101060002FDB966000B1066000228021184601F057
:101070007FFA1DA117A007F033F9206890FBF5F166
:101080001BA0BDE8F04105F0EDBFB94217DB516888
:10109000491C5160032914DB01215660517000B1D5
:1010A000056001228021184601F062FA19A109A009
:1010B00007F016F9206890FBF5F118A0E1E75660FB
:1010C0009660BDE8F0810000736D6F6B655F7661BF
:1010D0006C756500736D6F6B655F616C61726D003F
:1010E000001802404C00002066616C73650000002F
:1010F0005B6465766D6F64656C5D20736D6F6B65A9
:1011000020616C61726D206F66662C202564206DF5
:10111000560D0A0074727565000000005B64657608
:101120006D6F64656C5D20736D6F6B6520616C61C4
:10113000726D206F6E2C202564206D560D0A000004
:101140002DE9F04107460024094D0A4E06E055F806
:1011500034003946FFF7CCF830B1641C3078844253
:10116000F5DB0020BDE8F08105EBC400001DF9E7C8
:10117000804100204C000020002229B101291AD012
:1011800002291BD04FF440720E490B6823F44073C0
:101190000B600B6813430B600A6822F078020A6048
:1011A0000A68022303EBC00002430A60086840F4A7
:1011B0008030086070474FF48072E5E74FF40072AA
:1011C000E2E70000103C02401348016889050FD592
:1011D000016821F400710160016841F4006101605F
:1011E000016821F400610160016841F4007101604F
:1011F000016849050FD5016821F48061016001682B
:1012000041F480510160016821F48051016001685E
:1012100041F4806101607047003C024008490A685F
:1012200022F440720A600A6842F004020A600A6806
:101230004FF4803343EA002002430A607047000005
:10124000103C0240064A136823F44073136013688D
:101250001360136843F001031360017070470000CE
:10126000103C0240094910B50C6824F440740C602D
:101270000C6844F440740C600C6844F001040C6089
:101280000260BFF36F8F436010BD0000103C02404E
:10129000074A136823F440731360136843F48073A0
:1012A0001360136843F0010313600180704700006E
:1012B000103C0240074A136823F44073136013681C
:1012C00043F400731360136843F00103136001607B
:1012D00070470000103C024017490868C2061748D2
:1012E00005D5C26942F01002C26110220A600A6884
:1012F000920605D5C26942F00802C26120220A6046
:101300000A68520605D5C26942F00402C261402251
:101310000A600A68120605D5C26942F00202C2617B
:1013200080220A600A68920705D5C26942F020024D
:10133000C2610220086070470C3C0240100000208F
:1013400070B5114904460020C86101F01DF9054639
:101350000E4E09E0601C07D024B101F015F9401BC6
:10136000A04201D9032070BD3068C003F2D43068B8
:10137000C00701D001203060306810F0F200F2D0D8
:10138000FFF7AAFF012070BD100000200C3C0240B6
:101390002DE9F041394C00252178012908D038A0E9
:1013A00005F060FE4CE04254207E401C207602E0B6
:1013B000FF2204F11401207EB8B10428F3D3C0B297
:1013C000042812D1A17DA08A354A61F31F40E17D36
:1013D000264640EA0161A06820F00300104400F0B6
:1013E00043FB08B12FA029E03576D4E901219142D1
:1013F00007D035A005F036FE07F070F80220BDE8F2
:10140000F081E068DFF8EC80C643404600F0BEFAA9
:1014100008B139A012E0414F4046394600F024FBA4
:1014200058B934486168001D00F01EFB28B93148E6
:101430003146083000F018FB30B139A005F012FE3B
:1014400007F04CF80420DAE732463C48616805F0C2
:1014500009FE384600F08CF8642000F0E5FE2570A7
:10146000BFF34F8F36480168364A01F4E0611143FB
:101470000160BFF34F8F00BFFDE700000042002076
:101480005B46575550475D2066696E6973682073E7
:101490006B69702C2073746174653D25750D0A00AD
:1014A000000008085B46575550475D2066696E6925
:1014B0007368207461696C20777269746520666155
:1014C000696C0D0A000000005B46575550475D20CF
:1014D00073697A65206D69736D617463682C20721D
:1014E0006563763D25752C206578706563743D25B0
:1014F000750D0A00000001085B46575550475D20F6
:10150000666C616720736563746F722065726173C6
:1015100065206661696C0D0A000000004657555051
:101520005B46575550475D20666C6167207772694E
:101530007465206661696C0D0A0000006CAD0208DC
:101540000CED00E00400FA05014840687047000017
:1015500000420020014880687047000000420020DF
:1015600001480078704700000042002006F0B6BF36
:10157000084908B50A6842F080520A60096801F01B
:101580008051009104490A6842F480720A6003495C
:10159000086008BD403802400070004050280040FC
:1015A00010B1B0F5C02F01D900207047054948603F
:1015B0000020421EC1E902020876034808610120AA
:1015C00008707047004200200000080806F086BF3F
:1015D0002DE9F05F0D46070041D0EDB3DFF8CC8078
:1015E00098F8000001283AD1D8F80800D8F804107B
:1015F00042198A4202D9884231D20D1ADFF8B0A0CE
:10160000504406F023FF002110B188F8001026E0B6
:10161000D346002408F114098A46D8F8086025E06A
:1016200098F818303A5D414603F8092098F81800F8
:10163000401CC0B288F81800042816D18A7D898A17
:1016400098F8170062F31F4141EA006106EB0B00B6
:1016500000F00AFA30B100E001E088F800A00020B4
:10166000BDE8F09F88F818A0361D641CAC42D7D3A3
:10167000444600220F4BD8F80C000DE0B95C4840FE
:101680000021C60702D083EA500000E04008491C50
:10169000C9B20829F5D3521C2946AA42EED3E0600C
:1016A000A0680844C8F808000120D9E700420020DB
:1016B000000008082083B8ED2DE9F04124212B48D3
:1016C000FEF7E8FD294D002401262C70AE7304F0CE
:1016D0001DFAE861002005F2244202EB001101F13D
:1016E00010030B608C80401C8C60C0B2CC604F2813
:1016F000F3D302EB00101E4F046084808460C4604A
:10170000C7E901421B49012000F0D2F81A49022022
:1017100000F0CEF81949042000F0CAF83878FF2804
:1017200007D117A005F09EFC1C49002007F098FD8A
:10173000387001221146C0B207F0F0FD00F0F8F851
:101740002E7504F0E3F9A861E8610A2114A005F000
:1017500089FC432000F0E8F8BDE8F04100230A21AD
:101760004FF47A72432000F071B8000054710020E9
:10177000AC010020C5A20208DDA2020801A20208F5
:101780005B594D4F44454D5D207363616E20746D10
:1017900072206372656174650D0A0000F9A5020884
:1017A0005B594D4F44454D5D2075706772616465AE
:1017B0002077696E646F77206F70656E2C2073657B
:1017C0006E64206669726D776172652077697468EE
:1017D000696E202575730D0A000000000148007D28
:1017E000704700005471002070B505460E4616483B
:1017F00001F0D4FD0AE02088A84204D1207910B17C
:101800002146114811E0204601F0D0FD0400F2D13C
:101810000D480C3001F0C2FD12E02088A8420CD126
:10182000207950B1084821460C3001F094FD314632
:10183000204608F0AFFB012070BD204601F0B6FD48
:101840000400EAD170BD0000587B00202DE9F04172
:101850000546984616460F46134801F092FD0100D2
:1018600017D0124C0D8060884880401C60800F713A
:101870000E810020C8800120C1F8108048810A48EC
:101880000D730C3801F03DFD207807F021FD18B1F3
:1018900007E00020BDE8F08101221146207807F022
:1018A0003DFD0120F6E70000707B0020B80100201C
:1018B00070B5114C6268134605E09588854201D1E8
:1018C000FF2213E01268002AF7D151B1A2685AB181
:1018D0001568A56013606260908091600120D160FE
:1018E00070BD40F2031201E04FF4827203A10020A8
:1018F00007F0E0FB002070BDAC0100202E2E5C4301
:101900006F6D706F6E656E74735C70726F746F5C08
:10191000796D6F64656D5C796D6F64656D5F72651F
:1019200063762E630000000001460220FFF770BBC3
:1019300010B5124C00206080114801F043FD1048A2
:101940000C3001F03FFD0E491C23E039082201F163
:10195000F80001F0EBFC2078FF2804D109490020B1
:1019600007F07EFC20706078002806D101206070AE
:10197000BDE81040044807F069BB10BDB801002065
:10198000587B002075A70208B99F020810B586B0E1
:1019900000240094019400F017F8039001200490B3
:1019A0000220059000F0E6FC0649F3200860694635
:1019B00001A800F04BFC00B1012400F093FC06B03C
:1019C000204610BD0C3C024001461C4A00209142BA
:1019D00003D31B48814201D201207047194881423C
:1019E00001D2022070471848814201D2032070477B
:1019F0001648814201D2042070471548814201D225
:101A0000052070471348814201D2062070471248D2
:101A1000814201D2072070471048814201D208203C
:101A200070470F48814201D2092070470D4881421A
:101A300001D20A2070470B207047000000400008C8
:101A40000080000800C00008000001080000020833
:101A500000000408000006080000080800000A084A
:101A600000000C0800000E0870B50D460646002464
:101A700000F080FC0749F32008602A460023314625
:101A8000022000F039FC00B1012400F02BFC2046BC
:101A900070BD00000C3C024008B5FDEEC00AF2EE3D
:101AA000041A10EE903A00EE903AF8EEE00A30EEAA
:101AB000601AF6EE000A41EE210AFDEEE00A10EE91
:101AC000902A0A2A02DB00225B1C02E0002A00DACC
:101AD0005242B5EEC00AF1EE10FA00D223B10092E4
:101AE00003A205F0CFFA08BD0092002302A2F8E796
:101AF00025642E25640000002D25642E2564000039
:101B000078B50024009490F83C20012A19D00122D5
:101B100080F83C200A6807250368092A13D9DE6883
:101B20000A3A02EB42029540AE43DE600A788B68C7
:101B30000A3A02EB420293400268D5682B43D36015
:101B400010E0022078BD1E6902EB42029540AE43D0
:101B50001E610A788B6802EB4202934002681569A5
:101B60002B4313614A681F25072A13D203685E6B53
:101B7000521E02EB82029540AE435E630A8893B226
:101B80000A79521E02EB820293400268556B2B4386
:101B9000536327E003680D2A12D21E6BD21F02EB9B
:101BA00082029540AE431E630A8893B20A79D21F1F
:101BB00002EB820293400268156B2B43136311E022
:101BC000DE6A0D3A02EB82029540AE43DE620A887D
:101BD00093B20A790D3A02EB820293400268D56A09
:101BE0002B43D362164B0568144A9D4206D10D68FB
:101BF000122D03D1556845F48005556005689D4256
:101C000018D10B68102B01D0112B13D1536843F45A
:101C100000035360096810290CD10A490A4A09686F
:101C2000B1FBF2F101EB8101490000E0491E009196
:101C30000029FBD180F83C40002078BD0023014002
:101C4000002001400000002040420F000068C06CEE
:101C5000704770B504004FF0000603D0206C0025DB
:101C600010B107E0012070BD204600F01CF865644B
:101C700084F83C50206CC00610D4206C20F48850AE
:101C800040F0020020642046FEF754FF6564206C9B
:101C900020F0020040F00100206400E0012684F8FA
:101CA0003C50304670BD70472DE9F0410446006855
:101CB0000D4681684FF0000749050BD58068C005C7
:101CC00008D5206C40F02000206484F83C7001208E
:101CD000BDE8F08100F058FC064613E0681C11D006
:101CE00025B100F051FC801BA8420BD92068006888
:101CF000800707D4206C40F00400206484F83C7016
:101D00000320E5E7206800688007E7D521686FF0C9
:101D100012000860206C40F4007020642068816824
:101D200011F0405F13D1217E89B9C16A11F4700F9F
:101D300002D0806840050AD4206C20F480702064B2
:101D4000206CC00403D4206C40F00100206400200B
:101D5000BEE7000018B50022009290F83C1001295F
:101D600007D0012180F83C1001688B68DB0702D0A6
:101D700011E0022018BD8B6843F001038B602E49EF
:101D80002E4B0968B1FBF3F101EB410100E0491E64
:101D900000910029FBD101688B68DB0742D0036CFE
:101DA00040F20164A34343F4807303644B685B0512
:101DB00005D5036C23F4005343F480530364036C90
:101DC000DB0404D5436C23F00603436400E0426463
:101DD00080F83C201A4A6FF022030B6051680068BB
:101DE000CA06184906D0884224D1816811F0405FA4
:101DF00013D01FE08842F8D0134A904203D1D1F8A3
:101E00000423D206F1D0114A904213D1D1F8041321
:101E100001F01F011029E8D30CE0816841F08041F6
:101E2000816007E0016C41F010010164416C41F0F8
:101E300001014164002018BD0000002040420F0055
:101E40000023014000200140002101400022014008
:101E500090F83C1001290CD0012180F83C10016859
:101E60008A6822F001028A6001688968C90702D085
:101E700007E002207047016C21F4885141F0010114
:101E80000164002180F83C10084670472DE9F041BC
:101E90000446876D00F078FB054694F8350000266F
:101EA000022806D08020606584F834600120BDE8F7
:101EB000F0812068016821F0160101602068416905
:101EC00021F080014161206C08B9A06C20B120682C
:101ED000016821F0080101602068016821F001011A
:101EE00001600CE000F050FB401B052807D92020C2
:101EF0006065032084F8350084F83460D7E72068F3
:101F00000068C007EED194F85C103F208840B860AC
:101F1000012084F8350084F834600020C7E790F889
:101F20003510022903D08021416501207047052129
:101F300080F835100068016821F00101016000207F
:101F4000704700002DE9F84304464FF00009CDF832
:101F5000009063484FF41651A56D0068B0FBF1F78F
:101F60002E6894F85C20082101FA02F030420FD06C
:101F70002068026852070BD5026822F00402026052
:101F800094F85C008140A960606D40F001006065DC
:101F900094F85C104FF0010808FA01F0304208D0C4
:101FA00021684969090604D5A860606D40F0020007
:101FB000606594F85C1004208840304208D02168A5
:101FC0000968890704D5A860606D40F00400606569
:101FD00094F85C1010208840304218D021680968BD
:101FE000090714D5A86020680168490304D5006872
:101FF000000308D5A16C07E00168C90503D4016896
:1020000021F008010160216C09B12046884794F84D
:102010005C1020208840304231D021680968C90610
:102020002DD5A86094F8350005282068016806D0F1
:10203000490347D5006800031DD4616C1CE021F002
:10204000160101602068416921F080014161206C26
:1020500008B9A06C20B12068016821F00801016076
:1020600094F85C103F208840A86084F8358084F89C
:102070003490216D1FE0E16B09B120468847606D07
:1020800000282BD0606DC00714D0052084F83500DF
:102090002068016821F0010101600098401C009057
:1020A000B84203D820680068C007F6D184F83580AC
:1020B00084F83490E16C002910D001B02046BDE8CE
:1020C000F04308470168C905D5D4016821F0100123
:1020D000016084F8358084F83490CCE7BDE8F8835B
:1020E000000000202DE9F041044600F04DFA0546BD
:1020F0005CB1022084F83500002684F83460206842
:10210000016821F0010101600DE00120BDE8F081CE
:1021100000F03AFA401B052805D92020606503200D
:1021200084F83500F2E720680068C007F0D1216824
:102130000A6820480240D4E901031843D4E9033572
:102140002B43184363691843A3691843E369184391
:10215000236A18431043626A042A03D1D4E90B238B
:102160001A431043086020684069656A20F007013F
:1021700028460D43012704280CD1A06A0543E06AD4
:1021800040B12046FEF7E4FD20B14020606584F8B0
:102190003570BAE7206845612046FEF7C5FD94F822
:1021A0005C203F2191408160666584F83570002095
:1021B000ACE700003F8010F02DE9F0410446866D49
:1021C00090F83400002501280DD0012084F8340057
:1021D00094F835700020012F07D084F834000225D0
:1021E0002846BDE8F0810220FBE7022784F835701D
:1021F00060652046FEF7D6FD94F85C103F208840CD
:10220000B0602068016841F016010160206C20B1C7
:102210002068016841F0080101602068016841F010
:1022200001010160DCE7000070B5044600F0ACF984
:102230000546601C02D004480078044400F0A4F96C
:10224000401BA042FAD370BD040000202DE9F047E6
:10225000044622480E46017E01290AD0012180460B
:1022600001764CF250394846FFF76AF8020003D075
:102270002FE00220BDE8F0874FF0FF30306020688B
:10228000174F012801D0A5681CE0207C6168FEF78B
:10229000C5FF4846FFF754F80246386820F00400AE
:1022A000386014E0217C2846FEF766FF4846FFF7B9
:1022B00047F80200386820F07A00386001D03560B5
:1022C00005E06D1CD4E902100844A842EAD8FEF7E4
:1022D0007BFF002188F818101046CBE71000002083
:1022E000103C02400348016841F0004101600020B9
:1022F00070470000103C02402DE9F0471B4E054698
:102300001446307E1F468946012808D001203076C9
:102310004CF250384046FFF713F818B114E0022091
:10232000BDE8F0879DB1012D16D0022D19D02246AF
:102330003B464846FEF796FF4046FFF701F80C493A
:102340000A6822F001020A6000213176E8E7E1B272
:102350004846FEF777FFEFE7A1B24846FEF798FF41
:10236000EAE721464846FEF7A5FFE5E71000002012
:10237000103C0240074900200A68002A09DA054A91
:10238000054B0C3A1360054B13600968002900DA0D
:1023900001207047103C024023016745AB89EFCD17
:1023A0002DE9F84FDFF89C910022A9F1040B0327D7
:1023B0004FF00F0C09F1040AABF1040E01250B6874
:1023C00095402B40AB426ED10C7904F00304012CF4
:1023D00001D0022C15D18668540007FA04F826EAC9
:1023E0000806D1F80C8008FA04F848EA0608C0F894
:1023F00008804468AC430D79C5F30015954025432A
:1024000045600C79E443A40708D0C568540007FA76
:1024100004F6B5438E68A6402E43C6600C7904F0DE
:102420000304022C11D1D40800EB8406356A54074A
:10243000E40E0CFA04F825EA0805D1F8108008FA31
:1024400004F848EA0508C6F820800568540007FA31
:1024500004F6B5430E7906F00306A6402E43066047
:102460004C6814F4403F66D0374C256845F48045ED
:102470002560246822F0030504F480440094334C62
:1024800005EB0408D8F808589407260F0CFA06F450
:10249000A5432F4CA04201D1002424E02D4CA042A2
:1024A00002D101241FE046E02B4CA04201D10224BE
:1024B00019E02A4CA04201D1032414E0284CA04288
:1024C00001D104240FE0274CA04201D105240AE0E9
:1024D000254CA04201D1062405E0244CA04201D1A4
:1024E000072400E00824B4402C43C8F80848D9F871
:1024F00000404D464E689C43F60200D51C432C60BC
:10250000DAF8004055464E689C43B60200D51C439D
:102510002C60DBF800405D464E689C43B60300D556
:102520001C432C60DEF8004075464E689C43F60361
:1025300000D51C432C60521C102AFFF43FAFBDE8AD
:10254000F88F0000083C0140443802400030014050
:10255000000002400004024000080240000C02405B
:10256000001002400014024000180240001C02400B
:102570000AB1816170470904FBE700000148006867
:10258000000C7047002004E001488068704700009C
:102590000400002070B5040013D021684CF6CC4034
:1025A0000860216845F255500860D4E90001416097
:1025B0002168A0688860FFF7E7FF054641F601063D
:1025C0000CE0012070BDFFF7DFFF401BB04205D9D2
:1025D0002068C068800701D0032070BD2068C068F3
:1025E0008007F0D121684AF6AA200860002070BD5B
:1025F00000684AF6AA2101600020704702488168FD
:10260000027811448160704704000020094810B529
:10261000016841F400710160016841F4806101606A
:10262000032000F057F80F2000F006F800F024F81F
:10263000002010BD003C024070B50D4D04464FF423
:102640007A712878B1FBF0F00A490968B1FBF0F023
:1026500000F0EAFA48B9102C07D200222146501E99
:1026600000F018F800206C6070BD012070BD000003
:1026700004000020000000207047002809DB00F063
:102680001F02012191404009800000F1E020C0F8C4
:1026900000117047F0B40E4B1B68C3F30223C3F163
:1026A0000704042C00D904241D1D072D01D200238A
:1026B00000E0DB1E012606FA04F56D1E0D409D406C
:1026C0009E40761E164045EA0601F0BC04F022BD8D
:1026D0000CED00E0064A00F0070110684FF6FF031A
:1026E000184040EA01200349084310607047000089
:1026F0000CED00E00000FA052DE9F0470D4604005E
:1027000065D0DFF81491D9F80000EFB200F00700AF
:10271000A84207D289F80070D9F8000000F007003D
:10272000A84254D120683D4E810712D5400703D5F9
:10273000306840F4E05030602078000703D53068FE
:1027400040F4604030603068A16820F0F000084339
:1027500030602078C0072DD03049606808390128E2
:1027600012D0022813D0032811D009688907002944
:102770002DDA316821F0030101433160FFF704FFD6
:10278000804641F2883A0EE009688903EFE709685C
:102790008901ECE7FFF7F8FEA0EB0801514502D9EB
:1027A0000320BDE8F0873068616800F00C00B0EBF2
:1027B000810FEFD1D9F80010484601F00701A94276
:1027C00007D90770006800F00700A84201D0012077
:1027D000E7E72078400705D53068E16820F4E0504D
:1027E000084330602078000706D53068216920F45E
:1027F000604040EAC100306000F038F83168084AB3
:10280000C1F30311515CC8400649086006480068DE
:10281000FFF712FF0020C4E7003C024008380240E6
:102820009CA8020800000020080000200448054978
:1028300000680968044AC1F38221515CC8407047AE
:102840000000002008380240ACA8020804480549EE
:1028500000680968044AC1F34231515CC8407047BE
:102860000000002008380240ACA80208154810B546
:10287000006810F00C01144813D0144B04290FD039
:1028800008290ED10F4C241F216801F03F02216856
:10289000490207D52068C0F38810A0FB030106E0B9
:1028A000184610BD2168C1F38811A1FB0001002367
:1028B000FDF788FC2168C1F30141491C4900B0FBC8
:1028C000F1F010BD083802400024F40040787D018A
:1028D0002DE9F84F040075D02078DFF838A3C00741
:1028E000AAF1040548D00AF104000168C1F381018E
:1028F000012908D00068C0F3810002280AD1DAF863
:102900000000400206D52868800335D5606800289D
:10291000E1D031E06068B0F5803F10D0B0F5A02F75
:10292000286810D020F480302860286820F48020A7
:1029300028606068A0B1FFF727FE06460CE0286813
:1029400040F48030F4E740F480202860F7E7FFF798
:102950001BFE801B642871D828688003F7D50BE024
:10296000FFF712FE064604E0FFF70EFE801B642808
:10297000F1D828688003F7D42078DFF89C9280078C
:102980004FF0000B3DD5A348001D016811F00C0F5E
:1029900008D00068C0F3810002280AD1DAF80000EC
:1029A000400206D42868800715D5E068012809D1BF
:1029B00011E0E068B8B10120C9F80000FFF7E4FDBC
:1029C000064605E022E1FFF7DFFD801B0228C2D8A2
:1029D00028688007F7D52868216920F0F80040EAC8
:1029E000C10028600DE0C9F800B0FFF7CDFD064634
:1029F00004E0FFF7C9FD801B02281FD82868800764
:102A0000F7D42078000722D5824F84486169703757
:102A100071B101210160FFF7B7FD064604E0FFF741
:102A2000B3FD801B022809D838688007F7D50EE06F
:102A3000C0F800B0FFF7A8FD064605E082E0FFF70A
:102A4000A3FD801B02287DD838688007F7D4207842
:102A5000400765D56F484FF000083C300068C00063
:102A60000BD46C483C30016841F080510160006833
:102A70004FF0010800F080500090694F3868C005A1
:102A80000FD4386840F480703860FFF77DFD06464B
:102A900004E0FFF779FD801B022853D83868C00591
:102AA000F7D55C4FA0686C3701280FD0052838682F
:102AB00010D020F001003860386820F00400386041
:102AC000A068B0B1FFF760FD06460EE0386840F040
:102AD0000100F4E740F004003860F7E7FFF754FD29
:102AE000811B41F28830814263D838688007F5D570
:102AF0000DE0FFF749FD064606E0FFF745FD811BA7
:102B000041F28830814254D838688007F5D4B8F152
:102B1000000F05D03F483C30016821F08051016032
:102B2000A069B8B33B49091D0968C1F381010229B5
:102B300046D00228584606D0C9F86000FFF724FDA9
:102B4000044639E035E04F46C9F86000FFF71CFD48
:102B5000064604E0FFF718FD801B022829D82868E4
:102B60008001F7D4D4E907010843A16A2D4A490836
:102B700002EB0141626A41EA8211084394F82C1089
:102B800040EA0161CAF8001001203866FFF7FCFC3A
:102B9000044605E03CE0FFF7F7FC001B022808D8DC
:102BA00028688001F7D533E0FFF7EEFC001B022810
:102BB00002D90320BDE8F88F28688001F4D427E00B
:102BC0000128F7D0DAF80000E26900F480019142B0
:102BD0001CD1226A00F03F01914217D147F6C07123
:102BE000626A0140B1EB821F10D1A26A4FF0FF333D
:102BF00000F4403103EB5202B1EB024F06D194F8DE
:102C00002C1000F07060B0EB016F01D00120D1E713
:102C10000020CFE70438024000004742800E4742C0
:102C2000007000400000FFFF10B5401EB0F1807F33
:102C300001D3012010BD4FF0E02460610F21601727
:102C400004F068FA0020A06107202061002010BD78
:102C500010B5040003D094F83D0010B107E0012046
:102C600010BD002084F83C00204600F01EF8022031
:102C700084F83D00211D206803F07EF8012084F8CF
:102C8000460084F83E0084F83F0084F8400084F851
:102C9000410084F8420084F8430084F8440084F83A
:102CA000450084F83D00002010BD704790F83D10AD
:102CB000012901D001207047022180F83D100168F0
:102CC000CA6842F00102CA6000681149884214D003
:102CD000B0F1804F11D00F4988420ED00E49884282
:102CE0000BD00E49884208D00D49884205D00D49C5
:102CF000884202D00C49884204D1816801F0070162
:102D0000062903D0016841F00101016000207047ED
:102D1000000001400004004000080040000C00409A
:102D200000040140004001400018004038B504464E
:102D300090F84200202801D0022038BD71B16AB15C
:102D40000120206300206063204603F017FA02464A
:102D5000206B012804D00122104638BD012038BD67
:102D6000206801684068009020680C3050E8001F1F
:102D700041F0100140E80013002BF5D1ECE7000012
:102D800070B500680A4A904210D1002549B1094C3B
:102D90000A4604F13403201D194600F093FA01207D
:102DA000A0702846BDE8704006F0F2BF70BD00007C
:102DB000001001408006002070470000F8B501684F
:102DC00004460868CA684B6910F00F0F4FF0000501
:102DD00059D003F0010602F49077374365D0C1075C
:102DE00005D0D10503D5616C41F001016164410753
:102DF00005D5D90703D0616C41F0020161648107F8
:102E000005D5D90703D0616C41F004016164010765
:102E100007D502F02001314303D0616C41F0080175
:102E20006164616C00293AD0800604D5900602D511
:102E3000204603F0BCF820684069616CC0F3801044
:102E4000090700D460B3204603F07CF8206840698D
:102E5000400621D52068143050E8001F21F04001C1
:102E600040E80012002AF5D1E06BA8B17249016573
:102E7000E06BFFF754F8002811D0E06B016D01B052
:102E8000BDE8F040084783060FD593060DD52046D0
:102E9000BDE8F84003F08BB82046FFF78DFFF8BD82
:102EA0002046FFF789FF6564F8BD266B2023012EBD
:102EB0007ED1C6067CD5D6067AD5086848680090CB
:102EC00048694FF0020640064DD5E26B1068406835
:102ED0004FF480770004000C3AD0A18D814237D99D
:102EE000E085D069B8422DD020680C3050E8001F32
:102EF00021F4807140E80012002AF5D120681430D6
:102F000050E8001F21F0010140E80012002AF5D12D
:102F10002068143050E8001F21F0400140E8001202
:102F2000002AF5D184F84230256320680C3050E83F
:102F3000001F21F0100140E80012002AF5D1E06BDB
:102F4000FEF7A4FF6663A08DE18D401A81B206E012
:102F5000A18D8142A8D1D069B842A5D1666320462F
:102F6000FFF70EFFF8BDA08DE18D401A81B2E08D14
:102F70000028F7D00029F5D020680C3050E8002F49
:102F800022F4907240E80027002FF5D12068143019
:102F900050E8002F22F0010240E80027002FF5D171
:102FA00084F84230256320680C3050E8002F00E0A0
:102FB00006E022F0100240E80023002BF3D1CDE719
:102FC00005062BD5150629D594F841002128C9D12D
:102FD000A068B0F5805F01D12069B0B1206A411CC2
:102FE0002162216800784860E08C401E0004000CDB
:102FF000E084B7D12068C16821F08001C1602068F9
:10300000C16841F04001C160F8BD206A0088C0F38A
:1030100008004860206A801C2062E5E74006F3D57E
:103020005006F1D5CA68204622F04002CA6084F8F2
:10303000413000F051F8F8BD495E020870B5040057
:1030400004D094F84100002510B106E0012070BDC5
:1030500084F84050204600F023F8242084F84100F2
:103060002068C16821F40051C160204603F000F8D7
:103070002068016921F4904101612068416921F0D3
:103080002A0141612068C16841F40051C160656452
:10309000202084F8410084F842006563002070BD60
:1030A00070477047704790F84130202B01D00220C4
:1030B000704779B172B101628284C2840021416497
:1030C000212180F841100068C16841F08001C16091
:1030D000002070470120704700680C49884201D1E8
:1030E000002008E00A49884201D1012003E0094993
:1030F00088420AD102200021652210FB02F2064B11
:1031000003EB0212517006F07BBE704700100140C5
:10311000004400400048004080060020FEE7000018
:103120000148FFF765BA00000839002030B4154C9B
:103130001349154B21600621616040F6FF71A160C3
:10314000002153F82120C2EB0232B2EB401F0ED314
:103150000D4A1C3A400152F82120626053F82110B8
:10316000B0FBF1F0A06030B90120A06003E0491C81
:10317000C9B20729E5D330BC0248FFF70BBA0000FB
:10318000003000400839002068A9020830B519480D
:1031900087B0016841F0200101600068164D00F021
:1031A0002000059040200090012001900290032013
:1031B000039069462846FFF7F3F88021009169469D
:1031C0002846FFF7EDF8AC15694628460094FFF74E
:1031D000E7F8012240212846FFF7CAF901228021A1
:1031E0002846FFF7C5F9012221462846FFF7C0F916
:1031F00007B030BD303802400014024002600023A6
:10320000436081608B18C360836803618368436196
:10321000704770B5044605F0F3FED4E90001451A85
:1032200005F0F0FE284670BD10B503460AB900202F
:1032300010BD5868904201D20020F9E716E05C69A1
:10324000601C5861207801F8010BDC685869A042C5
:1032500001D398685861586820B998681861586116
:103260000020E5E75868401E5860521E002AE6D14B
:103270000120DDE770B5044605F0C2FE606820B9A4
:1032800005F0C0FE4FF0FF3070BD6169481C606101
:103290000D78E1686069884201D3A0686061606868
:1032A000401E606005F0AEFE2846EDE770B50446AE
:1032B00005F0A6FE656805F0A5FE284670BD01462E
:1032C00048687047F0B50346D3E90006851BAA425B
:1032D00001D90020F0BD00240FE011F8016B1F6937
:1032E000781C18613E70D3E90360B04201D398683E
:1032F00018615868401C5860641C9442EDD301204A
:10330000E8E778B171B1826841F8082D02685AB1D6
:103310008268516000224A6081600168491C016036
:1033200001207047002070474160F3E770B51446F4
:103330000D46064600F046F800280BD0083544B18B
:1033400029463046FFF7DDFF002803D01D44641EE8
:10335000F6D1012070BD02000DD061B110680028C7
:1033600008D0401E106051E9023033B1586030B1CE
:1033700040F8083B7047002070475060F7E79360C3
:10338000F9E710B540B1016831B14468083421460D
:10339000FFF7E1FF204610BD002010BD20B10168FD
:1033A00011B140680830704700207047002804D0F1
:1033B00050F8040C002800D008307047002800D0D6
:1033C00000687047002804D00021416081600160DE
:1033D000012070473EB50E484178002916D00024E0
:1033E000447001230BA250210F4803F04BFE0E48FE
:1033F000FCF777FF83B241F288300121CDE900105C
:10340000094A0294002109A003F0D6F83EBD00004D
:103410008400002041542B434950434C4F53453DB9
:1034200025750D0A00000000184E00204F4B0000CB
:1034300001280FD10848417811B1C168491CC16009
:103440000021417081704368002B03D00022114697
:103450000220184770470000840000200148C0681F
:103460007047000084000020012805D1034843680C
:10347000002B01D001201847704700008400002075
:1034800010B502F027FF18B102F0D8FE022801D0D3
:10349000002010BD012010BDFEB514460D460646A5
:1034A000FFF7EEFF10B1124B587808B10020FEBDB7
:1034B0005C60CDE9006501230EA25021154803F0A0
:1034C000E1FD144914A003F0CDFD1248FCF709FFFB
:1034D00083B2144A42F2107102208DE807000D4AAF
:1034E00011A113A003F068F80028E0D00120FEBD70
:1034F0008400002041542B43495053544152543DC1
:1035000025752C22544350222C222573222C2575FC
:103510000D0A0000184E00205B6C696E6B5D202563
:1035200073000000353502084552524F520000002A
:103530004F4B000010B5114C6368002B1DD00021CB
:10354000A0B1012805D0E078401CC0B2E07003288B
:1035500005D3E1700AA003F085FD02F0DDFE002234
:10356000636811460320BDE8104018470120E17050
:103570000022607011461046F5E710BD840000205F
:103580005B6C696E6B5D206F70656E206661696C47
:103590002C2072657365742077696669206D6F648D
:1035A000756C650D0A00000070B50A4C154662780E
:1035B0000AB1A2780AB1002070BD8AB20146064B5A
:1035C000012002F089FF0028F6D00120A070A5603C
:1035D00070BD000084000020DD35020870B50C4984
:1035E000054600208C6888708860012D05D1C87060
:1035F00008A003F037FD02F08FFE002C07D025B1A4
:103600000020A446BDE8704060470120F9E770BD86
:10361000840000205B6C696E6B5D2073656E6420B6
:103620006F76657274696D652C20726573657420A0
:1036300077696669206D6F64756C650D0A0000001E
:1036400010B50D4C6078002815D002F0F7FD022867
:1036500011D000206070A070E068401CE06007A0FE
:1036600003F000FD6368002B05D00022BDE8104088
:1036700011460220184710BD840000205B6C696E63
:103680006B5D2077696669206C6F73742C206C69A0
:103690006E6B20646F776E0D0A0000003EB50E4819
:1036A0004178002916D00024447002230BA2502137
:1036B0000F4803F0E7FC0E48FCF713FE83B241F21B
:1036C00088300121CDE90010094A0294002109A0A7
:1036D00002F072FF3EBD00009400002041542B43D5
:1036E0004950434C4F53453D25750D0A00000000DD
:1036F000684E00204F4B000002280FD10848417847
:1037000011B1C168491CC1600021417081704368DA
:10371000002B03D0002211460220184770470000FA
:10372000940000200148C068704700009400002009
:10373000022805D103484368002B01D00120184717
:10374000704700009400002010B502F0C3FD18B1CE
:1037500002F074FD022801D0002010BD012010BD30
:10376000FEB514460D460646FFF7EEFF10B1124BAC
:10377000587808B10020FEBD5C60CDE900650223E9
:103780000EA25021154803F07DFC144914A003F04B
:1037900069FC1248FCF7A5FD83B2154A42F210718C
:1037A00002208DE807000D4A12A114A002F004FFC8
:1037B0000028E0D00120FEBD9400002041542B439E
:1037C000495053544152543D25752C2254435022A4
:1037D0002C222573222C25750D0A0000684E00202E
:1037E0005B6C696E6B2D6F74615D2025730000004A
:1037F000013802084552524F520000004F4B000062
:1038000010B5114C6368002B1DD00021A0B1012818
:1038100005D0E078401CC0B2E070032805D3E17009
:103820000AA003F01FFC02F077FD00226368114636
:103830000320BDE8104018470120E17000226070AD
:1038400011461046F5E710BD940000205B6C696ED0
:103850006B2D6F74615D206F70656E206661696CA1
:103860002C2072657365742077696669206D6F64BA
:10387000756C650D0A0000000248002181708160AE
:10388000704700009400002070B50A4C154662781D
:103890000AB1A2780AB1002070BD8AB20146064B77
:1038A000022002F019FE0028F6D00120A070A560C9
:1038B00070BD000094000020BD38020870B50F4DA7
:1038C00006460146AC680EA0224603F0CBFB002062
:1038D000A870A860012E05D1E87015A003F0C2FB06
:1038E00002F01AFD002C07D026B10020A446BDE846
:1038F000704060470120F9E770BD0000940000208F
:103900005B6C696E6B2D6F74615D204C696E6B4FE3
:10391000746153656E64446F6E6520726573756C77
:10392000743D25642C20646F6E653D25700D0A0082
:103930005B6C696E6B2D6F74615D2073656E6420C6
:103940006F76657274696D652C207265736574207D
:1039500077696669206D6F64756C650D0A000000FB
:1039600010B50D4C6078002815D002F067FC0228D5
:1039700011D000206070A070E068401CE06007A0DB
:1039800003F070FB6368002B05D00022BDE81040F7
:1039900011460220184710BD940000205B6C696E30
:1039A0006B2D6F74615D2077696669206C6F73742D
:1039B0002C206C696E6B20646F776E0D0A0000001E
:1039C00070B598B014000D46064600D1074C684605
:1039D00000F056F82A463146684600F067F8694616
:1039E000204600F005F818B0204670BD0471002094
:1039F0002DE9F0470C460646D4E9048194F85800B6
:103A000092B000F03F008946382802D2C0F1380752
:103A100001E0C0F1780748216846FCF73BFC8020B4
:103A20008DF800000025EA46EA0040464946FCF7CA
:103A3000FAFB7A196D1C0AF80200082DF4DB07F175
:103A400008026946204600F031F800222168D000C3
:103A5000C140B1546368C340B1180B71A368C3403F
:103A60000B72E368C340521C0B73042AEEDB5C212B
:103A70002046FCF70FFC12B00120BDE8F0870000E3
:103A800010B504465C21FCF705FC0648206006489A
:103A900060600448C043A0600348C043E060012068
:103AA00010BD00000123456789ABCDEF2DE9F04142
:103AB0000E4601690446154601EBC5008142616965
:103AC00001D9491C616101EB5571C4E90401A16D83
:103AD00004F11808C1F1400701EB0800BD4206D20D
:103AE0003146FCF7B0FBA06D2844A06518E03A46CB
:103AF0003146FCF7A8FB4146204604F0A7FF3E44B0
:103B0000ED1B05E03146204604F0A0FF403D403665
:103B1000402DF7D22A4631464046FCF794FBA56576
:103B20000120BDE8F0810000114882B00021026848
:103B300042F48002026000680E4A00F480000090A7
:103B40000D48C0E90021802282609200C2605200CC
:103B5000C0E90421D2018161C0E907120422426256
:103B60000322C0E90A21016302B0FEF7BBBA0000DC
:103B70003038024010640240C4010020FEE7704764
:103B800010B504463021FCF785FB1B21217010BDC8
:103B900010B5084C207850B101F0B8FFA1686268F8
:103BA000401A00214FF47A73E2FB030110BD00209C
:103BB000014610BDA400002010B5074C2078002855
:103BC00009D001F0A3FFA168401A4FF47A71B0FB4D
:103BD000F1F06168084410BDA400002010B54FF05A
:103BE000FF33C0B1302916DB017801F00701042949
:103BF00011D1417879B10F290DD830F8281F49BA71
:103C000084780904C07841EA042101430548064C40
:103C10000844A04201D3184610BD0448084410606F
:103C2000002010BD003EE84301E8D5418081557C6D
:103C300070B50B4D0446686001F068FFA860012074
:103C40002870214607A000F08DF804F5E1410AA094
:103C500000F088F82146BDE870400CA003F002BADD
:103C6000A40000206E74702074696D652075746303
:103C700020202020000000006E74702074696D65A3
:103C8000206265696A696E67000000006E747020CA
:103C9000756E69782065706F63683A20256C750DC4
:103CA0000A0000000148007870470000A4000020CE
:103CB000F0B5294C001901D4044601E0274C044416
:103CC000274D48F6AC6694FBF5F5244C641E05FBC5
:103CD000040040F2B45490FBF4F490FBF6F6041B9D
:103CE00034441F4E761E90FBF6F6A41B40F26D1670
:103CF00094FBF6F4642694FBF6F740F26D164FEA57
:103D0000E47C664304EB9C7C06EBAC06F61B861B4E
:103D100006EB86009927801C90FBF7F000EB00175C
:103D200007EBC7074FF0050CBF1C97FBFCF7F61B12
:103D3000761C0A2801DAC01C00E0093805EBC5072B
:103D400007EB051504EB0514022800DC641C0C804D
:103D500010701E70F0BD00006CFA0A0050C5FDFF27
:103D6000B13A020030B50546164887B0B1FBF0F213
:103D700000FB1214B1FBF0F006AB04AA05A9FFF793
:103D800097FF4FF46160B4FBF0F2B4FBF0F100FB7D
:103D900012423C20B2FBF0F2B4FBF0F300FB134004
:103DA000C9B29DF81830D2B2CDE90031CDE9022078
:103DB0009DF81030BDF81420294603A003F052F9F5
:103DC00007B030BD8051010025733A20253034758D
:103DD0002D253032752D2530327520253032753A3B
:103DE000253032753A253032750D0A0070B504461B
:103DF0002DED068B002500789FED278B2D2801D116
:103E00000125641C9FED26AB20783038092811D895
:103E1000FCF722FC41EC190B53EC1A2B51EC180B5C
:103E2000FCF7A8FB53EC192BFCF7FDFA41EC180B3F
:103E3000641CE9E720782E281FD19FED1B9BB0EE74
:103E400049AAF0EE69AA13E0FCF706FC53EC192B23
:103E5000FCF790FB53EC182BFCF7E5FA41EC180B40
:103E600053EC1A2B51EC190BFCF784FB41EC190BAA
:103E700014F8010F30380928E6D945B151EC180B78
:103E800081F0004141EC100BBDEC068B70BDB0EE33
:103E9000480AF0EE680AF7E70000000000000000A2
:103EA00000000000000024409A9999999999B93F1F
:103EB00070B50F4C00250520A5706571A5712572A0
:103EC0006572257100F098FBE1690AA0491CE16167
:103ED00003F0C8F804F0A6FC806880470920A5819B
:103EE00060702078BDE870400122642105F016BAA8
:103EF000B00000205B6F6E656E65745D2072656357
:103F00006F6E6E65637420636F756E743A202575ED
:103F10000D0A000004490022CA7008B1012000E027
:103F20000220087170470000B000002010B5044660
:103F300004F078FC4368054A214605489847002864
:103F400002D004490120C87010BD0000153F0208CE
:103F5000B8500020B00000207CB5022000F04CFBDF
:103F6000FFF7A0FE20B1FFF727FE1A49084400E042
:103F700019481A4DC821CDE9005105F54874D4E916
:103F80000512236904F086FF08B115A01CE013494F
:103F900019A003F067F83C20CDE90050D4E90223D2
:103FA0004FF48061174804F0BFFD00280BDD80B29C
:103FB000FFF7BCFF38B114480021017141718181C4
:103FC000042141707CBD11A003F04CF8BDE87C4099
:103FD000FFF76EBF008D270004B4A36FD8570020F1
:103FE000746F6B656E206275696C64206661696CC4
:103FF00065640D0A00000000746F6B656E3A202541
:10400000730D0A00B8500020B0000020636F6E6E80
:104010006563742073656E64206661696C65640D08
:104020000A0000001FB50178244A01F0F001902930
:104030002BD00CDC202911D0302907D1694604F09F
:1040400045FE002802D1684600F0E0F81FBDC029F7
:1040500021D0D029FAD1002010721FBD4168022959
:1040600002DB83685B7823B1022906DB8068417834
:1040700005E00120507112A01AE04FF0FF3117A0A7
:1040800004B0BDE8104002F0EDBF9079401CC1B211
:10409000917119A0F4E71BA002F0E4FF04F0C2FB49
:1040A000002243680221234898470028D5D122A046
:1040B00004B0BDE8104002F0D5BF0000B000002001
:1040C0006D71747420636F6E6E656374656420280F
:1040D000434F4E4E41434B290D0A0000636F6E6EF5
:1040E00061636B20726566757365642C20636F6411
:1040F000653D25640D0A000073756261636B2025C0
:10410000750D0A005B6F6E656E65745D2070696E7B
:10411000677265712066726F6D2073657276657265
:104120002C207265706C792070696E67726573708F
:104130000D0A000098AA02085B6F6E656E65745DDB
:104140002070696E677265737020627573792C20B8
:1041500064726F707065640D0A0000000EB5194B33
:1041600040B1012808D002281FD0032801D1022025
:1041700018710EBD0120FBE7084691B204F0F2FD74
:104180000DE09DF8000004F051FE01460EA0019ADA
:1041900002F068FF6846FFF745FF04F0C7FD684678
:1041A00004F00CFE0028ECD00EBD58780028FBD09F
:1041B0000928F9D00AA002F055FFBDE80E40FFF72C
:1041C00077BE0000B00000206D7174742072783AE0
:1041D0002025732C2025642062797465730D0A00F4
:1041E0005B6F6E656E65745D206C696E6B20636CD1
:1041F0006F736564206279207365727665722C2016
:104200007265636F6E6E6563740D0A0070B5044667
:10421000C56840F25720CCB0854200DB05462A46EF
:104220003D48A168FCF70FF83B4900203A4A485541
:104230003AA0616802F016FF41496068FCF758F83F
:104240004FF0FF35C8B13E4960688031FCF750F847
:1042500098B13C496068FCF74BF8002827D03949F1
:1042600060688031FCF744F800284FD0E1684CB01A
:1042700035A0BDE8704002F0F5BE40236A4610A9A3
:104280002548109505F0EAFA28B1234937A002F035
:10429000E9FE4CB070BD109A3AB1C82A05D039A1D8
:1042A0006B463AA002F0DEFEF3E741A1F8E703AE69
:1042B000A024194805F026FB20B34FF4C872C82A81
:1042C00022D03CA03D490091CDE901203CA3002231
:1042D0002146304604F05EF9002801DDA02800DB0D
:1042E0002846041ED5DD3F483FA2816900914369FD
:1042F00080212BA802F0C6FE224603A92BA800F0BD
:10430000DBF8C6E7C822DAE740A0DBE74CB002489A
:10431000BDE8704005F012BAA0580020706C6174BE
:10432000666F726D206D7367206F6E2025730D0AA6
:1043300020207061796C6F61643A2025730D0A004A
:10434000B84E0020B84F0020756E6D6174636865CB
:104350006420746F7069632C202564206279746511
:10436000732069676E6F7265640D0A007265706C08
:104370007920756E7061727365643A2025730D0A39
:10438000000000006661696C656400007265706F12
:1043900072742025732C20657272636F64653D25ED
:1043A00064206572726D73673D25730D0A0000000D
:1043B0006F6B00006661696C656400007401002029
:1043C0007B226964223A222573222C22636F646562
:1043D000223A25642C226D7367223A222573227DAE
:1043E00000000000F85A0020247379732F25732FE2
:1043F00025732F7468696E672F70726F70657274A1
:10440000792F7365745F7265706C7900737563637F
:104410006573730010B5E2B04FF4807101A803F02A
:1044200089FD0446042000F0E7F8002C0DDD0E485D
:104430000EA2816900914369802141A802F022FE09
:10444000224601A941A800F037F8124C0120A070C3
:1044500001F05CFB6061A061002060723C210EA055
:1044600002F000FE62B010BDF85A00202473797388
:104470002F25732F25732F7468696E672F70726FE5
:1044800070657274792F646573697265642F6765EE
:1044900074000000B00000206F6E656E6574206FC0
:1044A0006E6C696E652C206B656570616C697665F4
:1044B000202575730D0A0000F8B5154D0646144603
:1044C000E8780F4618B113A002F0CCFD11E0314698
:1044D00019A002F0C7FD3B4632464FF480611A48EE
:1044E000009404F083FB041E05DC314617A002F0A3
:1044F000B9FD0020F8BD04F095F943681B4A214638
:10450000114898470028F5D00120E870F8BD000058
:10451000B00000206F6E656E65742074782062753F
:1045200073792C207075626C6973682064726F7087
:104530007065640D0A0000006D7174742074783A1F
:104540002025730D0A000000B85000207075626CC1
:10455000697368207061636B206661696C65642CA7
:1045600020746F7069632025730D0A00A949020841
:1045700010B5A2B0FCF7F4FF002818D14FF4487131
:104580000C4803F031FD041E11DD0B480BA28169BC
:1045900000914369802101A802F074FD21460FA01B
:1045A00002F060FD2246034901A8FFF785FF22B013
:1045B00010BD0000B8540020F85A0020247379730D
:1045C0002F25732F25732F7468696E672F70726F94
:1045D00070657274792F706F7374000070726F70F1
:1045E0006572747920706F73742028256420627955
:1045F000746573290D0A00000D498A7A824215D02C
:10460000887206280ED2DFE800F00D030507090BBB
:1046100008A108E008A106E009A104E00BA102E05E
:104620000CA100E00DA10FA002F01CBD704700001E
:10463000B000002074637000636F6E6E6563740079
:104640007375627363726962650000006F6E6C69F6
:104650006E6500007265636F6E6E00006F66666C5B
:10466000696E65005B6F6E656E65745D2073746165
:1046700074653A2025730D0A0000000010B5A2B041
:104680000320FFF7B9FF1548816900914369144879
:10469000A0F1B404E17950F82120802101A802F0B2
:1046A000F1FC002301AA4FF480610E4804F0D2FA15
:1046B00000280DDD80B2FFF739FC48B1E079401CDD
:1046C000E07100202071A0810620607022B010BD32
:1046D00005A002F0C7FCFFF7EBFBF7E7F85A002054
:1046E00064010020B85000207375627363726962C0
:1046F000652073656E64206661696C65640D0A00EF
:1047000070B50120FFF778FF0F4C0026267104F0EA
:1047100089F80E4D03680E4AA9882868984738B171
:10472000AA880CA0296802F09DFC0220607070BD70
:104730000FA002F097FC66702078BDE8704001225F
:10474000642104F0EBBD0000B0000020F85A002006
:104750005D4102085B6F6E656E65745D20636F6E10
:104760006E656374696E672025733A25750D0A00BE
:104770005B6F6E656E65745D206F70656E2072652F
:104780006A65637465642C2077616974206C696E56
:104790006B2072656164790D0A0000002DE9F0411B
:1047A0005A4D002629466C788A890878521C097966
:1047B0004FF47A7392B20A2C70D2DFE804F005A0AD
:1047C00012A02131374E579404F02CF8C06880476E
:1047D00018B1BDE8F041FFF793BF012264212878AA
:1047E00089E0012908D002297ED1494882880168E0
:1047F00048A002F037FC72E0BDE8F041FFF7ACBB27
:104800006C791CB16E71AE81052119E0022966D068
:10481000AA819A4201D347A05FE001220A216AE0FF
:10482000AA81C82AF9D3EE71AE710BE0022956D0E5
:10483000AC79E9798C4209D3042903D3AE810721ED
:104840006970EAE7BDE8F041FFF718BFAA819A4214
:10485000E3D33DA002F006FC41E0AA81B2F5FA7F65
:10486000DBD3FFF7D7FD08206870B6E701F04EF9FB
:104870000446287902280FD0A86944F62061201A3E
:104880000127884203D3FCF76BFE40B1AC61E878A6
:1048900042F2107828B118E031A01EE02FE06F72CC
:1048A000F5E7687A50B1384804F09AF980B2FFF71A
:1048B0003DFB50B12F726E72AC6109E06869211A3C
:1048C000414502D36C61FFF753FE287A002884D05B
:1048D000A869211A414580D92CA002F0C3FBBDE88C
:1048E000F041FFF7E5BA00E00DE0AA81322A00D3DB
:1048F0006E7001226421BDE8F04104F00FBDBDE8F7
:10490000F04104F02FBDBDE8F0810000B0000020B0
:10491000F85A002074637020636F6E6E65637420B4
:10492000746F2025733A2575206661696C65640D86
:104930000A000000636F6E6E61636B2074696D65C1
:104940006F75740D0A00000073756261636B2074EB
:10495000696D656F75743A2025750D0A00000000B9
:104960005B6F6E656E65745D2070696E6720736540
:104970006E64206661696C65642C206C696E6B20C6
:104980006C6F73740D0A0000B85000206E6F2070B9
:10499000696E67726573702C206C696E6B206C6F2A
:1049A00073740D0A00000000084910B50022CA7097
:1049B000002809D14878082806D105A002F052FB4A
:1049C000BDE81040FFF774BA10BD0000B000002031
:1049D0005B6F6E656E65745D207075626C6973687F
:1049E0002073656E64206661696C65642C20726555
:1049F000636F6E6E6563740D0A00000070B5054C40
:104A00000025207920B103F011FF806880472571CF
:104A1000657170BD145B002010B5FFF743F920B13C
:104A2000FFF7CAF80249084410BD024810BD000053
:104A3000008D270004B4A36F2DE9F041264E1446E3
:104A400068B1002701280FD0022832D003282ED1C8
:104A50000220F07021A0BDE8F04102F003BB01206C
:104A6000F070307123A0F6E71B48D6F8902AD0F8F2
:104A70008C0A002A0BDDD6F8983A1A44031993429F
:104A800005DD121A002A12DDA31A19441446021970
:104A9000B2F5206F0BDC104D22468C352844FBF715
:104AA000D2FBD6F88C0A2044C6F88C0A4755BDE8DC
:104AB000F08116A002F0D6FA37717771707812285B
:104AC00005D00028F3D0BDE8F04100F095B8BDE86E
:104AD000F041FCF75DBC0000145B00205B6F74616B
:104AE0005D20746370206F70656E206661696C650F
:104AF000640D0A005B6F74615D2074637020636FE6
:104B00006E6E65637465640D0A0000005B6F74610E
:104B10005D206C696E6B20636C6F7365640D0A00B9
:104B200070B5264823A10646FBF7BFFB4FF0FF35C3
:104B300080B1224C8C3C001B8838C4F8900AD4F811
:104B40008C1A081AC4F8940A1DA13046FBF7ADFB75
:104B500010B106E0284670BD1DA13046FBF7A5FB4D
:104B600048B10F3000E0401C01782029FBD0FBF752
:104B70004DFCC4F8980AC4F89C5A19A13046C4F8F0
:104B8000A05AFBF792FB98B119A1FBF78EFB78B105
:104B9000801D0546FBF73AFCC4F89C0A2D212846E7
:104BA000FBF795FB20B1401CFBF730FCC4F8A00AD2
:104BB000002070BD0D0A0D0A00000000A05B00205F
:104BC000436F6E74656E742D4C656E6774683A0041
:104BD000636F6E74656E742D6C656E6774683A00F1
:104BE000436F6E74656E742D52616E67653A000096
:104BF000627974657320000070B5114C00256570F2
:104C0000A570E57025716571E58000F07FFFA060FB
:104C1000681EC4E91A0525676567A567C4E91F50C2
:104C2000C4F88450C4F88850C4F88C5AC4F8905A18
:104C3000C4F8945AC4F8985AC4F8345D70BD0000A2
:104C4000145B002070B5164C05460E46607920B105
:104C500014A002F007FA002070BD16A002F002FABC
:104C60002A46314619A002F0FDF90023E370C4F88A
:104C70008C3A0B48C4F8903A4FF420618C30C4F859
:104C8000983AFBF707FB03F0D1FD4368114A314620
:104C9000284698470028DFD00120607170BD0000D1
:104CA000145B00205B6F74615D2074782062757303
:104CB000790D0A005B6F74615D2074782025642093
:104CC00062797465733A0D0A00000000252E2A737C
:104CD0000D0A0000F15A02082DE9F04FFE4F8FB087
:104CE0003B4697F801C0D888D978401C82B203F6B9
:104CF000A420029003F140000E9003F6313403F13A
:104D00008C06D3F88C0A00251B784FF0080B4FF463
:104D10007A7A4FF40079BCF1130F4AD2DFE80CF035
:104D20000A122A4950498F49ECEBEA49E9E849E778
:104D300049E6E500B87810B1BD7001207870012215
:104D400064213BE003F072FDC068804750B1FD7004
:104D500003F06CFD0368E14A5021E1A0984728B1B7
:104D6000022025E1012238786421F6E3E2A002F076
:104D700079F91EE0012906D002291AD0FA8052459D
:104D80007ED3E3A0EBE3FFF747FECDE90049E6A3BE
:104D9000F1A2F4A104F086FCC7F8340D002806DD6A
:104DA00001462046FFF74EFF08B104203AE0FFF726
:104DB00025FE0FB0BDE8F04FFFF71EBF1846D4E741
:104DC00002290BD0002832DDE9A13046FBF76DFA4D
:104DD00000282CD0D7F8900A10B103E0E6A0D1E764
:104DE000FFF79EFED7F8900A00287DDDD7F8981AC5
:104DF0000844D7F88C1A884276DCFFF70DFEE5A24E
:104E00008DE81402C8A3D4A2D6A104F03BFBC7F8D6
:104E1000340D0028CBDD01462046FFF713FF0028A4
:104E2000C5D006207870FD800FB0BDE8F08FF888FF
:104E3000401C80B2F880504556D3D8A0A2E7022982
:104E40000BD000287BDDCAA13046FBF72EFA0028E4
:104E50007AD0D7F8900A10B103E0D6A092E7FFF716
:104E60005FFED7F8900A0028BFDDD7F8981AD7F868
:104E70008C2A01449142BFDC974930440C3100E058
:104E800079E304F091FA08B1D1A07BE7F868002833
:104E900058D13969002955DD7A69D4A010370E9BA5
:104EA00002F0E0F83868B8657868C7E917054FF48C
:104EB000806078664FF0FF30C7E91B507D6700F0D7
:104EC00025FEB8677B6EF96DC818401E90FBF3F2A3
:104ED000D2A0BA6602F0C6F80298FEF7D1FDF86DCE
:104EE000103FFCF75DFB08E0B1E0FBE3FBE3EBE325
:104EF000A9E341E325E3CCE22EE008B37E6FF86E30
:104F0000761EB04200DC461EFFF786FDCDE9026446
:104F1000CDF810900195B96E009183A38EA291A156
:104F200004F0E4FAC7F8340D002858DD01462046A5
:104F3000FFF788FE002852D087F801B073E703E03E
:104F4000C4A01FE7CAA01DE7F888401C80B2F88003
:104F500050457CD3CCA015E7022927D0002807DDD7
:104F600083A13046FBF7A1F910B1D7F8900A08B336
:104F7000D7F8900A00286BDDD7F8981AD7F88C2A52
:104F80000844904264DCC7F8941AC5A13046FBF788
:104F90008CF900B307F52961B84606C9C5A0D7F852
:104FA0008C3A02F05FF8386FD0B130E0CDA062E209
:104FB000787046E3FFF7B4FDD6A0D7F88C3AD7F85F
:104FC000982AD7F8901A02F04DF8B5A13046FBF7B1
:104FD0006CF900283BD13146DDA002F043F86BE3C9
:104FE000D8F8940A202812DBE4A002F03BF800274E
:104FF000D8F8901A07F18C004144095CE4A002F053
:1050000031F87F1C202FF3DB77A002F02BF8D8F8C3
:10501000941A474600292DDDD7F8900A3044FCF752
:10502000D7FA002856D007F5296005C88119DAA0FB
:1050300002F018F807F5296005C881190298FEF7F3
:1050400035FDD7F8941A386F43183B6701E085E2C5
:1050500008E2D7F884106420491C03FB00F2C7F86B
:105060008410F86E92FBF0F2CDE90002D3A0BA6F83
:1050700001F0F8FFD7E91B0181422CDBD8480299E7
:10508000FEF7B6FC97F80C0B0AAE97F80F3B97F8B3
:105090000E2B97F80D1B86E80F0097F8080B06AE4D
:1050A00097F80B3B97F80A2B97F8091B86E80F0037
:1050B00097F8040B02AE97F8073B97F8062B97F882
:1050C000051B86E80F0097F8031B97F8020BCDE944
:1050D000000187E19AE1C3E1145B0020394A02082C
:1050E000696F742D6170692E6865636C6F75647388
:1050F0002E636F6D000000005B6F74615D206F7048
:10510000656E2072656A65637465640D0A0000004F
:105110005B6F74615D206F70656E2074696D656F83
:1051200075740D0A0000000054484E704F45686BBE
:1051300063465658623156425346453562304A6E90
:10514000576D5A4462464242636D4A5955557479C7
:10515000516B4D3D00000000736D617274646170AD
:105160000000000058394463696F3563493000001E
:105170000D0A0D0A000000005B6F74615D2076650A
:105180007273696F6E2073656E64206661696C6509
:10519000640D0A00312E302E300000005B6F746108
:1051A0005D2076657273696F6E2074696D656F75C9
:1051B000740D0A005B6F74615D20636865636B202A
:1051C00073656E64206661696C65640D0A00000099
:1051D0005B6F74615D20636865636B2070617273DF
:1051E00065206661696C65640D0A00005B6F74611F
:1051F0005D2075706772616465207461736B3A201D
:105200007469643D25642C2073697A653D25642C9E
:10521000206D64353D25730D0A0000005B6F7461DD
:105220005D20646F776E6C6F616420706C616E3AA4
:105230002073697A653D25642C2025642063687598
:105240006E6B7320782025642062797465730D0A73
:10525000000000005B6F74615D20737461727420E4
:10526000757064617465206661696C65640D0A001F
:105270005B6F74615D206E6F20757067726164652D
:10528000207461736B0D0A005B6F74615D2063684D
:1052900065636B2074696D656F75740D0A0000009D
:1052A000323036205061727469616C20436F6E74C5
:1052B000656E74005B6F74615D20626F64793A2083
:1052C0006F66667365743D25642C206C656E3D25A4
:1052D000642C20726573705F6C656E3D25640D0AE9
:1052E000000000005B6F74615D20646F776E6C6F0F
:1052F00061642073656E64206661696C65642C204E
:105300007761697420616E642072657472790D0A28
:10531000000000005B6F74615D2068656164657208
:105320003A206F66667365743D25642C20636F6E4A
:1053300074656E745F6C656E6774683D25642C20BF
:10534000726573705F6C656E3D25640D0A00000028
:105350005B6F74615D20646F776E6C6F6164206554
:1053600072726F723A2065787065637420323036DD
:105370002C20676F742025730D0A00005B6F746129
:105380005D20626F647920686561643A0000000006
:1053900020253032580000005B6F74615D206D6421
:1053A00035207570646174653A20646174614025CC
:1053B000702C206C656E3D25640D0A005B6F746176
:1053C0005D206368756E6B2025642F25643A202567
:1053D000642F2564202825642525290D0A00000056
:1053E00014660020EE4897F8013B97F8002BEB4934
:1053F000064601F061FE30460E99FAF779FF38B1A2
:105400003246E8A00E9901F02DFE55E1F1A0A1E091
:1054100000F07CFBD7F88810461AF5A001F022FEB8
:105420003346F949F9A0FA6E01F01CFEFFF7F4FAD1
:10543000BA6E64238DE81C02AFF21433AFF2E82297
:10544000AFF2E02104F0DEF8C7F8340D0028DCDD0F
:1054500001462046FFF7F6FB0028D6D00F20E1E4F6
:105460000920A5E5F88840F2DC51401C80B2F880A4
:10547000884273D3F1A001F0F5FD7D7103F0D6F9F8
:1054800040698047F86F401CF8670328BDDA0A209E
:105490008EE5FA800A2A6ED3386F64214843F96E8C
:1054A00090FBF1F00A2190FBF1F000EB8000460048
:1054B000D548D7F8801020380029D0F8840003DAC6
:1054C000012801DB002605E0022823DBB14221DAB6
:1054D000642E1FDA3146E4A001F0C4FDFFF79CFA08
:1054E000AFF2BC33BA6ECDE90026AFF29432AFF220
:1054F0008C31CDE9024904F085F8C7F8340D002855
:1055000008DDC7E9206501462046FFF79BFB08B18F
:105510000C204DE5386F796F80464618F86E761E80
:10552000B04200DC461EB86F0090D7F88430324697
:105530004146D6A05B1C01F095FD57E087F801B00D
:105540007FE0FA80322AA6D3F96F491CF967032954
:1055500006DBD9A001F086FDAEE0A8E072E05AE2D9
:10556000DFA001F07FFDD7F8341D2046FFF76AFB6E
:105570000028E3D1A0E0A3E04FF00D0802290BD0F2
:1055800000284EDDAFF218413046FAF78EFEE0B348
:10559000D7F8900A10B10EE0DCA049E0FFF7C0FA9E
:1055A000E6A0D7F8901A01F05DFD3246EAA0D7F8E0
:1055B000901A01F057FDD7F8900A002842DDD7F87D
:1055C000981A0844D7F88C1A88423BDCE4A001F012
:1055D00049FD31467DA001F045FD386F796F804669
:1055E0004618F86E761EB04200DC461EFFF714FA2D
:1055F000CDE90264CDF81090CDF80480B96EAFF219
:10560000D843AFF2AC42009100E00AE0AFF2AC4107
:1056100003F06CFFC7F8340D00284DDD0146FD672F
:10562000A3E7F888401C80B2F88050450AD3D2A086
:1056300001F018FD7D7103F0F9F84069804787F8A3
:105640000180FD801BE2FA80322A39D3D5A001F017
:1056500009FD3846B846D0E91C717E18D8F86C00B0
:10566000761EB04200DC461EFFF7D6F9CDE9026493
:10567000CDF810900197D8F868104646AFF258530D
:10568000AFF22C520091AFF2245103F02FFFC6F875
:10569000340D002810DD01462046F567FFF7D2FAE9
:1056A00050B186F801B0F580307801220A210FB0A0
:1056B000BDE8F04F03F032BEFBF788FFFFF777BB82
:1056C00001220A21FFF77ABB02290DD000284BDD09
:1056D000AFF264513046FAF7E8FDE0B3D7F8900A2C
:1056E00020B110E0CDE147E0BBA0C5E1FFF718FA1B
:1056F00092A0D7F8901A01F0B5FC324696A0D7F8E0
:10570000901A01F0AFFCD7F8900A002843DDD7F8D3
:10571000981A0844D7F88C1A88423CDC90A001F013
:10572000A1FC314629A001F09DFCFFF775F9BA6E86
:10573000C9238DE81C02AFF21063AFF2E452AFF25E
:10574000DC5103F05FFFC7F8340D0028B6DD0146D9
:10575000FD70204600E007E0C7F88C5AFFF772FAA8
:105760000028ABD011207AE6F888401C80B2F8807F
:10577000504510D3A0A07FE102290ED0002809DDFA
:10578000AFF214613046FAF790FD18B1D7F8900ADD
:1057900010B150E169E172E13EE13BE104AF020882
:1057A000246600205B6F74615D206D643520766532
:1057B00072696679206661696C65643A2065787003
:1057C0006563743D25732C20676F743D25730D0A46
:1057D000000000005B6F74615D2077726974652062
:1057E00064617461206661696C65640D0A00000083
:1057F0005B6F74615D206D643520766572696679D2
:10580000206F6B0D0A000000345B00205B6F746139
:105810005D20646F776E6C6F6164206F6B3A2074EB
:1058200061726765743D25732073697A653D2564EF
:1058300020282575206D73290D0A00005B6F7461A7
:105840005D20646F776E6C6F61642074696D656F45
:1058500075742C207761697420616E6420726574A0
:1058600072790D0A000000005B6F74615D20726543
:10587000706F72742070726F67726573733A207301
:105880007465702025640D0A000000005B6F746170
:105890005D206E6578742072616E67653A20256CB4
:1058A000642D256C6420286368756E6B2025642F39
:1058B0002564290D0A0000005B6F74615D20636838
:1058C000756E6B2072657472792065786861757386
:1058D0007465642C2061626F72740D0A0000000010
:1058E0005B6F74615D20646F776E6C6F61642066BE
:1058F00061696C207761697420646F6E652C207219
:10590000657472792025640D0A0000005B6F746174
:105910005D2070726F6772657373207265706F724D
:1059200074206661696C65642C20776169742061FC
:105930006E642072657472790D0A00005B6F746189
:105940005D2072782068656164657220256420623C
:10595000797465733A0D0A00252E2A730D0A00002A
:105960005B6F74615D2072782025642062797465B4
:10597000733A0D0A000000005B6F74615D20707265
:105980006F67726573732074696D656F75742C2011
:105990007761697420616E642072657472790D0A92
:1059A000000000005B6F74615D2070726F6772654C
:1059B0007373206661696C207761697420646F6E0F
:1059C000652C20636F6E74696E756520646F776EE9
:1059D0006C6F61640D0A00005B6F74615D2073740D
:1059E00061747573203130302073656E6420666198
:1059F000696C65640D0A00005B6F74615D207374EF
:105A000061747573203130302074696D656F757401
:105A10000D0A00001FA02FE0FFF782F8AFF2E400AC
:105A2000D7F8901A01F01EFB3246AFF2D400D7F837
:105A3000901A01F017FBD7F8900A00281FDDD7F85D
:105A4000981A0844D7F88C1A884218DCAFF2F00094
:105A500001F008FB3146AFF28C2001F003FBFEF7AA
:105A6000CDFF12207870FFF77DB9F888401C80B216
:105A7000F880504503D30FA001F0F4FA1EE6387801
:105A800013E613A001F0EEFA0FB0BDE8F04FFBF7FC
:105A90007FBC00005B6F74615D207374617475730B
:105AA000203230312073656E64206661696C6564F4
:105AB0000D0A00005B6F74615D207374617475730F
:105AC000203230312074696D656F75740D0A0000E5
:105AD0005B6F74615D2075706772616465206669D3
:105AE0006E6973682C2072657365740D0A0000007E
:105AF000044900224A7108B1012000E00220C87068
:105B000070470000145B00207047704702488068AF
:105B10006421B0FBF1F07047340000200148806838
:105B2000704700003400002070B5104D686810B157
:105B30006868401E68600E4E002456F8240000B1CC
:105B40008047641CE4B2052CF7D3A868401CA86009
:105B50002888401C80B22880642805D30020288033
:105B6000BDE87040FCF74ABD70BD00003400002065
:105B70006C0200200E480F490068B0FBF1F0401E97
:105B8000B0F1807F13D24FF0E02250610A49F0203B
:105B900081F8140D0021916107201061074A084621
:105BA00042F82010401CC0B20528F9D37047FEE728
:105BB00000000020A08601000FE000E06C02002041
:105BC0000149002008607047A8010020084A1168B8
:105BD0004B1C136007A20260012202733C22B1FB3E
:105BE000F2F302FB1311F0318160002070470000D6
:105BF000A801002074656D705F76616C75650000AA
:105C000010B502F0ABFB002010BD000010B504463B
:105C100004A020600020207302F002FC60600020DD
:105C200010BD0000736D6F6B655F76616C7565000C
:105C3000FFF77ABF30B5234893B00025016841F0E3
:105C400080510160006800F0805011901E4801688A
:105C500041F4804101600068022400F4804011900A
:105C600001200090000401908001CDE90640192038
:105C700008904FF4A870CDE9090407200B906846FE
:105C8000FCF726FE00B1FEE70CA90F2081E83100E9
:105C90004FF4A0500F904FF48050109005210CA8A5
:105CA000FCF72AFD00B1FEE7FCF768FC41F20101B8
:105CB000884204D10548016841F48071016013B045
:105CC00030BD00004038024000700040003C0240FF
:105CD0000248016841F470010160704788ED00E0FE
:105CE00010B50446002202213720FCF7D3FC3720F0
:105CF000FCF7C3FC2046BDE8104000F013B80000DC
:105D0000064800680169C943C90705D1891E0161B8
:105D100003480168491C016070470000240200200C
:105D20003000002038B5114900220B6843F02003F1
:105D30000B6009680F4C01F0200100910C492160B3
:105D40004AF20F41C4E90112511E01EB4000C4E9BF
:105D500003022046FCF77CFF21686FF00100086118
:105D60002046BDE83840FCF7A1BF000040380240A3
:105D70000014004024020020F0B50268274D284E90
:105D8000284FDFF8A4C0294B4FF0804EA84209D01D
:105D9000704507D0B04205D0B84203D0604501D06D
:105DA000984203D122F070044A682243A8421BD0D3
:105DB000704519D0B04217D0B84215D0604513D005
:105DC000984211D01A4CA0420ED01A4CA0420BD0CF
:105DD000194CA04208D0194CA04205D0184CA04242
:105DE00002D0184CA04203D122F44074CA68224366
:105DF0004C6922F0800222438C68C4620C68846281
:105E0000A84201D0984201D109690163016841F0BB
:105E100004010160012141610260F0BD0000014008
:105E20000004004000080040000C00400004014055
:105E3000004001400044014000480140001800407B
:105E4000001C00400020004010B5806B0021C1857F
:105E5000FCF7B2FF10BD70B5846B2068406994F800
:105E60004110C0F3C0100025212904D118B1E584E8
:105E7000204600F08EF82068406994F84210C0F384
:105E80008010222904D118B1E585204600F05AF887
:105E9000606C40F0100060642046FCF78DFF70BD20
:105EA00010B50146806B096809684FF00003C90509
:105EB0002ED4C38501680C3151E8002F22F4807282
:105EC00041E80024002CF5D10168143151E8002F7D
:105ED00022F0010241E80024002CF5D101681431C0
:105EE00051E8002F22F0400241E80024002CF5D1B7
:105EF000202180F84210016B012909D101680C3181
:105F000051E8002F22F0100241E80024002CF5D1C6
:105F10004363016B012902D0FDF7C3F810BD818DE9
:105F2000FCF72EFF10BD10B5806B01214163016BA2
:105F3000012902D0FDF7B6F810BD818D4908FCF7A4
:105F40001FFF10BD01680C3151E8002F22F4907240
:105F500041E80023002BF5D10168143151E8002FEE
:105F600022F0010241E80023002BF5D1016B012949
:105F700009D101680C3151E8002F22F0100241E8EC
:105F80000023002BF5D1202180F84210002101636D
:105F9000704701680C3151E8002F22F0C00241E83F
:105FA0000023002BF5D1202180F84110704708B55F
:105FB00090F84210222901D0022008BD81684FF4D8
:105FC0008053994201D1026922B1826A99421BD061
:105FD00049B10AE00268816A5268C2F308020A8085
:105FE000816A891C08E0016971B10168496801F0A2
:105FF0007F011170816A491C8162C18D491E0904AB
:10600000090CC18503D01BE001684968F1E701680C
:10601000CA6822F02002CA600168CA6822F480724D
:10602000CA6001684A6922F001024A61202180F8B1
:10603000421000214163026B012A03D0FDF731F8C1
:10604000002008BD016301680C3151E8002F22F0E7
:10605000100241E80023002BF5D101680A68D2063E
:1060600002D50A6849680091818DFCF789FEE7E74F
:1060700070B5044600680169E26821F4405111439B
:106080000161A1682069E26901436069104301432D
:106090002068C26849F20C639A430A43C2602068D0
:1060A0004169A26921F4407111434161314920687D
:1060B000884202D03049884202D1FCF7C7FB01E098
:1060C000FCF7B4FBE2690023192164253226B2F5FE
:1060D000004F626828D0A0FB0101930F9200FAF7ED
:1060E00071F80146B0FBF5F06FF01802504301EB78
:1060F000800006EB0010B0FBF5F000F0F002B1FB01
:10610000F5F002EB0012B1FBF5F06FF01803584305
:1061100001EB800006EB0010B0FBF5F000F00F0083
:1061200021681044886070BDA0FB010192185B419A
:10613000FAF748F80146B0FBF5F00201B1FBF5F0C3
:106140006FF01803584301EB800006EBC000B0FB72
:10615000F5F000F0F80002EB4002B1FBF5F0584317
:1061600001EB800006EBC000B0FBF5F000F007008B
:10617000D6E70000001001400014014037B582B09E
:106180001346039A826204468385002060642221BC
:1061900084F84210E56B1F49E963E56B1E492964E9
:1061A000E56B1E49E964E16B08652168E06B091D38
:1061B000FCF702F838B110206064202084F8420017
:1061C000012005B030BD206801684068009020695A
:1061D00048B120680C3050E8001F41F4807140E85D
:1061E0000012002AF5D12068143050E8001F41F059
:1061F000010140E80012002AF5D12068143050E86F
:10620000001F41F0400140E80012002AF5D10020B3
:10621000D7E70000A15E0208275F0208575E020868
:106220000148FCF7CBBD000030380020012003F00E
:10623000BDBD022003F0BABDFEE700000148407971
:10624000704700006C00002070B51D4886B0002526
:10625000016841F04001016000681A4E00F0400002
:1062600005900120C403CDE90040CDE9020569464F
:106270003046FCF795F8012221463046FCF778F9C4
:1062800000F07CF900F04AF80F49002000F074F8A3
:106290000E4C00206570A570E570257100F026FE9B
:1062A0000B49002002F0DCFF2070FF2806D006B06A
:1062B0000122BDE87040114603F030B806B070BD51
:1062C0003038024000180240116802086C000020BB
:1062D000696F020801480079704700006C000020D7
:1062E00010B520B1BDE81040022000F0FFBD094C00
:1062F000607902280CD1032000F0F8FD05206070C1
:106300002078BDE8104001224FF4FA6103F006B88E
:1063100010BD00006C00002000F01EBD10B50F4C39
:10632000002014216070A070A080E080E0700C4814
:10633000F9F7B0FF0A4814211430F9F7ABFF094907
:10634000002002F08DFF2070FF2805D00122BDE85B
:1063500010400A2102F0E2BF10BD000078000020CA
:10636000F04D0020596C0208052802D2014A42F87B
:1063700020107047044E0020052802D2014A42F83E
:1063800020107047F04D00202DE9F04105005CD051
:106390002F48FDF713F82E48FDF700F8040054D0FD
:1063A0002CA12846F9F7A4FFD8B12CA12846F9F76B
:1063B0009FFFB0B12BA12846F9F79AFF88B1E16899
:1063C00019B12846F9F794FF78B1A16800293CD0AB
:1063D0002846F9F78DFF002837D1207F01280AD001
:1063E0000BE0294621A000F03DFE21461848FCF7AD
:1063F000B2FF022106E0607F48B121461448FCF755
:10640000AAFF00212046BDE8F04100F0B9B9A58CF3
:10641000276A10E00120FAF72BFD60B186B2AE4288
:1064200000D92E46324639460120FAF7C9FD20B17F
:10643000A81B374485B2002DECD10120607713A052
:10644000A06014A0E0600020A082BDE8F081000000
:106450008C4300204552524F520000004641494CA7
:106460000000000042555359000000005B77696648
:10647000695D2073656E64206661696C6564206483
:10648000756520746F2025730D0A000053454E4436
:10649000204F4B0053454E44204641494C000000DC
:1064A0003EB50D46082801D300203EBD094901EB49
:1064B00000142068F9F715FFA17983B2A088491C60
:1064C000C9B2CDE900100295D4E90201226800F0BA
:1064D00073F83EBDE8A902082DE9F041984615463B
:1064E0000E0007462CD05DB31A48FCF74AFF041E85
:1064F00027D03A4604F126002B4617A1074600F0A4
:10650000DBFDA08019A02760A06019A0E060032037
:1065100020744FF4FA706082A0820120C4F81880C1
:106520002077002060770B482662A58421460C382E
:10653000FCF7E7FE104C207802F0CAFE18B107E025
:106540000020BDE8F08101220A21207802F0E6FE59
:106550000120F6E7A443002041542B434950534502
:106560004E443D25752C25750D0A00003E000000A7
:106570004552524F520000007400002010B50A48E6
:10658000FCF720FF08480C30FCF71CFF074950239C
:10659000042201F5AC70FCF7C9FE0549002002F0A9
:1065A0005FFE0449087010BD8C4300204C4200205F
:1065B000B56D0208740000202DE9F0471C46DDE9A6
:1065C0000898DDF828A015000E46074611D084B1C2
:1065D0001548FCF7D6FE011E0CD00A220D60B8FB50
:1065E000F2F08C80C1E9027681F81090488218B1EF
:1065F00004E00020BDE8F087012048828882002066
:10660000C1F818A00877487707480C38FCF779FEDE
:10661000064C207802F05CFE20B901220A21207885
:1066200002F07CFE0120E5E7A44300207400002076
:1066300070B51E4C1C4DA17850B11DA000F012FD8C
:10664000A07815F82000042821D00620607070BDC5
:1066500015F82100042802D1022000F047FCA078A0
:10666000401CC0B2A07006280BD205EB8000418808
:1066700019B103206070012211E0BDE8704000F004
:106680007FBBBDE8704011490620FFF709BF042019
:1066900000F02CFC05206070012241F28831207846
:1066A000BDE8704002F03ABED0A902086C0000209C
:1066B0007769666920696E6974206661696C3A2041
:1066C000636D642025750D0A00000000D166020884
:1066D00010B50E4C28B10EA000F0C4FC062060706E
:1066E00010BD1248FDF74CFA302210490120FAF78C
:1066F00067FC0020E070E0800420607020780122B8
:10670000BDE810400A2102F009BE00006C00002024
:106710007769666920696E6974206661696C3A20E0
:1067200063697073656E640D0A0000001C420020EE
:1067300010B508480121017106214170FDF7B2FA38
:1067400008B105A100E005A1BDE8104005A000F0DA
:1067500089BC00006C0000206F6B00006661696CF2
:10676000000000007769666920696E697420646FB3
:106770006E652C206E74702025730D0A00000000D9
:1067800070B50D46014684690548FCF7BAFD002C3A
:1067900004D02846A446BDE87040604770BD0000A4
:1067A000A443002010B50B4C2146E0788A880528C8
:1067B00007D2094951F820301BB1A1F52061984753
:1067C00003E0014605A000F04DFC0020A080E08021
:1067D00010BD000078000020F04D00205B77696656
:1067E000695D20697064206C696E6B202575206E70
:1067F0006F2068616E646C65722C2025752062794B
:106800007465732064726F707065640D0A00000017
:10681000F8B50E461546114616A000F023FC0024DC
:106820000BE0315D19A000F01DFCE043000702D130
:1068300018A000F017FC641CA4B2AC42F1D32807E6
:1068400002D014A000F00EFC6A4629463046FDF73F
:10685000C5F918B110A000F005FCF8BD0098FDF7CF
:10686000E7F91448007802F07DFD13490720FFF78F
:1068700017FEF8BD5B776966695D206E74702072E3
:106880006177282575293A0D0A0000002530325815
:10689000200000000D0A00005B776966695D206ECC
:1068A0007470207265706C7920696E76616C6964B1
:1068B0000D0A00006C000020316702082DE9F0414C
:1068C000002536A13748F9F7F0FC041E42D0354FB9
:1068D000DFF8D480BC4211D0E01B86B2314633A031
:1068E00000F0C0FB98F802002146821B3846F9F7F9
:1068F000AAFC98F80200801B88F8020098F80200B1
:106900004646092825D379793039052921D2B87925
:106910002C281ED1F1703A21F81DF9F7D8FC002877
:1069200018D0FC1D4FF420616FF02F030DE022788A
:10693000A2F1300CBCF10A0F0BD205EB850503EB7D
:10694000450515448D4204DC641C8442EFD3002DC0
:1069500002DC0020BDE8F081B378C21B9A1A521EF7
:1069600012F0FF0413D0B28813198B420BD80D49D3
:1069700040318B18411C22461846F9F764FCB08858
:106980002044B08003E0214612A000F06BFBF580AC
:106990000020B07038700120DCE700002B49504423
:1069A0002C000000B0430020780000205B7769666F
:1069B000695D2069706420726573796E632C206450
:1069C000726F70202575206A756E6B206279746510
:1069D000730D0A005B776966695D20697064206FDA
:1069E000766572666C6F772C2025752062797465E8
:1069F000732064726F707065640D0A0010B50B4CE3
:106A000048B1052060702078BDE81040012241F2B5
:106A1000883102F083BC022000F068FA0620607022
:106A20002078BDE8104002F09DBC00006C00002002
:106A30002DE9F0415B4D044600276878012819D004
:106A40000D2C29D02846584E80780A2C26D03F2875
:106A500002D23454401CA8703E2C74D0FFF72EFF95
:106A6000002819D0A888E98888426DD3BDE8F04194
:106A7000FFF798BEA888E988884207D2B0F5206F52
:106A800004D2494A40321454401CA88080B2884243
:106A900002D3FFF787FE6F70BDE8F081052805D3AC
:106AA000052242A14048F9F731FC70B1A8780028CE
:106AB000F2D037543C493FA000F0D4FA40A13A4804
:106AC000F9F7F3FB40B100200CE0A8783F28E3D2AF
:106AD0003454401CA870DFE73DA13348F9F7E5FBCB
:106AE00018B10120FFF7FCFB48E03DA12E48F9F763
:106AF000DCFB98B1A878022840D3307830283DD309
:106B000034283BD871782C2938D130383649C0B276
:106B100051F82010002931D088472FE033A12248B6
:106B2000F9F7C3FB08B131A026E032A11E48F9F7FE
:106B3000BCFB08B12FA01FE031A11B48F9F7B5FB42
:106B400018B134A018E022E026E033A11648F9F786
:106B5000ACFB20B132A000F085FA38A00CE039A1DE
:106B60001148F9F7A2FB08B136A005E037A10E489D
:106B7000F9F79BFB20B135A0FFF706FCAF708BE760
:106B800024A10948F9F791FB0028DAD1F6E7BDE81E
:106B9000F04130A0FFF7F8BB01206870FEF7B6FFA8
:106BA000A86079E778000020B04300202B495044CA
:106BB0002C0000005B776966695D2025730D0A0073
:106BC0005749464920444953434F4E4E454354008C
:106BD0005749464920434F4E4E45435445440000D3
:106BE0002C434C4F53454400044E002053454E4423
:106BF000204F4B0053454E44204641494C00000075
:106C0000414C524541445920434F4E4E4543544513
:106C1000440000004F4B0000627573792070000043
:106C20005B776966695D20627573792070206465A1
:106C30007465637465640D0A000000004255535981
:106C4000000000004552524F520000004641494C9E
:106C5000000000003E0000002DE9F041244F78784C
:106C6000012839D1B888002836D0FEF74FFFB9681F
:106C7000401AB0F5FA7F2FD3FA88B9881DA000F02A
:106C8000F1F9BD8827A000F0EDF900242A4E05E0B7
:106C9000315D2AA000F0E6F9641CA4B2AC4201D236
:106CA000202CF5D327A000F0DDF9102D02D9A5F195
:106CB000100000E0002084B205E0315D1FA000F06C
:106CC000D1F9641CA4B2AC42F7D315A000F0CAF904
:106CD000FFF768FD002078700120FAF75DF9411C8C
:106CE00003D0C0B2FFF7A4FEF6E7BDE8F0810000D4
:106CF000780000205B776966695D206970642074A4
:106D0000696D656F75743A20676F742025752F253E
:106D1000752C20666F7263652064656C6976657298
:106D20000D0A00005B776966695D20697064206800
:106D30006561643A00000000F043002020253032F5
:106D4000580000000D0A5B776966695D2069706410
:106D5000207461696C3A000010B5012000F0C6F89B
:106D60000648002101228170C170017141700078D4
:106D7000BDE81040114602F0D1BA00006C000020BE
:106D800070B50A4C084DA07815F82000042802D1EF
:106D9000012000F0ABF8A078054915F82000BDE807
:106DA0007040FFF77DBB0000D0A902086C000020F6
:106DB0003166020870B54448FCF700FB04464248BF
:106DC0000C30FCF7FBFAC442404804D10078BDE81F
:106DD000704002F0C7BA01220A21007802F09EFA40
:106DE0003948FCF7DBFA044600257CB3A08A401C36
:106DF00080B2A082618A884223D9A5822146324886
:106E0000FCF7A9FA0646207C401E10F0FF00207413
:106E100003D0207F012805D00CE001212046FFF798
:106E2000AFFC0CE0607F012804D1657728A0A0604A
:106E300028A0E060244821460C30FCF762FA344672
:106E4000D3E72046FCF7B2FA0446CEE7FFE71E4838
:106E5000FCF7B4FA002836D11B480C30FCF79EFA38
:106E600012E0002C2FD0A08A401C80B2A082618A40
:106E7000884206D9A5820120F9F7FAFFA188884245
:106E800004D22046FCF792FA0446EAE70E4821466F
:106E90000C30FCF760FA064610A0216800F0E2F81A
:106EA000A28801202168FAF78BF8207C28B12146BE
:106EB000BDE870400448FCF724BA00212046FFF7E3
:106EC0005FFC3446CDE770BD8C4300207400002089
:106ED0003E0000004552524F520000005B77696649
:106EE000695D2073656E643A202573000C494A7908
:106EF000824213D0487148B1012809D0022809D034
:106F0000032809D007A109A000F0ACB80CA1FAE74A
:106F10000DA1F8E70FA1F6E711A1F4E77047000013
:106F20006C0000206661696C000000005B77696698
:106F3000695D207374613A2025730D0A000000001A
:106F4000696E697400000000636F6E6E656374693A
:106F50006E670000636F6E6E6563746564000000A9
:106F60006C6F73740000000070B5314C0025204632
:106F70006278304B00784FF40041062A53D2DFE8A4
:106F800002F0030C1A1E244100221846FBF7F0FA07
:106F9000012060700246C82108E001221846FBF774
:106FA000E7FA0220607001224FF4FA612078BDE810
:106FB000704002F0B3B902F0D5F9A57001E002F01B
:106FC000D1F9BDE87040FFF7DBBEE188491C89B20A
:106FD000E180B1F57A7F2AD3E580E178491CC9B216
:106FE000E170032909D214A000F03CF8BDE870401C
:106FF000302219490120F9F7E3BF02F0B3F917492C
:10700000072008E002F0AEF9207940B10120FFF737
:107010006DFF13490420BDE87040FFF741BABDE899
:107020007040FFF799BEBDE8704002F09BB970BD9B
:107030006C000020001802405B776966695D206E75
:1070400074702074696D656F75742C20726574722C
:10705000792025750D0A00001C42002031670208C6
:10706000FD6902080FB4054B10B503A9044A029844
:1070700000F036F910BC5DF814FB00003184020802
:10708000BC0100200FB47CB50C0009AD01D0611E1D
:1070900000E00021CDE90001064B6A462946089828
:1070A00000F01EF9002C02D0009A002111707CBC67
:1070B0005DF814FBE77902080FB4084B10B504A97A
:1070C00002AA039800F00CF9044602A9002000F07F
:1070D00095FC204610BC5DF814FB0000FD79020809
:1070E0007CB50C001D461646014601D0601E00E02E
:1070F0000020CDE90010064B6A462946304600F0D4
:10710000EFF8002C02D0009A002111707CBD000025
:10711000E77902080907090E002804DB00F1E020E6
:1071200080F80014704700F00F0000F1E02080F8B4
:10713000141D704700487047C001002002E008C8D5
:10714000121F08C1002AFAD170477047002001E0E1
:1071500001C1121F002AFBD1704700002DE9FF5F1B
:1071600082B00021DDE90430020DDDF840B00343B8
:1071700018D044F61050A2F2FF3242431514119871
:1071800001281FD0A5EB0B00401C5FEA000A4FF05E
:1071900000064E4FDFF83891B046504615D5CAF17B
:1071A000000413E0119801244AA3012801D16FEAD9
:1071B0000B010298119AC0E90031C0E9024206B001
:1071C000BDE8F09FCBF10000DFE704460021404A14
:1071D000491842EB0450CDE9001012E0E00707D057
:1071E00032463B4640464946F9F7C4F9804689464F
:1071F00032463B4610461946F9F7BCF906460F469B
:107200006410002CEAD1DDE90401DDE90023BAF1C4
:10721000000F06DAF9F7AEF942464B46F9F7AAF93C
:1072200005E0F9F79CFB42464B46F9F798FB04460C
:107230000E460022284BF9F719FC03D84FF0FF3017
:10724000014607E00022254B20463146F9F7EBF8CE
:10725000F9F7F4FB102409E0002C0ADB0A220023D2
:10726000F8F7B0FF039B30321A55641E50EA010252
:10727000F2D1641C039AC4F111031444119A012A37
:1072800003D0012208430DD10AE0084304D00020B6
:107290004FF0110B119072E7A3EB0B056D1E0DE083
:1072A0005B4504DD4FF0000205F1010504E003DA5F
:1072B0004FF00002A5F10105002AECD002981199C7
:1072C000C0E90231C0E9004579E700000000144040
:1072D0000000F03F300000000000F0430000E03FFD
:1072E0002DE9FF4F95B09A46884606460025EEE107
:1072F000252877D100242746F94A0121039400E08C
:10730000044316F8013F203B01FA03F01042F7D185
:1073100030782A2811D06FF02F033078A0F1300296
:10732000092A16D8039A44F0020402EB820203EB06
:1073300042021044761C0390EFE758F8042B0392A6
:10734000002A03DA504244F40054039044F002044B
:10735000761C30782E2816D116F8010F44F004045C
:107360002A280DD06FF02F023078A0F13003092BBE
:1073700009D807EB870302EB4303C718761CF3E732
:1073800058F8047B761C30786C280FD006DC4C282B
:1073900017D068280DD06A2814D104E0742810D0C2
:1073A0007A280FD10DE044F400140AE044F480146C
:1073B00001E044F440147278824202D104F5801452
:1073C000761C761C307866280BD013DC582877D0D2
:1073D00009DC002875D04528F6D04628F4D0472887
:1073E0001AD193E118E0632835D0642879D0652854
:1073F00012D18BE1702873D008DC6728F1D069289E
:107400006FD06E280DD06F2806D1ACE073282CD039
:10741000752874D0782853D05246179990476D1C20
:1074200054E1C4F30250022809D003280DD0D8F843
:10743000001004280DD00D6008F1040846E1D8F8CA
:107440000010EA17C1E90052F6E7D8F800100D80E5
:10745000F2E70D70F0E718F8041B8DF8001000201B
:107460008DF80100EB46012003E058F804BB4FF013
:10747000FF3061074FF0000102D40DE009F1010176
:107480008946B9420FDA8145F8DB1BF8091000295B
:10749000F4D108E009F1010189468142FADB1BF8C9
:1074A00009100029F6D103985346A0EB090721469D
:1074B0003846179A00F080FA284400EB090507E0E7
:1074C00044E008E10DE01BF8010B52461799904784
:1074D000B9F10109F7D2534621463846179AF2E02E
:1074E00039E00A21C4F302524FF0000B0091022A46
:1074F00006D058F8040BC117032A09D00AE023E08C
:1075000008F1070020F00702F2E80201904605E0CA
:1075100000B2C117042A01D140B2C117002906DA0E
:107520000A460021404261EB02012D2202E02205C1
:1075300004D52B228DF80420012203E0E20701D0BC
:107540002022F7E7914657E00A2100E010214FF092
:10755000000B00910BE010214FF0000B44F00404ED
:107560000827009103E008204FF0000B0090C4F3BF
:107570000252022A05D058F8040B0021032A08D031
:1075800008E008F1070020F00702F2E80201904647
:1075900003E080B2042A00D1C0B24FF000092207F4
:1075A0002AD53278702A07D0DDF800C08CF0100C94
:1075B0005CEA0B0C05D00EE040228DF8042001227D
:1075C00008E050EA010306D030238DF804308DF82E
:1075D000052002229146009B83F0080353EA0B0327
:1075E0000AD150EA010201D1620705D530228DF897
:1075F00004204FF001097F1E3278582A04D039A2A6
:107600000C920CAA02920BE03BA2F9E75B46009AAF
:10761000F8F7D8FD0C9B9B5C029A521E02921370E5
:1076200050EA0102F2D1029804A9081A00F1200BD5
:10763000600702D524F4803400E001275F4502DDB5
:10764000A7EB0B0000E0002000EB0B01009003987B
:107650004944401A0390E00306D453462146179A42
:10766000039800F0A9F90544002706E001A8524656
:10767000C05D179990476D1C7F1C4F45F6DBE003FA
:107680000CD553462146179A039800F095F9054406
:1076900004E030205246179990476D1C0099481E0F
:1076A00000900029F5DC08E0029802995246007823
:1076B000491C0291179990476D1CBBF10001ABF179
:1076C000010BF1DC5BE100F065F90544761C3078D4
:1076D00000287FF40DAE19B02846BDE8F08F0000F9
:1076E0000928010030313233343536373839616298
:1076F000636465660000000030313233343536375C
:10770000383941424344454600000000600700D438
:10771000062708F1070020F00700F0E80223804662
:1077200003F0004C5FEA0C0001D097A009E02005AF
:1077300001D596A005E0E00701D095A001E0AFF2E9
:107740004C001390307823F0004365280CD006DC01
:10775000452809D046281DD047287FD13BE0662820
:1077600018D067287AD136E00021112F01DB1120D3
:1077700000E0781CCDE9000104A90CA8FFF7EEFC9D
:10778000DDE90D010C9A4FF0000B07F10109109291
:1077900000914EE04FF000400097CDE9011004A9A0
:1077A0000CA8FFF7DBFCDDE90D020C9B0F994FF0F5
:1077B000000B91461093009211B9791C00EB01095E
:1077C000B7EB090003D4C0F1FF3B07F10109A9EBB6
:1077D0000700019042E0012F00DA01270021112F5C
:1077E00001DD112000E03846CDE9000104A90CA814
:1077F000FFF7B4FCDDE90D010C9A00914FF0000B8E
:10780000B946109221070FD4009A4A4503DA9146EF
:1078100001E0A9F10109B9F1010F05DD109AA9F103
:107820000101515C3029F4D0B84202DA10F1040FA2
:1078300003DA0121CDE9011010E0002803DC8344C4
:10784000A9EB000102E0411C494500DD8946A0EB9F
:107850000B00401C01904FF000400290200705D41F
:107860000198484502DB4FF0FF30019000208DF871
:107870004B0002980DF14B07B0F1004F25D00220CC
:107880000C902B200D90029800280CDA40420290B8
:107890002D200D9007E00A210298F8F741FF3031C2
:1078A000029007F8011D0C99481E0C900029F2DC8B
:1078B00002980028EFD1791E0D980870307800F0FA
:1078C000200040F0450007F8020D11A8C01BC01DA4
:1078D00002901398007800B1012000EB0901019893
:1078E00001EBE071029801440398401A401E039096
:1078F000E00306D453462146179A039800F05CF83B
:1079000005441398007818B15246179990476D1C9A
:10791000E00323D553462146179A039800F04CF80C
:1079200005441BE0BBF1000F07DB0098584504DD60
:107930001098179910F80B0001E017993020524663
:10794000904701980BF1010B401E05F101050190D4
:1079500004D12E205246179990476D1CB9F10001B1
:10796000A9F10109DEDC05E017F8010B5246179971
:1079700090476D1C0299481E02900029F4DC534682
:107980002146179A03989EE62D0000002B00000068
:10799000200000002DE9F041044600251E46174650
:1079A000880404D405E039462020B0476D1C641ECD
:1079B000F9D52846BDE8F0812DE9F04104460025BF
:1079C0001E469046C80301D5302700E020278804D2
:1079D00004D505E041463846B0476D1C641EF9D514
:1079E0002846BDE8F0814A68002A06D00A68531C80
:1079F0000B6010704868401E486070470A68531C4E
:107A00000B6010707047000010B50CA0FFF72AFB48
:107A100000F060FA01F0F8FA00F00CFFF9F7A6FDAB
:107A2000F9F74AFE40F6B830FBF780FB094801F051
:107A30003BFBBDE8104008A0FFF714BB6170705F0E
:107A4000636F6E6669675F696E69742073746172D3
:107A5000740D0A00213102086170705F636F6E66F9
:107A600069675F696E697420656E640D0A000000C5
:107A70000249002248784A70704700004C000020FC
:107A800070B50D46060016D0002D14D0F9F758FB3E
:107A900004000AD02846F9F7E1F820602A4631466A
:107AA000BDE8704004A0FFF7DDBA3146BDE8704084
:107AB0000CA0FFF7D7BA70BD5B6465766D6F646527
:107AC0006C5D20736574202573203D2025732C2068
:107AD0006578656320706C616365686F6C6465725E
:107AE0000D0A00005B6465766D6F64656C5D2075E2
:107AF0006E6B6E6F776E2070726F702025730D0A3B
:107B000000000000F0B40B4E06210B4D0B4C317001
:107B1000002004EBC00305EBC002D3E90073C2E907
:107B20000073401C8842F4DB00207070F0BC04A09D
:107B3000FFF798BA4C0000208041002084A9020879
:107B40005B6465766D6F64656C5D20257520707271
:107B50006F707320736861646F7765640D0A00004D
:107B600010B588B0040033D02068002830D0207BC6
:107B700070B1A0680A21B0FBF1F2B0FBF1F301FB98
:107B80001202009213A2182101A8FFF77BFA05E068
:107B900012A2182101A86368FFF774FA01A92068EE
:107BA00000F09EFB2068F9F7CBFA002810D0217B6B
:107BB00009B1A16803E0616801EB8101490001603E
:107BC00007A12068F8F794FB002801D1F9F728FAFB
:107BD00008B010BD25642E25640000002564000057
:107BE000736D6F6B655F76616C75650010B50CA089
:107BF000FFF738FAFFF786FF0E4801F051FF0E48F5
:107C000001F080FF0D4801F07DFF0D490D4800F0A7
:107C100073FA01F0BBFCBDE810400BA0FFF722BADD
:107C20006170705F6761746577617920696E6974EE
:107C30000D0A0000617B020824AC020834AC020883
:107C4000817A0208B4A902086170705F6761746587
:107C500077617920696E697420646F6E650D0A0022
:107C60002DE9F041FDF752FF044601F021FF334EAC
:107C700041F28831F068201A88420CD300F0D2FD1E
:107C8000006980470146F4603069814203D02CA02E
:107C90003161FFF7E7F97068201AB0F5FA7F2FD34A
:107CA00000F0D0FA2E4F05004FF48078746011D0A8
:107CB000012240213846FAF75BFC00228021384639
:107CC000FAF756FC012241463846FAF751FC307863
:107CD00080B114E0002240213846FAF749FC012225
:107CE00080213846FAF744FC012241463846FAF72B
:107CF0003FFC04E01BA0FFF7B5F901F0C9FC3570AB
:107D0000FFF7B6FE002817D000F09CFA78B1B068F3
:107D10004EF66021201A884209D31DA0B460FFF7F7
:107D2000A1F9BDE8F04122A12BA000F091BABDE875
:107D3000F0412CA0FFF796B9BDE8F0815800002073
:107D40005B6C696E6B5D20646973636F6E6E6563F7
:107D50007420636F756E743A2025750D0A0000005B
:107D6000001402405B676174657761795D20636C24
:107D70006F7564206F6E6C696E652C207472696714
:107D8000676572204F544120636865636B0D0A007C
:107D90005B676174657761795D20616C61726D20EC
:107DA0006576656E7420706F73740D0A00000000B4
:107DB0007B2274797065223A2274656D705F6F72F0
:107DC0005F68756D695F6F75745F6F665F72616E16
:107DD0006765227D000000006C696D69745F616CED
:107DE00061726D005B676174657761795D20616CBC
:107DF00061726D2064726F7070656420286F6666B2
:107E00006C696E65206F72206465626F756E636564
:107E1000290D0A00F0B58C1C032594FBF5F401250F
:107E200005EB84050024AB4201DA601EF0BD00239F
:107E3000274E1CE0C718C55C97F801C02D04BF7819
:107E400045EA0C253D43AF0CDB1CF75D1755C5F328
:107E50000537641CF75D1755C5F38517641CF75D7E
:107E6000175505F03F05641C755D1555641C9D1C78
:107E70008D42DFDBCD1A3D21012D02D0022D0DD028
:107E800022E0C05C0004830CC0F30530F35C1355A2
:107E9000641C305C1055641C115512E0C55C18441C
:107EA0002D04407845EA0020830CF35C1355C0F3A1
:107EB0000533641CF35C1355C0F38510641C305CFF
:107EC0001055641C1155641C00201055F0BD0000B5
:107ED0009AAA020810B50DA0FFF7C4F8FAF796FBAE
:107EE000FDF7A8FEFDF746FEFBF750F9F8F7ECFEAC
:107EF000FBF71AFEF8F788FF42F21070FDF7F0FE6C
:107F0000BDE8104006A0FFF7ADB80000626F6172D7
:107F1000645F696E69742073746172740D0A000085
:107F2000626F6172645F696E697420656E640D0AC8
:107F3000000000002DE9FC410F461B498046012549
:107F400008691AA3421C0A61009000223946404683
:107F500000F020FB144E00240246243604EB4400BB
:107F600006EBC001896871B156F830100DB119489F
:107F700000E019A0CDE9000118A33946404600F001
:107F800009FB02460025641C062CE7D315A33946DD
:107F9000404600F0FFFA002801DDB84201DB4FF057
:107FA000FF30BDE8FC810000B00000207B22696446
:107FB000223A222564222C2276657273696F6E2222
:107FC0003A22312E30222C22706172616D73223A76
:107FD0005B000000E04302082C000000257322250E
:107FE000732200005D7D00002DE9F0478CB08946CA
:107FF0008246FBF7CDFD284900220869431C0B612E
:10800000009026A34946504600F0C4FA224E0024B0
:1080100007460DF10C08243604EB440506EBC500B9
:10802000202142680DF10C0C012A12D0022A09D03D
:10803000C36824A26046FFF725F856F8352074B1CE
:1080400021A00DE0406908B120A300E021A323A2F4
:10805000F0E790ED040A6046F9F71EFDEDE71CA07D
:108060008DE805011EA33A464946504600F092FAB3
:10807000641C0746062CCFD302461EA34946504631
:1080800000F088FA002801DD484501DB4FF0FF30A1
:108090000CB0BDE8F0870000B00000207B226964CE
:1080A000223A222564222C2276657273696F6E2231
:1080B0003A22312E30222C22706172616D73223A85
:1080C0007B000000256400002C00000074727565C0
:1080D0000000000066616C736500000025730000FD
:1080E0002573222573223A7B2276616C7565223ACC
:1080F00025737D007D7D000038B50C4600284CD0EE
:108100000168002949D04169002946D081690029C8
:1081100043D00169002940D001461C222048F8F7CD
:1081200092F8204D20A280212C621D4CA069009065
:10813000A4F544606369FEF7A5FFA069009024A23E
:108140008021A4F53C606369FEF79CFFA069009064
:1081500028A28021A4F534606369FEF793FFA0692B
:1081600000902CA28021A4F52C606369FEF78AFFA1
:1081700000240120EC6128612046FCF73DFA6C7078
:108180002F49002001F06CF82870FF2803D001224D
:10819000642101F0C3F8012038BD002038BD000083
:1081A000F85A0020B0000020247379732F25732F14
:1081B00025732F7468696E672F70726F70657274A3
:1081C000792F706F73742F7265706C7900000000E6
:1081D000247379732F25732F25732F7468696E6745
:1081E0002F6576656E742F706F73742F7265706C67
:1081F00079000000247379732F25732F25732F7452
:1082000068696E672F70726F70657274792F73650D
:1082100074000000247379732F25732F25732F7436
:1082200068696E672F70726F70657274792F6465FC
:1082300073697265642F6765742F7265706C79005D
:108240009D4702080148807870470000B000002078
:1082500030B5E1B00C4605001BD0D4B111484078D0
:10826000082816D1F9F77CF998B90F490FA2886947
:1082700000904B69802141A8FEF704FF2B4612A213
:108280004FF4807101A80094FEF7FCFE0246FF281F
:1082900002D9002061B030BD01A941A8FCF70CF95A
:1082A000F8E70000B0000020F85A0020247379732A
:1082B0002F25732F25732F7468696E672F65766578
:1082C0006E742F706F7374007B226964223A2225CA
:1082D00073222C22706172616D73223A25737D00C6
:1082E0002DE9F0410E465FEA00080ED06EB11A4F3C
:1082F000002404EB440007EBC00541462868F7F76B
:10830000F7FF28B1641C062CF3D30020BDE8F081F0
:108310006868012817D0022809D03046FBF766FDAF
:1083200051EC100BF8F7A9F9E8600120EEE730787E
:10833000742806D0542804D0312802D00020686167
:10834000F3E70120FBE73046FBF750FD51EC100B43
:10835000F8F7CAF92861E8E7D400002030B51E48D4
:108360008BB00024016841F0010101600068012523
:1083700000F00100049509900320CDE9050404A94B
:108380001648FAF70DF814481430016841F480716A
:1083900001600068124900F4807009901148016082
:1083A0002904C0E901140461047680F82040C56105
:1083B0000D49C460816280F830404561F9F749FC9D
:1083C0000720CDE90204CDE9004569460548F9F7E3
:1083D00097FB0BB030BD0000303802400000024077
:1083E00000200140143900200100000F70B5002565
:1083F0002C460A48F9F7AEFC0A210848F9F754FC64
:1084000018B90648F9F722FC05440448F9F720FD9D
:10841000641C082CEDDBC5F3CF0070BD14390020BF
:1084200010B5FFF7E3FF40F6E4414843000B10BDF1
:1084300010B505490446087818B9E1B20020F8F7EC
:10844000E7FD204610BD00004000002070B5044646
:108450000E48844201D3012070BD0D4D2869A04211
:1084600001D9002070BD2046F9F790FA214618B1D5
:1084700008A0FEF7F7FDEEE70EA0FEF7F3FD600C97
:10848000400400F500302861EBE7000000000E0812
:10849000004200205B46575550475D20657261736E
:1084A00065206661696C20403078253038580D0AA7
:1084B000000000005B46575550475D206261636BCA
:1084C000757020736563746F722065726173656483
:1084D00020403078253038580D0A000010B51C2196
:1084E0000348F7F7D7FE02490020087010BD0000CE
:1084F00000420020F0B5BBB00C4605461F461646AC
:10850000402117A8F7F7C6FE402C05DD17AA214623
:108510002846FBF755FA04E02246294617A8F7F744
:1085200092FE002017AC27AD215C81F03601295462
:10853000401C4028F8DB6846FBF7A2FA402227A936
:108540006846FBF7B3FA3046F7F7CBFE02463146F2
:108550006846FBF7ABFA694637A8FBF749FA0020F3
:10856000215C81F05C012954401C4028F8DB6846FE
:10857000FBF786FA402227A96846FBF797FA1022F4
:1085800037A96846FBF792FA69463846FBF730FA96
:108590003BB0F0BD0FB470B514000D4602460AD4CE
:1085A000681E844207DA101908AB291B079AFEF7E8
:1085B00097FD002803DA204670BC5DF814FB2044C8
:1085C000A842F9DB681EF7E730B591B004460B46C8
:1085D0000FA240216846FEF755FD6846F7F781FE79
:1085E00005460BE02844044600E0401C01782029A1
:1085F000FBD00929F9D0C9B23A2907D069462046EB
:10860000F7F753FE0028EDD111B030BD401CFBE759
:10861000222573220000000010B586B004460B46E8
:108620000FA218216846FEF72DFD002816DB6946CB
:108630002046F7F73AFE040010D06846F7F751FEDF
:1086400020443A21F7F743FE002805D010F8011F17
:108650002029FBD00929F9D006B010BD0020FBE786
:108660002225732200000000F8B51646FFF7D4FF5C
:1086700004004FF0FF350DD020782D2802D030387F
:108680000A2807D20A2269462046F7F74EFE0099CB
:10869000A14201D12846F8BD30600020F8BD00009D
:1086A000F0B591B0144607460E460B461DA2402178
:1086B0006846FEF7E7FC69463846F7F7F6FD4FF0E7
:1086C000FF3550B9334619A240216846FEF7DAFC5F
:1086D00069463846F7F7E9FD98B116A1F7F7E5FDC9
:1086E00078B13A21F7F7F3FD58B110F8011F2029AE
:1086F000FBD0C9B2742907D0662908D0222909D035
:1087000009E0284611B0F0BD9FED0C0B05E09FED90
:108710000D0B02E0401CFBF769FB84ED000B002011
:10872000F0E70000222573223A7B00002225732205
:10873000000000002276616C7565220000000000D8
:108740000000F03F000000000000000010B51446DB
:10875000FFF73AFF18B94FF0FF3010BD401C017809
:108760002029FBD0C9B2222900D1401C01787429EC
:1087700007D0662908D0FBF739FB84ED000B0020F9
:1087800010BD9FED030BF8E79FED030BF5E700002D
:10879000000000000000F03F0000000000000000AA
:1087A0002DE9F04198461646FFF736FF4FF0FF35AA
:1087B00058B10178222908D1401C0746F7F787FDF8
:1087C00018B1C41B601C404502DD2846BDE8F0819D
:1087D000224639463046F7F736FD00203055F5E79A
:1087E00070B51D461446FFF7EFFE00214B1E38B151
:1087F00000E0401C0278202AFBD0D2B2222A01D00D
:10880000184670BD401C6D1E02E06254401C491C9D
:1088100002781AB1222A01D0A942F6DB0020605466
:1088200070BD00000048704768AA02080048704701
:1088300080AA020810B5FDF707FD0F490120FDF7DA
:108840009BFD0E490120FDF78FFD0D4C00200D49C9
:108850006070A070E070E0606060A06000F000FDFB
:108860002070FF2803D00122642100F057FDBDE8ED
:10887000104000F009B800006934020831340208E1
:10888000840000204136020810B50E490220FDF791
:1088900073FD0D490220FDF767FD0C4C00200C49CB
:1088A0006070A070E070E0606060A06000F0D8FCD4
:1088B0002070FF2805D00122BDE81040642100F09F
:1088C0002DBD10BD31370208F93602089400002092
:1088D00061390208224921480860F9F797FE2148CA
:1088E0000468016841F080710160FFF78DF8FFF7BF
:1088F0007DF9002C30D0A00002D51BA0FEF7B2FB02
:10890000600002D51DA0FEF7ADFBE00002D520A05F
:10891000FEF7A8FB600102D523A0FEF7A3FBA00190
:1089200002D527A0FEF79EFB200102D529A0FEF765
:1089300099FB002C02DA2DA0FEF794FB32A0FEF783
:1089400091FBFAF7EDFB00F015FCF8F747FF002864
:10895000F7D1FFF785F9F4E72FA0EDE70000020853
:1089600008ED00E07438024072657365742063613D
:108970007573653A20495744470D0A00726573655F
:10898000742063617573653A20575744470D0A0098
:1089900072657365742063617573653A20736F66E1
:1089A00074776172650D0A00726573657420636186
:1089B0007573653A204E5253542070696E0D0A004B
:1089C00072657365742063617573653A20424F5216
:1089D0000D0A000072657365742063617573653AF2
:1089E00020706F7765722D6F6E0D0A00726573656A
:1089F000742063617573653A206C6F772D706F77A3
:108A000065720D0A000000006D61696E207374616B
:108A100072740D0A00000000726573657420636152
:108A20007573653A20706F7765722F62726F776E1B
:108A30002D6F75742F70696E202843535220636C1C
:108A40006561726564290D0A000000002DE9F34F8D
:108A5000076842688468C36890B0BE469246A346E1
:108A600099460021EC46119D05EB810595F80280A1
:108A70002E88ED7868F31F4646EA05654CF82150CC
:108A8000491C1029EFDB0021102906DA02EA04054F
:108A900023EA020635430E4620E0202908DA02EADE
:108AA000030524EA0306354301EB8106761C0DE03D
:108AB000302906DA82EA04055D4001EB4106761DA5
:108AC00004E062EA03056540C1EBC1064FEAE67CBB
:108AD00006EB1C7C2CF00F0CA6EB0C06DFF844C058
:108AE0005DF826603D445CF821801F4646443544CD
:108AF0000CF580762346765C14467642F5412A19B9
:108B0000491C4029C0DB0EEB070101600AEB0201A2
:108B100041600BEB0401816009EB0301C16012B0FD
:108B2000BDE8F08FE4AA02082DE9FF4F81B00646A8
:108B3000DDE90EB80398F7F7D4FB07460498F7F77A
:108B4000D0FB81465846F7F7CCFB224C82462046A4
:108B5000042221A101F0C0F904212154401CC221AA
:108B60002154401C4FEA18212154401C451C04F894
:108B7000008060193A46039901F0AEF90544601986
:108B80004A46049901F0A8F905446019524659462D
:108B900001F0A2F947193946684600F067FF04461C
:108BA000C51902986D1C854204DD4FF0FF3005B0F9
:108BB000BDE8F08F1020307022466946701CF7F730
:108BC00042FB30193A460349401CF7F73CFB284664
:108BD000EDE70000646A00204D515454000000008D
:108BE000C021017000214170022070472DE9F84F2B
:108BF00005469B46924689461046DDF82880F7F7E1
:108C000070FB00EB08070646BF1C3946684600F0BB
:108C10002DFF04460744781C484503DD4FF0FF3024
:108C2000BDE8F88F3020287022466946681CF7F7A7
:108C30000AFB2C44601C3246514601F04DF9B8F154
:108C4000000F05DDA01942465946C01CF7F7FBFA94
:108C5000781CE5E72DE9F0410446C2B01E4688467F
:108C600017461046F7F73DFB174902466D46088840
:108C7000030A8DF800308DF80100401C0880394649
:108C8000A81C01F029F9801C2E54401C07460146FF
:108C900040A800F0EBFEC619761C0546464504DDEB
:108CA0004FF0FF3042B0BDE8F081822020702A46AC
:108CB00040A9601CF7F7C7FA60193A466946401C9C
:108CC000F7F7C1FA3046EDE7940100202DE9F041B5
:108CD0008046876800780E46C0F341000860D8F8E7
:108CE00004104FF0FF3002291CDB3A8855BAAC1C47
:108CF000002D17DD9F2D15DCA14213DB2A46B91C80
:108D00000948F7F7A0FA084800214155706030681B
:108D1000002800DDA41C3819B060D8F80400001B3E
:108D2000F060C017BDE8F0816470002070B50B4C96
:108D30000025A068002802DD6168884201DDA56089
:108D400070BD0A1A064901440548F7F77CFAD4E9D0
:108D50000101401AC4E9010570BD00009401002022
:108D6000646C002070B50B4C03460D466068C0F57E
:108D700080618D4204DD08A0FEF774F9002007E051
:108D80000D492A4608441946F7F75DFA60682844F9
:108D9000606070BD940100206D7174742072656113
:108DA000736D206F766572666C6F772C20726573B9
:108DB00065740D0A00000000646C00202DE9F04786
:108DC00018494FF0FF384E68022E1CDBDFF8589030
:108DD000771E01228A46002309F1010C1946B94287
:108DE00011DA1CF8014001F1010104F07F0505FBD7
:108DF0000233D201240604D4CA18521CB24202DC47
:108E000004E00429EBDB4046BDE8F08799F80060F8
:108E100049440670491CC0E901310020CAF8082005
:108E2000F2E7000094010020646C002000F0F000E4
:108E300040280FD004DC202808D0302804D107E0D7
:108E4000902809D0D02809D005A0704706A0704707
:108E500007A0704708A0704709A070470AA0704794
:108E60004F54484552000000434F4E4E41434B0083
:108E70005055424C4953480050554241434B000025
:108E800053554241434B000050494E4752455350C1
:108E9000000000002DE9FF5F1D4683460B4600924F
:108EA0003CA260214148FEF7EDF84FF0FF38602802
:108EB0006AD20026DFF8F8A04FF040093446374662
:108EC0001BE03D2918D03B48F7F701FA60B139495A
:108ED000401A002806DBA41D40EA8717082C0BDB8C
:108EE0004E4503DB46460BE04046F2E7083C27FAD6
:108EF00004F00AF80600761C6D1C29780029E0D1E0
:108F0000002E41DB2CA229492EA08DE8070027481E
:108F10005B462DA2A021E030FEF7B4F8A02833D2A2
:108F2000234B31464033A3F594722148FFF7E2FA10
:108F30001F4A2023483A102102F18800FEF76AFFF9
:108F400010BB1A4980226031184800F093FFD8B94D
:108F5000174928222839A1F1200000F08BFF98B989
:108F6000134A18A1283AA2F5A073CDE9003BCDE938
:108F70000212DDE90E0110A316A2FEF783F8002805
:108F800002DB0F99884203DB404604B0BDE8F09F46
:108F90000020FAE770726F64756374732F25732F66
:108FA000646576696365732F257300004C68002043
:108FB000146A00209AAA0208323031382D31302D3F
:108FC000333100006D64350025750A25730A257359
:108FD0000A25730076657273696F6E3D257326727C
:108FE00065733D25732665743D2575266D6574682A
:108FF0006F643D2573267369676E3D25730000001D
:1090000000F0AEBC00F0AEBC10B500210C4B0A461F
:1090100001EB410003EBC000491C42608260027317
:109020000261C9B242615029F2D3FCF777FD0549CC
:109030000860BDE81040A4210348F7F72BB90000F1
:109040005C39002044000020DC4000200E4910B5AF
:109050004A780A2A0FD270B101EB820250604A7836
:10906000521C4A708A7801EB8202D0628878401CD8
:109070008870012010BD4FF4BC7204A1002000F0E4
:1090800019F8002010BD0000DC4000202E2E5C4F9F
:1090900053414C5C6F73616C5F626172656D6574A6
:1090A000616C2E63000000000149486070470000B9
:1090B000440000202DE9F047804692460C460846C1
:1090C000F7F70FF905E0211811F8011C5C2903D00E
:1090D000401E10F0FF00F6D1204481460146434671
:1090E000524617A0FDF7BEFF204FF878401CC0B2D3
:1090F000F870B8F1020F1AD0012818D8002505EB36
:109100008500002407EBC00606EB8400436DC06FAA
:10911000834204D11BB15246494640469847641CDD
:10912000E4B20A2CF0D36D1C15F0FF05E7D010480F
:10913000406800B18047BDE8F04700F015BC000072
:109140003C6173736572743A66696C65282573298E
:109150002C206C696E65282575292C206576656E36
:1091600074282575293E0D0A00000000DC4000200F
:10917000440000202DE9F0412E4C606800B180478A
:10918000FCF7CCFC2168002681422BD0884201D319
:10919000451A02E0C9430D186D1C2060264F0024BB
:1091A00004EB440C07EBCC000169B9B14368ABB1E7
:1091B0008268AA4203D3521B826001D00EE086600F
:1091C0004269914202D04FF486722AE0027B0AB1D2
:1091D000836000E0466057F83C008847641CE4B2B6
:1091E000502CDDD3154A51789078814201D10A295B
:1091F00002D94FF48D7214E0002918D01078431C66
:109200001370814201D80020167002EB800148687B
:10921000C96A884203D110B1BDE8F04100474FF45C
:109220009272BDE8F04106A10020FFF743BFBDE800
:10923000F0810000440000205C390020DC40002068
:109240002E2E5C4F53414C5C6F73616C5F62617298
:10925000656D6574616C2E6300000000FCF756BC00
:1092600010B5044661B1124A002000EB400302EB46
:10927000C3031B6933B1401CC0B25028F5D303E0CF
:109280006E2202E0502806D375220AA10020FFF7C3
:1092900011FFFF2010BD00EB400342F8334002EB0A
:1092A000C30200245460946014731161516110BDB5
:1092B0005C3900202E2E5C4F53414C5C6F73616C07
:1092C0005F626172656D6574616C2E630000000001
:1092D00010B5502805D3BB2208A10020FFF7EAFEF5
:1092E0000AE000EB40010C4800EBC100016919B134
:1092F000406808B1012010BD002010BD2E2E5C4F2B
:1093000053414C5C6F73616C5F626172656D657433
:10931000616C2E63000000005C39002050280CD2E4
:1093200000EB4003074800EBC30003692BB1642343
:10933000594341608160027370479D2202A1002061
:10934000FFF7B8BE5C3900202E2E5C4F53414C5CB9
:109350006F73616C5F626172656D6574616C2E63C1
:1093600000000000502804D3AC2207A10020FFF722
:10937000A1BE00EB40020B48002100EBC20041609F
:1093800081600173704700002E2E5C4F53414C5C8E
:109390006F73616C5F626172656D6574616C2E6381
:1093A000000000005C390020F8B50C46074600F0CC
:1093B00003F905004FF0FF3601D53046F8BD5C21BA
:1093C0002046F6F767FFC4E90056221D16A138466D
:1093D000FFF74AF904F1080214A13846FFF744F9EF
:1093E00004F10C0213A13846FFF73EF904F1100214
:1093F00012A13846FFF738F9202304F1140211A115
:109400003846FFF7CDF904F13402282315460FA1A1
:109410003846FFF7C5F9009594E80E000CA0FDF75B
:1094200021FE0020F8BD00007469640073697A654C
:1094300000000000737461747573000074797065C6
:109440000000000074617267657400006D6435008F
:109450005B6F74615D20636865636B207265737513
:109460006C743A20636F64653D2564207469643DC3
:1094700025642073697A653D2564206D64353D253A
:10948000730D0A002DE9F047B6B08946DDE93FA526
:10949000C82104AECDE900611746DDF8F8804946E1
:1094A000FFF7F8FC4FF0FF3470B909A1CDE90216BF
:1094B000CDE900784B460C4A29465046FDF7E2FDBF
:1094C000002801DBA84200DB204636B0BDE8F0876B
:1094D000696F742D6170692E6865636C6F75647354
:1094E0002E636F6D0000000048AF02082DE9F04FB9
:1094F000C3B08A46DDE94DB7C82105AEDDF830912D
:10950000509DCDE9006190465146FFF7C3FC4FF0F6
:10951000FF34F0B900208DF8DC00002F08DB5B463B
:109520000EA2302137A80097FDF7ACFD302810D2ED
:109530000FA237A9CDE9022604915346124A2946C3
:10954000CDE900894F98FDF79DFD002801DBA84279
:1095500000DB204643B0BDE8F08F000052616E672B
:10956000653A20256C642D256C640D0A000000000E
:10957000696F742D6170692E6865636C6F756473B3
:109580002E636F6D00000000B8AF020810B5FBF746
:1095900033FB07490020FFF763FE0649FF280870E8
:1095A00005D00122BDE810406421FFF7B7BE10BD11
:1095B000D94C0208145B002038B510A1F6F775FEEF
:1095C0004FF0FF35B8B13A21F6F781FE98B1441C4F
:1095D00000E0641C20782028FBD00928F9D0C0B214
:1095E00030380A2807D20A2269462046F6F79DFE3F
:1095F0000099A14200D1284638BD000022636F6463
:10960000652200002DE9F04FC1B08946DDE94CB676
:10961000DDE94A8AC82106ACCDE900411746494632
:10962000FFF738FC4FF0FF35C8B953460EA2202192
:1096300038A8FDF727FD202811D238A9CDE904412B
:109640000CA2CDE90220CDE900784B460F4A314605
:109650005846FDF717FD002801DBB04200DB284625
:1096600041B0BDE8F08F00007B2273746570223A30
:1096700025647D00696F742D6170692E6865636C67
:109680006F7564732E636F6D00000000B4B0020844
:1096900003484178002901D1012181707047000001
:1096A000145B00202DE9F043B7B08846C82105AE11
:1096B000CDE90061DDE93E9517464146FFF7EAFB3B
:1096C0004FF0FF3488B92B2115A20097CDE9012175
:1096D00008A0CDE903604346174A29464846FDF7EE
:1096E000D1FC002801DBA84200DB204637B0BDE8F2
:1096F000F08300007B22735F76657273696F6E2260
:109700003A22312E302E30222C2022665F7665726E
:1097100073696F6E223A2022312E302E30227D0066
:10972000696F742D6170692E6865636C6F75647301
:109730002E636F6D000000001CB002082DE9F04799
:109740008AB08246002508AA28A1FEF7FFFF4FF045
:10975000FF3968B99DED080B51EC100BF6F78DFF42
:1097600030B1C82804D0014622A0FDF77BFC3BE0C5
:1097700028A15046FEF728FF00B18246DFF89C8002
:10978000002404EB440608EBC607B968F1B158F8A9
:10979000361006AA5046FEF783FFB8B99DED060BBA
:1097A00051EC100BF6F7A0FF00EE100A18216846E6
:1097B000F8F772F958F836106A4619A0FDF752FC0E
:1097C00038469DED060B00F0E7F86D1C641C062C76
:1097D000D7D3002D05D007DD4FF000000AB0BDE85B
:1097E000F08714A0FDF73EFC4846F7E7636F646519
:1097F0000000000064657369726564206765742009
:10980000726566757365642C20636F64653D2564BD
:109810000D0A00006461746100000000D4000020A3
:1098200064657369726564202573203D2025730D7E
:109830000A00000064657369726564207265706C6B
:109840007920686173206E6F207772697461626C31
:10985000652070726F70730D0A0000002DE9FC41E5
:109860004FF0FF3580460D600020107016460C4604
:109870001F466A461A494046FEF768FF58B99DEDF3
:10988000000B51EC100BF6F7F8FE16490A699042EE
:1098900001DB401C08616A4613A14046FEF756FFF3
:1098A00040B16A4612A14046FEF750FF10B128466B
:1098B000BDE8FC819DED000B51EC100BF6F7DDFED1
:1098C00020603B4632460CA14046FEF789FF28B196
:1098D0003B4632460AA14046FEF782FF0020E7E7FA
:1098E0005C990208B0000020657272636F646500C5
:1098F000636F6465000000006572726D736700003D
:109900006D7367002DE9FC41804600252023124A33
:1099100012A1FEF765FF104F0024A03F04EB4400A6
:1099200007EBC006B16861B157F830106A4640468F
:10993000FEF70CFF28B930469DED000B00F02CF827
:109940006D1C641C062CE9D3002D02DD0020BDE84F
:10995000FC814FF0FF30FAE77401002069640000D9
:1099600072B6704762B6704772B608494AF6AA20C6
:109970000860BFF34F8F06480168064A01F4E061B2
:1099800011430160BFF34F8F00BFFDE7003000407F
:109990000CED00E00400FA0510B50446406886B0FE
:1099A000012834D002280ED051EC100BF6F765FEDA
:1099B0000346E0601CA218216846FDF763FB1BA06C
:1099C000E268216818E09FED1D1B51EC100B53EC71
:1099D000112BF6F771FE01D0012000E0002060613C
:1099E00008B118A300E019A31AA218216846FDF7D0
:1099F00049FB6A4618A02168FDF734FB1A48026A41
:109A0000002A02D069462068904706B010BD51EC8C
:109A1000100BF6F769FE00EE100A182184ED040A17
:109A20006846F8F739F8E4E72564000070726F7053
:109A3000202573203C2D2025640D0A000000000025
:109A400000000000747275650000000066616C73B0
:109A5000650000002573000070726F702025732070
:109A60003C2D2025730D0A00B000002010B50446DF
:109A70000020CA1701EB526323F07F02891ACAB291
:109A8000D911002901DD42F080022254401C042833
:109A900002DD4FF0FF3010BD0029EADC10BD0000F0
:109AA000024948600020087070470000A0010020B3
:109AB000F0B585B0FFF7D2FB054600240F4F104EDE
:109AC00017E00E48203850F82400C16879B157F8E3
:109AD0002420AA1A8A420AD347F82450816868468B
:109AE000884720B9716811B1684604958847641C9D
:109AF000E4B230788442E4D305B0F0BD3471002084
:109B0000A001002070B5040005D0A06818B1124D66
:109B10002878082801D3002070BD606830B18047E4
:109B200020B10EA02168FDF79DFAF4E712482978CC
:109B300040F82140FFF792FB01460F4A2878203277
:109B400042F82010401C28700CA0E2682168FDF744
:109B500089FA012070BD0000A00100205B73656ED2
:109B6000736F725D20257320696E69742066616968
:109B70006C65640D0A000000147100205B73656E53
:109B8000736F725D202573207265676973746572E7
:109B900065642C20706572696F6420256C756D7327
:109BA0000D0A00002DE9F84306461C48002501680F
:109BB00041F4800101600068194C00F480000090BD
:109BC000F0692060306AC4E901054FF48068C4E997
:109BD000035865614FF40039A561C4E9075920466F
:109BE0006562F8F77FFA04F1C007FC63A76360348D
:109BF00070692060B069606004F10801402081E86C
:109C000021016561A561C4E9075920466562F8F73D
:109C100069FABC63A763BDE8F883000030380240EE
:109C20007037002028B1012805D0022806D0002076
:109C300070470448704703484830704701489030E7
:109C400070470000303800202DE9F04385B0894688
:109C50008046F7F7CDF805464046FFF7E3FF044698
:109C6000002D7DD0687800287AD0002C7ED0414924
:109C70006868012688420AD33F490A684FF4403396
:109C80001844800A06FA00F002430A6007E03A4AE4
:109C9000121F1168800A06FA00F0014311601421B6
:109CA0006846F6F7F7FA3449AF68143908684FF494
:109CB00000323A44920A334696403043086002200C
:109CC000CDE9010303200390E8680090A878049090
:109CD00069463846F8F764FB28690090E8780490F4
:109CE00069463846F8F75CFB686820604FF4E1305D
:109CF00060600020A060E0602061A0610C206061D5
:109D00002046F9F79BF9404600F038F898B128460C
:109D1000FFF748FF002201214620F8F7BBFC462050
:109D2000F8F7ABFC002201213A20F8F7B3FC3A2007
:109D3000F8F7A3FC0DE04046FFF774FF48B1016857
:109D4000CA6842F02002CA600068C16841F0100190
:109D5000C160002201214846F8F79CFC484600E01B
:109D600004E005B0BDE8F043F8F787BC05B0BDE8F6
:109D7000F0830000000001404438024010B5F7F7BE
:109D800037F818B1C06908B1012010BD002010BD1E
:109D9000002805D103494FF480620348F8F7C6BF95
:109DA00070470000B4060020303800207CB505461E
:109DB000FFF738FF040020D020680168C9438B06F4
:109DC0004FF0650115FB01F10C4A02EB011507D4B8
:109DD00040688DF80000281D01226946F9F772FAE3
:109DE00020680168C943C90604D40168406801902D
:109DF0000120A8702046F8F7E1FF7CBD8006002016
:109E00002DE9F0410446FFF70DFF5FEA000829D075
:109E1000FFF7A6FD652014FB00F1154800EB0114C7
:109E200004F11C000646F9F74AFA05466078D8B9ED
:109E3000D5B14FF40070854200D9054604F2344193
:109E40000F4630462A46F9F7EFF901206070FFF718
:109E500089FDAAB239464046F9F725F9002801D014
:109E600000206070BDE8F081BDE8F041FFF77ABDE9
:109E7000800600202DE9F04116460F4605460024D5
:109E80004FF0FF3815E01148F6F721FA50B1201DC8
:109E9000B04214DC2B78311B38190DA2FDF7F2F813
:109EA000044405E0A01CB04209DC28783855641C45
:109EB0006D1C29780029E6D1601CB04202DD4046C5
:109EC000BDE8F08100203855FAE70000DBAA02085F
:109ED000252525303258000010B51446120A00F826
:109EE000012B224600F8014BF6F7ADF9A01C10BD7E
:109EF00010B5174C04F124006188F7F769FBB0B185
:109F0000207B401C20730620F7F70EFD207BC00647
:109F1000B0F1006F1AD1F7F717FB0446F7F71AFBF9
:109F200022460146BDE810400AA0FDF79BB811A0EB
:109F3000FDF798F81820F7F7F7FC1820F7F7F4FC6E
:109F4000F7F744FBBDE81040F7F7B6BB10BD0000C3
:109F5000547100205B594D4F44454D5D2070726F28
:109F600067726573732025752F2575206279746576
:109F7000730D0A005B594D4F44454D5D2077726962
:109F8000746520666C617368206661696C65640D38
:109F90000A00000070B50D46014604690548F9F74E
:109FA000B0F9002C04D02846A446BDE870406047B4
:109FB00070BD0000707B002010B51548F9F7FEF960
:109FC000044613480C30F9F7F9F9044410481830E6
:109FD000F9F7F4F92044082801D0AA2210E00C482F
:109FE000F9F7ECF904460A480C30F9F7E7F9C442EE
:109FF0000CD008480078FFF76BF9002806D1AD2295
:10A00000BDE8104004A10020FFF754B810BD0000C7
:10A01000587B0020B80100202E2E5C436F6D706FBE
:10A020006E656E74735C70726F746F5C796D6F6463
:10A03000656D5C796D6F64656D5F73656E642E63CD
:10A040000000000070B52C4D287870B12846F6F756
:10A0500048F9A5F1240480B26288411C8A4217D8CD
:10A0600026A0FCF7FFFF152032E02DA0FCF7FAFF39
:10A0700000214320F7F7B8FB0620F7F755FC18201E
:10A08000F7F752FC1820F7F74FFCF7F781F92FE0AC
:10A0900028440A220021401CF6F77FF905460246B3
:10A0A000154929A0FCF7DEFF00214320F7F79CFBB0
:10A0B0000620F7F739FC2846F7F772FA60B12A460E
:10A0C0000D492DA0FCF7CEFF01202073E073432043
:10A0D000BDE87040F7F728BC294632A0FCF7C2FF64
:10A0E0001820F7F721FC1820F7F71EFCF7F76EFA97
:10A0F000BDE87040F7F7E0BA787100205B594D4F2A
:10A1000044454D5D2068656164206E616D65207415
:10A110006F6F206C6F6E672C204E414B0D0A000054
:10A120005B594D4F44454D5D20656E642070616301
:10A130006B65742072656365697665642C20666959
:10A140006E6973680D0A00005B594D4F44454D5DC3
:10A150002068656164207061636B65743A206E618C
:10A160006D653D25732C2073697A653D25752062E8
:10A17000797465730D0A00005B594D4F44454D5D80
:10A1800020737461727420646F776E6C6F61642CDD
:10A190002066696C653D25732073697A653D257578
:10A1A0000D0A00005B594D4F44454D5D20737461AD
:10A1B000727420757064617465206661696C656491
:10A1C0002C2073697A653D25750D0A0010B504A031
:10A1D000FCF748FFF7F7FAF9BDE81040F7F76CBA5B
:10A1E0005B594D4F44454D5D2063616E63656C6501
:10A1F000642062792073656E6465720D0A00000048
:10A2000010B5104C607B58B1A07B70B10020A073DA
:10A210000DA0FCF727FFBDE810401520F7F784BB21
:10A22000BDE8104011A0FCF71DBF1BA0FCF71AFFF2
:10A230000620F7F779FB4320F7F776FBFBF766FC80
:10A24000206210BD547100205B594D4F44454D5D57
:10A2500020454F54203173742C204E414B20666FA3
:10A260007220726573656E640D0A00005B594D4F74
:10A2700044454D5D20454F542069676E6F7265649B
:10A280002C2064617461206E6F7420636F6D706C3C
:10A290006574650D0A0000005B594D4F44454D5DE6
:10A2A00020454F5420326E642C2041434B2B2743D2
:10A2B00027207761697420656E6420706B740D0AC5
:10A2C00000000000044801218022417042800022E9
:10A2D0008280017070470000547100200448022100
:10A2E0004170490241800021818001210170704745
:10A2F000547100202DE9F041DFF8CCC00020ACF112
:10A3000024040246678841F221054FF6FF7611E0EA
:10A310001CF8021080EA01200021030403D585EA1D
:10A32000400080B201E006EA4000491CC9B2082999
:10A33000F3D3521CBA42EBD32349628924399042A9
:10A34000097A05D0627821A02369FCF78BFE1AE018
:10A35000607B00B161B1207B421ED2B291420BD131
:10A3600027A0FCF77FFEBDE8F0410620F7F7DCBA36
:10A37000BDE8F041FFF766BE81420FD00A460146B4
:10A3800028A0FCF76FFE1520F7F7CEFAE07B002837
:10A3900002D02069401C2061BDE8F08100202061CE
:10A3A00071B1FFF7A5FDF7F7D5F80546F7F7CCF83B
:10A3B0008542F1D3F7F7D4F80128EDD16073EBE7CC
:10A3C000FFF740FEEFE70000787100205B594D4F2A
:10A3D00044454D5D20637263206572722C20736565
:10A3E000713D25752C20747970653D253032582CCF
:10A3F000206572726F72733D25750D0A00000000B2
:10A400005B594D4F44454D5D2064757020706B74F1
:10A41000207365713D25752C2072652D61636B0D70
:10A420000A0000005B594D4F44454D5D2073657136
:10A43000206572722C206578706563743D25752CDB
:10A4400020676F743D25750D0A00000070B5044645
:10A45000FBF75CFB494D0021E861287828B9182CEE
:10A460000CD0412C17D0612C15D0697507287DD2EE
:10A47000DFE800F02040435763687000687D38B122
:10A480006975BDE87040002211461820FFF79EBE96
:10A490000120687570BD3AA0FCF7E4FD1820F7F7BD
:10A4A00043FA1820F7F740FAF7F790F8BDE8704044
:10A4B000F7F702B93948416819E08888A04215D1F8
:10A4C0008B6853B1C86883420AD04FF41872BDE854
:10A4D000704033A10020FEF7EDBD40F25F22F6E7A9
:10A4E0002046BDE87040002211461847096800293F
:10A4F000E3D170BD2C72022022E06C72297A81EACD
:10A500000400FF280BD0224630A0FCF7ABFD15203D
:10A51000F7F70AFA6888801CE880062010E003201C
:10A520000EE01649A88824310C54401C80B2A88043
:10A5300069888842DDD3042002E02002688105207A
:10A54000287070BD6889204368812970BDE870401B
:10A55000FFF7D0BEE88820B1401E0004000CE88060
:10A56000EFD12970E87B0028EBD000E003E02869F8
:10A57000401C286170BD297070BD0000547100201E
:10A580005B594D4F44454D5D2061626F7274656447
:10A5900020627920757365720D0A0000AC010020FD
:10A5A0002E2E5C436F6D706F6E656E74735C70728F
:10A5B0006F746F5C796D6F64656D5C796D6F6465E8
:10A5C0006D5F726563762E63000000005B594D4F2E
:10A5D00044454D5D2073657120696E762065727209
:10A5E0002C207365713D253032582C20696E763DE4
:10A5F000253032580D0A000070B5324D287D0028F4
:10A600004FF0020003D0F6F7E1FB044611E0F6F745
:10A61000DDFB044603E00220F6F7BEFC641E002CBE
:10A62000F9D170BD0220F6F7B7FCC0B2FFF70EFFFC
:10A63000641E002CF6D1FBF769FA0446F6F790FF8A
:10A6400068B1687B002820D0286A00281DD0211A14
:10A6500040F6B830814218D3297861B115E0A86975
:10A66000211A42F210708142DBD317A0FCF7FAFCEA
:10A670000020287570BDE969611A814205D31FA0C9
:10A68000FCF7F0FCF6F784FE18E0E869211A41F2C5
:10A690008830814201D325A006E0E87B0028E9D07C
:10A6A00028690528E6D92AA0FCF7DCFC1820F7F772
:10A6B0003BF91820F7F738F9F6F788FFBDE8704046
:10A6C000F6F7FABF547100205B594D4F44454D5D7C
:10A6D00020757067726164652077696E646F77209A
:10A6E000636C6F7365642C20726573657420746F7E
:10A6F0002072652D656E7465720D0A005B594D4FB1
:10A7000044454D5D20656E64207061636B65742007
:10A710006D697373696E672C2066696E6973682052
:10A72000616E797761790D0A000000005B594D4F29
:10A7300044454D5D20726563656976652074696D79
:10A74000656F75742C2061626F72740D0A000000D1
:10A750005B594D4F44454D5D20746F6F206D616EA8
:10A7600079206572726F72732C2063616E63656C01
:10A770000D0A000070B54748F8F720FE044645482A
:10A780000C30F8F71BFEC442434804D10078BDE802
:10A790007040FEF7E7BD012211460078FEF7BEFDCE
:10A7A0003C48F8F7FBFD044600251CB3E088401C3C
:10A7B00080B2E0802189884217D9E580214635485A
:10A7C000F8F7C9FD06462079401E10F0FF00207101
:10A7D00006D0304821460C30F8F793FD3446E4E7C4
:10A7E00002212046FFF7D6FBF8E72046F8F7DEFD0A
:10A7F0000446DAE727480C30F8F7D0FD0FE0E4B163
:10A80000E088401C80B2E0802189884204D9E5803C
:10A81000207930B1401E20712046F8F7C7FD04466C
:10A82000EDE71C4821460C30F8F795FD064602215D
:10A830002046FFF7AFFB3446E1E716480C30F8F747
:10A84000BDFD002825D013480C30F8F7A7FD0446BD
:10A85000002C1ED00220F6F70BFB6289904204D335
:10A8600004F10C010220F6F7ABFB0A4821460C303C
:10A87000F8F771FD0646207928B1E58021460548A4
:10A88000F8F73FFD03E000212046FFF783FB344645
:10A89000DEE770BD587B0020B801002000000000FA
:10A8A0000000000001020304060708090000000080
:10A8B0000102030400061016000610160001070727
:10A8C00000100140000002400002000000040000EF
:10A8D000B864024000000008406402400000000824
:10A8E000010107070044004000000240040000008E
:10A8F0000800000000000000000000000000000050
:10A900000000000002010707004800400004024068
:10A91000000400000008000000000000000000002B
:10A920000000000000000000000000000000000027
:10A930000000000000000000000000000000000017
:10A940000000000000000000000000000000000007
:10A9500001000000020000000300000004000000ED
:10A9600005000000060000000400000008000000D0
:10A9700010000000200000004000000080000000E7
:10A9800000010000CCAC0208C8000000F8AC0208CE
:10A9900064000000E8AC0208C2010000DCAC020860
:10A9A000FF00000004AD020800000000D0AC020867
:10A9B000000000004CAD02085B07000060AD02081B
:10A9C00010AD02081CAD020810AD020860AD02080F
:10A9D0000000000001000000020000000300000071
:10A9E0000400E803050000004CAE020888130200D2
:10A9F00058AE020864AE0208E4AD020888130100F4
:10AA000058AE020864AE020828AE0208881301009E
:10AA100058AE020864AE0208ECAD020888130100CB
:10AA200058AE020864AE0208B4AD0208983A0100BC
:10AA300058AE02085CAE0208FCAD02081027010007
:10AA400058AE020864AE020838AE0208881301004E
:10AA500054AE020864AE0208D4AD020888130000A8
:10AA600058AE02080000000099340208A935020817
:10AA7000D5330208813402085D340208000000006A
:10AA800061370208893802089D36020849370208F2
:10AA90002537020879380208D00041424344454630
:10AAA0004748494A4B4C4D4E4F50515253545556BE
:10AAB0005758595A6162636465666768696A6B6C66
:10AAC0006D6E6F707172737475767778797A3031D4
:10AAD00032333435363738392B2F002B202F3F2592
:10AAE00023263D0078A46AD756B7C7E8DB70202438
:10AAF000EECEBDC1AF0F7CF52AC68747134630A8FE
:10AB0000019546FDD8988069AFF7448BB15BFFFF94
:10AB1000BED75C892211906B937198FD8E4379A604
:10AB20002108B44962251EF640B340C0515A5E2642
:10AB3000AAC7B6E95D102FD65314440281E6A1D806
:10AB4000C8FBD3E7E6CDE121D60737C3870DD5F49F
:10AB5000ED145A4505E9E3A9F8A3EFFCD9026F67A4
:10AB60008A4C2A8D4239FAFF81F6718722619D6DE8
:10AB70000C38E5FD44EABEA4A9CFDE4B604BBBF622
:10AB800070BCBFBEC67E9B28FA27A1EA8530EFD4F1
:10AB9000051D880439D0D4D9E599DBE6F87CA21FDD
:10ABA0006556ACC4442229F497FF2A43A72394ABEB
:10ABB00039A093FCC3595B6592CC0C8F7DF4EFFFF9
:10ABC000D15D84854F7EA86FE0E62CFE144301A37F
:10ABD000A111084E827E53F735F23ABDBBD2D72A77
:10ABE00091D386EB070C1116070C1116070C1116E2
:10ABF000070C111605090E1405090E1405090E148B
:10AC000005090E14040B1017040B1017040B101772
:10AC1000040B1017060A0F15060A0F15060A0F1562
:10AC2000060A0F154CB10208C15B0208CD5B020891
:10AC3000881300005CB10208015C02080D5C020888
:10AC4000E803000000404040404040404040414157
:10AC500041414140404040404040404040404040F1
:10AC6000404040404005020202020202020202028B
:10AC70000202020202202020202020202020200288
:10AC80000202020202029090909090901010101018
:10AC900010101010101010101010101010101010B4
:10ACA0000202020202028888888888880808080848
:10ACB0000808080808080808080808080808080814
:10ACC000020202024000000045AC0208435351005A
:10ACD000736D6F6B655F76616C75650074656D7023
:10ACE0005F76616C7565000068756D69646974797B
:10ACF0005F76616C75650000686F745F76616C7675
:10AD000065000000736D6F6B655F616C61726D0053
:10AD100058394463696F35634930000054484E70B8
:10AD20004F45686B63465658623156425346453527
:10AD300062304A6E576D5A4462464242636D4A59C8
:10AD400055557479516B4D3D000000006D71747460
:10AD5000732E6865636C6F7564732E636F6D00008E
:10AD6000736D617274646170000000005B4657553A
:10AD700050475D20646F776E6C6F616420646F6E06
:10AD8000652C2073697A653D25752C2063726333C9
:10AD9000323D3078253038582C2072657365742028
:10ADA000666F7220626F6F746C6F616465720D0AFA
:10ADB0000000000041542B43574A41503D2231329C
:10ADC00033222C2279773232333334343535220D25
:10ADD0000A00000041542B434950434C4F53453D1A
:10ADE000300D0A00415445300D0A000041542B43F8
:10ADF00049504D55583D310D0A00000041542B4338
:10AE0000495053544152543D302C22554450222C29
:10AE1000226E74702E616C6979756E2E636F6D226F
:10AE20002C3132330D0A000041542B43574D4F440F
:10AE3000453D330D0A00000041542B434950534512
:10AE40004E443D302C34380D0A00000041540D0AA8
:10AE5000000000003E0000004F4B00004641494CFE
:10AE6000000000004552524F5200000024737973D5
:10AE70002F25732F25732F7468696E672F70726F7B
:10AE800070657274792F7365740000002473797390
:10AE90002F25732F25732F7468696E672F70726F5B
:10AEA00070657274792F646573697265642F676564
:10AEB000742F7265706C7900247379732F25732F4A
:10AEC00025732F7468696E672F6576656E742F70B1
:10AED0006F73742F7265706C79000000247379733E
:10AEE0002F25732F25732F7468696E672F70726F0B
:10AEF00070657274792F706F73742F7265706C79CE
:10AF00000000000025303278253032782530327844
:10AF10002530327825303278253032782530327835
:10AF20002530327825303278253032782530327825
:10AF30002530327825303278253032782530327815
:10AF40002530327800000000474554202F66757385
:10AF5000652D6F74612F25732F25732F63686563CB
:10AF60006B3F747970653D312676657273696F6EDB
:10AF70003D257320485454502F312E310D0A486F0F
:10AF800073743A2025730D0A417574686F72697A7B
:10AF90006174696F6E3A2025730D0A436F6E6E659A
:10AFA0006374696F6E3A206B6565702D616C6976AC
:10AFB000650D0A0D0A000000474554202F66757381
:10AFC000652D6F74612F25732F25732F25642F64D2
:10AFD0006F776E6C6F616420485454502F312E315E
:10AFE0000D0A486F73743A2025730D0A4175746811
:10AFF0006F72697A6174696F6E3A2025730D0A2544
:10B0000073436F6E6E656374696F6E3A206B65652E
:10B01000702D616C6976650D0A0D0A00504F53540E
:10B02000202F667573652D6F74612F25732F25731F
:10B030002F76657273696F6E20485454502F312EED
:10B04000310D0A486F73743A2025730D0A436F6EF1
:10B0500074656E742D547970653A206170706C69F6
:10B06000636174696F6E2F6A736F6E0D0A436F6E42
:10B0700074656E742D4C656E6774683A2025640D96
:10B080000A417574686F72697A6174696F6E3A20EB
:10B0900025730D0A436F6E6E656374696F6E3A2097
:10B0A0006B6565702D616C6976650D0A0D0A2573F7
:10B0B00000000000504F5354202F667573652D6FAC
:10B0C00074612F25732F25732F25642F737461747A
:10B0D000757320485454502F312E310D0A486F7328
:10B0E000743A2025730D0A436F6E74656E742D5487
:10B0F0007970653A206170706C69636174696F6E14
:10B100002F6A736F6E0D0A436F6E74656E742D4CEB
:10B11000656E6774683A2025640D0A417574686F1E
:10B1200072697A6174696F6E3A2025730D0A436FF4
:10B130006E6E656374696F6E3A206B6565702D6124
:10B140006C6976650D0A0D0A2573000074656D70D3
:10B150002F68756D2873696D29000000736D6F6B22
:10B16000652861646329000088B10208000000209E
:10B17000C4010000DC0A0208D4B10208C4010020A6
:10B18000BC8900004C710208111324F4320102172B
:10B1900010291C019C0912A085CCAC0208B2145ADB
:10B1A000F8182934B20A9AE830B22D1ADC18C960AE
:10B1B00043CC41061304AD0208029AD048C11EDCFC
:10B1C000AE0208B8041A6C041A8C040A3130D44157
:04B1D0000A15FF0C51
:040000050802018963
:00000001FF
