:020000040802F0
:1000000030E1012059020208A92402087D020208F9
:10001000D1230208A10B0208D52C02080000000021
:10002000000000000000000000000000A101020824
:10003000DD0B020800000000F5010208012702089C
:1000400073020208730202087302020873020208B4
:100050007302020873020208790E02087302020892
:100060007302020873020208730202087302020894
:100070007302020873020208730202087302020884
:100080007302020873020208730202087302020874
:100090007302020873020208730202087302020864
:1000A0007302020873020208730202087302020854
:1000B0007302020873020208730202087302020844
:1000C0007302020873020208730202087302020834
:1000D00073020208BD2C02087302020873020208B0
:1000E0007302020873020208730202087302020814
:1000F0007302020873020208730202087302020804
:1001000073020208730202087302020873020208F3
:1001100073020208730202087302020873020208E3
:1001200073020208730202087302020873020208D3
:1001300073020208550C02087302020873020208D7
:1001400073020208730202087302020873020208B3
:1001500073020208730202087302020873020208A3
:100160007302020873020208730202087302020893
:100170007302020873020208730202080000000002
:100180007302020873020208DFF810D000F0A8FB27
:1001900000480047C99C0208AFF3008030E101200D
:1001A0002A4B19680868B0E8F04F80F30988BFF35C
:1001B0006F8F4FF0000080F311887047000000003F
:1001C00006480068006880F3088862B661B6BFF32D
:1001D0004F8FBFF36F8F00DF00BF00BF08ED00E05F
:1001E000DFF80C00016841F470010160704700BF46
:1001F00088ED00E0EFF30980BFF36F8F134B1A68AF
:100200001EF0100F08BF20ED108A20E9F04F10609B
:1002100008B44FF0500080F31188BFF34F8FBFF345
:100220006F8F12F055F94FF0000080F3118808BC71
:1002300019680868B0E8F04F1EF0100F08BFB0EC66
:10024000108A80F30988BFF36F8F70473800002051
:10025000EFF30580704700000648804706480047D6
:10026000FEE7FEE7FEE7FEE7FEE7FEE7FEE7FEE766
:10027000FEE7FEE7E92702088901020870466946A1
:1002800003F074FAFFF7FEFF2DE9F05F054600204A
:1002900092469B4688460646814640241BE02846F7
:1002A00041464746224600F044F953465A46C01A92
:1002B000914110D311461846224600F02BF92D1A11
:1002C00067EB01084F4622460120002100F022F989
:1002D00017EB00094E41201EA4F10104DFDC484663
:1002E00031462A464346BDE8F09F0000004870476B
:1002F000083403080649074A0868504343F23902A4
:1003000010440860400870470149086070470000C9
:10031000D40100206D4EC64110B5441A03469442E4
:1003200009D28418114403E011F8013D04F8013D9D
:10033000521EF9D210BD40EA0104A40703D009E01F
:1003400010C9121F10C3042AFAD203E011F8014B9E
:1003500003F8014B521EF9D210BDD2B201E000F8F1
:10036000012B491EFBD270470022F6E710B5134659
:100370000A4604461946FFF7F0FF204610BD10B5A7
:10038000044604E00B7800F8013B03B1491C521EFF
:10039000F8D2204610BD421C10F8011B0029FBD1E9
:1003A000801A704730B504460020034600E05B1C0D
:1003B000934203D2E05CCD5C401BF8D030BD70B5F9
:1003C000064602F0ADFC046805460A2200213046CC
:1003D00000F0BFF82C6070BD2DE9F04D81EA0304F8
:1003E00004F0004B21F0004514464FF0000A23F0C2
:1003F000004150EA050220D054EA01021DD0C5F3A5
:100400000A570246C5F31303C1F31300C1F30A569A
:1004100040F4801543F48013A7EB0608101BD64662
:1004200008F2FD3873EB050002D308F1010801E082
:1004300092185B41B8F1000F03DA00200146BDE8D5
:10044000F08D00204FF48011064684460EE0171B05
:1004500073EB050705D3121B63EB050306434CEA58
:10046000010C49084FEA300092185B4150EA01073D
:10047000EDD152EA030012D082EA040083EA0501BA
:10048000084305D0101BAB4106D20122002306E031
:1004900000224FF0004302E06FF0010253101AEB0C
:1004A00006004CEB085110EB0A0041EB0B01BDE8D4
:1004B000F04D00F086B8000030B5041E71F1000464
:1004C00004DB4FF00044404264EB0101141E73F161
:1004D000000405DB1C464FF00043524263EB04036B
:1004E000994208BF904230BD30B50B46014600200E
:1004F0002022012409E021FA02F59D4205D303FAE6
:1005000002F5491B04FA02F52844151EA2F1010266
:10051000F1DC30BD202A04DB203A00FA02F1002091
:1005200070479140C2F1200320FA03F31943904031
:100530007047202A04DB203A21FA02F0002170479C
:1005400021FA02F3D040C2F120029140084319463B
:1005500070472DE9F04791460F4680460446002635
:1005600014F8015B2DB1FFF7C1FE0068405DC007C4
:10057000F6D12B2D02D02D2D18D0641E4A463946B7
:10058000204600F0DFF927B13968A14201D1C7F850
:10059000008071054FF002040BD54042002803DDB6
:1005A00002F0BEFB0460A007BDE8F08746F4806659
:1005B000E4E70028F8DA02F0B3FB04606FF00040D3
:1005C000F2E710B5141E73F1000408DA401C41F183
:1005D000000192185B411A4301D120F0010010BDC7
:1005E0002DE9F04D92469B4611B1B1FA81F202E03D
:1005F000B0FA80F220329046FFF78CFF04460F4697
:1006000040EA0A0041EA0B0153465A46084313D018
:10061000114653EA010019D0C8F140025046FFF7D5
:1006200088FF05460E46504659464246FFF772FF80
:10063000084305D0012004E020463946BDE8F08D8E
:100640000020054346EAE0762C4337430A986305C9
:10065000E40AA0EB08000022FD0A44EA47540A30ED
:1006600002D500200146E9E7010510196941DDE9DD
:10067000084500196941BDE8F04DA2E72DE9FE4F9C
:10068000804681EA0300C00F0C46009021F0004133
:1006900023F00045B8EB0200A94105D240462146AF
:1006A00090461C460B46024623F00040104347D0BC
:1006B000270DC7F30A00C3F30A510290401A0190B4
:1006C00040286BDAC3F3130040F4801B0098924675
:1006D00020B10023D2EB030A63EB0B0B01985946C0
:1006E000C0F140025046FFF715FF06460D46504642
:1006F0005946019A00F006F910EB08006141002408
:1007000087EA115284EAE7731A4340D0009A62B331
:10071000019A012A4FEA075215DC001B61EB020126
:100720004FF0004202EA0752CDE90042001C41F5B9
:10073000801132462B46FFF753FF03B0BDE8F08F20
:1007400040462146F9E7001B61EB0201001C41F520
:10075000801300185B412018A2F5001747EB030136
:1007600040EAD570B6196D4111E06D084FEA3606C2
:1007700045EAC0754FEA0752001B61EB0201001CFD
:1007800041F5801149084FEA3000001951413246C5
:100790002B4603B0BDE8F04FFFF713BF00980122CE
:1007A00040000023D0EB020263EBE0730098214687
:1007B0004FEAE074B8EB000061EB0401E9E783F075
:1007C00000435BE781F0004158E72DE9FE4F81EAE5
:1007D000030404F0004421F0004100944FF0000BAA
:1007E00023F0004350EA01045ED052EA03045BD0D8
:1007F000C3F30A54C1F30A552C44A4F2F334019410
:10080000A0FB0254C1F3130141F48011C3F313039D
:1008100043F4801301FB024400FB034E840A970A51
:1008200044EA815447EA8357A4FB076802958D0A7E
:1008300005FB07854FEA932C04FB0C542705029D0A
:100840004FEA065847EA1637B5EB08056EEB070C7A
:10085000870E920E47EA811742EA8312A7FB020134
:10086000B6EB0B0164EB00042B0D43EA0C335E186E
:1008700044EB1C50DA465146E7FB0201C5F3130472
:100880004FEA0B3343EA14534FEA0432019C43EA24
:100890000603A4F10C040294009CCDE900B4FFF718
:1008A0009FFE03B0BDE8F08F00200146F9E7C1F3D9
:1008B0000A52C1F3130140F2FF3341F480119A420E
:1008C00002DA00200146704740F233439A42A2F216
:1008D000334202DC5242FFF72CBEFFF71BBE000082
:1008E000064C074D06E0E06840F0010394E807007D
:1008F00098471034AC42F6D3FFF74AFC2C3E03086D
:100900004C3E0308202A06DBCB17203A41FA02F0BE
:1009100043EAE07306E041FA02F3D040C2F120025C
:1009200091400843194670473A2800D2303820F0E9
:100930002002412A01D3A2F13700884201D34FF0AF
:10094000FF3070472DE9F05F82460078002715469A
:100950008B460AF10104B946302801D09DB113E05D
:1009600014F8010B0127782803D0582801D045B18D
:100970000AE00DB1102D07D10027102514F8010B46
:1009800002E0082500E00A250026B0460EE005FB3F
:10099000080005FB06F1012701EB10461FFA80F85D
:1009A000B6F5803F00D3B94614F8010B2946FFF78E
:1009B000BBFF0028EBDABBF1000F05D00FB1641EBE
:1009C00000E05446CBF80040B9F1000F06D002F029
:1009D000A7F902210160C81EBDE8F09F48EA064061
:1009E000FAE770B58C1810F8015B15F0070301D118
:1009F00010F8013B2A1106D110F8012B03E010F882
:100A0000016B01F8016B5B1EF9D12B0705D40023A4
:100A1000521E0DD401F8013BFAE710F8013BCB1A46
:100A2000921C03E013F8015B01F8015B521EF9D53B
:100A3000A142D8D3002070BD10B50C490A48086007
:100A400001F042F800F046FA01F070FE01F074FC8B
:100A500000F0A8F806A208A109A002F0B9FFBDE8BD
:100A600010400AA002F038B90000020808ED00E0CA
:100A700056302E312E30000056312E302E300000F0
:100A80004A49454A49452D46343037002D2D2D2DF4
:100A90002D2D2D2D2D2D2D204C7769702064656D09
:100AA0006F202D2D2D2D2D2D2D2D2D2D2D2D0A0091
:100AB0001CB5214800F0CAFA00F0E0F91F480168AF
:100AC00041F00101016002208DF8000000218DF845
:100AD00001108DF802108DF803108DF804108DF8B8
:100AE00005101548164A0260012242600182C0F8D2
:100AF00014D08261C161D105016249128160C910BF
:100B0000C16000F047FB04468CB10EA002F0E4F88F
:100B10000823164A1649084800F05BFA154A0823CC
:100B2000A2F50071044800F01DFA20461CBD12A079
:100B300002F0D2F8ECE70000200200200090024012
:100B4000008002405B44454255475D206574682043
:100B5000686172647761726520696E69742066618C
:100B6000696C642E2E2E0A0D0A0000000834002045
:100B700068030020680400205B44454255475D201F
:100B800065746820686172647761726520696E6956
:100B900074207375636573732E2E2E0A0D0A000080
:100BA000FEE7000010B50C4C0A4820604FF4E1301D
:100BB00060600020A060E0602061A0610C206061A6
:100BC000204601F0DFFA2068C16841F02001C160D1
:100BD00010BD000000100140E001002070470068D7
:100BE00000F58050816941F0020181617047006821
:100BF00000F58050816941F4005181617047000027
:100C000008B507494FF4FA520968B1FBF2F14143C4
:100C1000009100BF0098411E0091FAD208BD00006B
:100C20000000002038B50446206800F58050816936
:100C300041F480118161206800F580508069009046
:100C40000120FFF7DDFF2068009900F580508161E9
:100C500038BD000010B55020EFF3118480F31188E7
:100C6000BFF34F8FBFF36F8F024800F052FA84F347
:100C7000118810BD200200201079537940EA032327
:100C80000748084403641178D37841EA03619378F4
:100C900052781B0443EA022211434164704700006A
:100CA000008002402DE9F041AEB00446002904D096
:100CB0004FF40060E060C000A0600025119512951F
:100CC0001395149515951695E06900287DD0179514
:100CD0004FF40070189019951A951B951C951D9549
:100CE00040271E971F9520952195229523952495A1
:100CF0002595269580262796289529952A952B9522
:100D00002C952D952068026845490A40D4E90213C4
:100D10001943179B194341F4007111430160206886
:100D2000D0F80080012000F00BF92068C0F80080A6
:100D30002068476020684768012000F001F92068BA
:100D40004760206885602068C560206881694FF62B
:100D50004172114041F08001816120688769012062
:100D600000F0EEF8206887612068C5612068C769D7
:100D7000012000F0E5F82068C7610195B0040290F9
:100D80000395011104910595069507950895042191
:100D900009910A9040120B9080010C9040120D9026
:100DA0000E960F951095206800F5805081691D4AB8
:100DB00011401D4A0A438261206800F58050856910
:100DC000012000F0BDF8206800E016E000F580503A
:100DD00085612068154900F580500160206800F5A4
:100DE00080500568012000F0ABF8206800F58050C5
:100DF0000560A069012804D00AE04FF480601790D4
:100E000066E7206800F58050C169094A1143C16155
:100E100062692EB02046BDE8F0410021FFF72CBFEB
:100E20000F8120FF233FDEF8040020028020C10252
:100E30004000010038B504462068016841F0040113
:100E400001602068006800900120FFF7D9FE21684A
:100E50000098086038BD38B504462068016841F044
:100E6000080101602068006800900120FFF7C8FEBB
:100E700021680098086038BD7047000010B586B042
:100E80001248016841F480710160006800F48070CC
:100E900000900120029003900220049001900C4CDD
:100EA00001A9204600F012FD00220221204600F098
:100EB000EFFD052000F044F801220221204600F059
:100EC000E7FD052000F03CF806B010BD30380240C8
:100ED0000020024008B51948016841F08001016016
:100EE000016801F080010091016841F00401016096
:100EF000016801F004010091016841F00101016005
:100F0000016801F001010091016841F002010160F6
:100F1000016801F002010091016841F040010160A7
:100F2000016801F040010091016841F480710160A5
:100F3000006800F48070009008BD00003038024066
:100F400070B5044600F0B2FD0546601C02D00448AE
:100F50000078044400F0AAFD401BA042FAD370BD03
:100F600004000020F0B5002490F84550012D09D070
:100F7000012780F84570022580F84450816244F2D0
:100F8000F45C19E00220F0BD01EB44154FF000467F
:100F90002E60C5F804C0C4EBC41606EB460602EB8F
:100FA0008606AE6086695E1EB44203D205F1200655
:100FB000EE6000E0E960641C9C42E5D3026802F543
:100FC0008052D16080F84470002180F845100020E4
:100FD000F0BD2DE9F043002590F84540012C0BD0E1
:100FE0004FF0010C80F845C0022480F84440C162F3
:100FF0004FF480185F1E1CE00220BDE8F08301EB77
:101000004514C4F80080C5EBC51606EB460602EB96
:101010008606A660C66926B9266846F44009C4F863
:101020000090BD4203D204F12006E66000E0E160DA
:101030006D1C9D42E3D3026802F58052116180F875
:1010400044C0002180F845100020D6E710B50446C2
:10105000022084F84400204600F0B8F9002004F88B
:10106000440F607010BD0000E522024902A001F0AB
:1010700033BE0000703003085B4552524F525D5B37
:1010800025733A25645D20657468206572720A0DC7
:101090000A00000010B590F84510012913D0012373
:1010A00080F84530022180F84410816A0A680024E3
:1010B000002A29DB0A68D20518D5826B521C82638C
:1010C000012A02D002E0022010BD01632830C16075
:1010D0000A68C2F30D42121F4261826892688261FF
:1010E000C968016003774477002010BD0A68920543
:1010F00005D5016344638363C968816204E0826B40
:10110000521C8263C968816200F8443F4470012028
:1011100010BD70B50446206800F5805041694FF05D
:10112000000649064FF001050CD5204600F026FACE
:101130002068402100F58050416184F8445084F8D3
:1011400045600DE04069C0070AD0204600F0E1FA92
:10115000206800F58050456184F8445084F845606B
:1011600020684FF4803100F580504161206800F51F
:101170008050406900040CD52046FFF775FF2068B9
:101180004FF4004100F58050416184F8445084F8E8
:10119000456070BD2DE9FC4704464FF00008CDF8CE
:1011A0000480C146002C03D094F8440018B107E035
:1011B0000120BDE8FC8784F84580204600F038F91E
:1011C0007848016841F480410160006800F4804083
:1011D00000907548016821F4000101600168226AED
:1011E00011430160206800F58050016841F0010161
:1011F000016000F05BFC05464FF4FA760AE000F06F
:1012000055FC401BB04205D9032084F8440084F803
:101210004580CEE7206800F580500068C007EED119
:101220002068006920F01C0500F066FD5F49604AF7
:101230000144914202D245F0080516E05D495E4A3C
:101240000144914202D245F00C050EE05B495C4A34
:101250000144914209D35B4908445B49884202D268
:1012600045F0040501E045F01005206805614FF4E4
:1012700000420021204600F04DFA012538B101213D
:101280002046FFF70FFD84F84450012091E7052028
:10129000FFF756FE6068E0B300F008FC074641F235
:1012A000883601AA0121204600F026F900F0FEFB55
:1012B000C01BB04209D901212046FFF7F3FC84F896
:1012C000445084F84580032073E701984007E8D52F
:1012D0004FF480520021204600F01CFA38B1012161
:1012E0002046FFF7DFFC84F84450012061E700F05E
:1012F000DDFB074601AA0121204600F0FDF800F0C1
:10130000D5FBC01BB0420BD901212046FFF7CAFC18
:1013100000E028E084F8445084F84580032048E742
:1013200001988006E6D501AA1F21204600F0E4F8C6
:1013300038B101212046FFF7B5FC84F84450012064
:1013400037E70198C10603D54FF40061E16001E081
:10135000C4F80C80400702D5C4F808801AE04FF4A6
:101360008040A06016E0E0680021C0F3CF02A068D2
:10137000C0F34F000243204600F0CCF938B1012100
:101380002046FFF78FFC84F84450012011E7052028
:10139000FFF7D6FD49462046FFF784FC84F8445009
:1013A000002006E7443802400438014000D3CEFE56
:1013B000C0E1E40040F1E9FD40787D0100796CFC7A
:1013C000005A6202001F0AFA80F0FA0210B50068A3
:1013D0001249884221D11248016821F080610160E0
:1013E000016821F000610160016821F00071016075
:1013F00032210C4800F0CCF986210B4800F0C8F9E6
:101400000A4C4FF40061204600F0C2F92046BDE8C6
:1014100010404FF4C04100F0BBB910BD0080024045
:10142000303802400008024000000240001802402C
:101430002DE9F04186B000682A4988424ED1322019
:1014400001900224029400250395032604960B279D
:10145000059701A9244800F039FA862001900294EA
:1014600003950496059701A9204800F02FFAA002E1
:1014700001900294039504960597DFF8748001A902
:10148000404600F023FA70030190029403950496FD
:10149000059701A9404600F019FA002206213D20D7
:1014A00000F056FB3D2000F048FB1248016841F077
:1014B00000710160016801F000710091016841F064
:1014C00080610160016801F080610091016841F074
:1014D00000610160006800F00060009006B0BDE8A7
:1014E000F08100000080024000080240000002403D
:1014F00000180240303802402DE9F047044691467A
:1015000094F8440082281DD0822084F8440020688A
:10151000026902F01C03228A4FF6FF7505EAC22217
:101520001A434FF4F86303EA8111114321F00201D9
:1015300041F00105056100F0B9FA064601274FF4B4
:1015400080380FE00220BDE8F08700F0AFFA801B82
:10155000404505D304F8447F002060700320F2E783
:1015600020680569E807F0D12068406980B2C9F8B1
:10157000000084F844700020E5E7000008B50C483E
:10158000016881F0800101600020009009486946EF
:10159000006811F0D9FA0098002807D006494FF0EA
:1015A00080500860BFF34F8FBFF36F8F08BD0000FE
:1015B000141402409401002004ED00E070B50446CC
:1015C00094F84500012819D0012584F845500220DF
:1015D00084F844002046FFF73EFC2046FFF72AFC33
:1015E0002046FFF71FFB2046FFF701FB2046FFF7D1
:1015F000F6FA04F8445F0020607070BD022070BDF0
:10160000F0B5002390F84520012A11D0012780F879
:101610004570022280F84420002659B1C46A22682D
:10162000002A0CDA122100F8441F46700120F0BD98
:101630000220F0BD00F8447F46700120F0BD40F26A
:10164000F455A9420AD9B1FBF5F2B1FBF5FC05FB53
:101650001C1CBCF1000F02D0521C00E00122012A28
:1016600044D1226842F040522260C26AC1F30C01A8
:101670005160C16A0A6842F000420A60C16AC968E2
:10168000C16235E0C46AD4F800C02CF0405CC4F8F4
:1016900000C033B9C46AD4F800C04CF0805CC4F810
:1016A00000C0C46A6560541EA34214D1C46AD4F851
:1016B00000C04CF0005CC4F800C0C2F10104C4EBEF
:1016C000C41404EB440401EB8404D0F82CC0C4F32C
:1016D0000C04CCF80440C46AD4F800C04CF0004CB0
:1016E000C4F800C0C46AE468C4625B1C9342C9D3F6
:1016F000016801F580514A69520705D504224A6103
:10170000016801F580514E6000F8447F467000206A
:10171000F0BD70472DE9F041044694F8440042289A
:1017200020D0422084F844002068036903F01C03A1
:10173000258A4FF6FF7606EAC5251D434FF4F86368
:1017400003EA8111294341F0020141F0010591B200
:1017500041612068056100F0A9F9064601274FF4B0
:1017600080380FE00220BDE8F08100F09FF9801B77
:10177000404505D304F8447F002060700320F2E761
:1017800020680569E807F0D184F84470EBE70000B1
:101790002DE9F04F0023DFF80C814FF0010C0F27EB
:1017A0000CFA03F201EA0204944275D106684FEA8A
:1017B0004309032505FA09F5AE430660DE0800EB90
:1017C0008609D9F820A05E074FEAD66B07FA0BFB13
:1017D0002AEA0B0A3E46C9F820A0D0F8089029EA68
:1017E0000509C0F80890D0F8049029EA0209C0F869
:1017F0000490C268AA43C26023F0030202EB08050A
:10180000D5F808284FEA83794FEA197906FA09F6DC
:1018100006EA020A244A904201D1002223E0234A28
:10182000904201D101221EE0214A904201D10222C0
:1018300019E0204A904201D1032214E01E4A90424E
:1018400001D104220FE01D4A904201D105220AE095
:101850001B4A904201D1062205E01A4A904201D16A
:10186000072200E0082202FA09F2524514D1D5F805
:101870000828B243C5F80828134A1568A54315601F
:10188000121D1568A5431560121D1568A543156046
:10189000121D1568A54315605B1C102B80D3BDE895
:1018A000F08F0000003001400000024000040240C0
:1018B00000080240000C02400010024000140240E8
:1018C00000180240001C0240003C01402DE9F84F86
:1018D0000022DFF89091DFF88C8109F108094FF0C0
:1018E000010E4FF00F0C09F1040A0EFA02F60B6814
:1018F0003340B34271D14C68022C01D0122C11D16B
:10190000D40800EB84073D6A5407E40E0CFA04FB8C
:1019100025EA0B05D1F810B00BFA04FB4BEA050BD6
:10192000C7F820B0076854000325A540AF4391F8DD
:1019300004B00BF0030B0BFA04FB4BEA070BC0F8E7
:1019400000B04F68012F05D0022F03D0112F01D016
:10195000122F11D18768AF43D1F80CB00BFA04FBFA
:101960004BEA070BC0F808B04768B7430E79C6F3D7
:10197000001696403E434660C668AE438D68A5405B
:101980003543C5604C68E40065D5374C256845F49F
:1019900080452560246804F480440094334C22F090
:1019A00003052544D5F808789407260F0CFA06F4A9
:1019B000A7432F4CA04201D1002424E02D4CA0428B
:1019C00001D101241FE02C4CA04201D102241AE0D5
:1019D0002A4CA04202D1032415E03CE0284CA0424E
:1019E00001D104240FE0274CA04201D105240AE0D4
:1019F000254CA04201D1062405E0244CA04201D18F
:101A0000072400E00824B4403C43C5F80848D8F84F
:101A100000409C434D68ED0300D51C43C8F80040CE
:101A2000104D2D1D2C689C434E68B60300D51C43F9
:101A30002C60D9F800409C434D68ED0200D51C4352
:101A4000C9F80040DAF800409C434D68AD0200D56B
:101A50001C43CAF80040521C102AFFF446AFBDE8F0
:101A6000F88F0000003C0140443802400030014043
:101A7000000002400004024000080240000C024046
:101A8000001002400014024000180240001C0240F6
:101A9000002A01D08161704709048161704700000C
:101AA00001480068000C7047002004E0014880688D
:101AB0007047000004000020024881680278114449
:101AC000816070470400002010B50948016841F4A6
:101AD00000710160016841F480610160032000F041
:101AE00057F80F2000F006F800F026F8002010BD8F
:101AF000003C024070B504460D4D4FF47A712878D1
:101B0000B1FBF0F00B490968B1FBF0F000F026FBE7
:101B100008B1012070BD102C07D200222146501EB2
:101B200000F016F86C60002070BD012070BD000050
:101B30000400002000000020704700F01F02012177
:101B400091404009800000F1E020C0F8001170478A
:101B5000F0B40D460D4B1B68C3F30223C3F1070419
:101B6000042C00D90424191D072901D2002300E008
:101B7000DB1E012606FA04F1491E294099409E40C9
:101B8000761E16403143F0BC00F08FBC0CED00E037
:101B900000F00701054A10684FF6FF03184040EABD
:101BA0000120034908431060704700000CED00E07D
:101BB0000000FA052DE9F04704460D46002C13D02D
:101BC000DFF82491D9F80000EFB200F00F00A8422E
:101BD0000CD289F80070D9F8000000F00F00A8427C
:101BE00004D00120BDE8F0870120FBE720683F4ECC
:101BF000810712D5400703D5306840F4E0503060CB
:101C00002078000703D5306840F4604030603068C9
:101C1000A16820F0F000084330602078C00731D080
:101C2000324960680839012808D002280BD00328FF
:101C300009D0096889070BD40120D3E70968890313
:101C400006D40120CEE70968890101D40120C9E743
:101C5000316821F0030101433160FFF727FF80461F
:101C600041F2883A07E0FFF721FFA0EB080050455A
:101C700001D90320B6E73068616800F00C00B0EBD2
:101C8000810FF0D1D9F8000000F00F00A84209D967
:101C900089F80070D9F8000000F00F00A84201D0C8
:101CA00001209FE72078400705D53068E16820F4DF
:101CB000E050084330602078000706D5306821697D
:101CC00020F4604040EAC100306000F03BF8316829
:101CD000074AC1F30311515CC840064908600F2050
:101CE000FFF708FF00207DE7003C02400838024073
:101CF00058300308000000200148006870470000C9
:101D00000000002000B5FFF7F7FF04490968044A06
:101D1000C1F38221515CC84000BD00000838024078
:101D20006830030800B5FFF7E7FF04490968044A73
:101D3000C1F34231515CC84000BD00000838024088
:101D40006830030810B51748006810F00C011648F9
:101D500016D0164B042912D0082911D1114C241F7A
:101D6000216801F03F02216849020AD52068C0F3CA
:101D70008810A0FB03010023FEF786FA09E018464D
:101D800010BD21680023C1F38811A1FB0001FEF7FB
:101D90007BFA2168C1F30141491C4900B0FBF1F015
:101DA00010BD0000083802400024F40040787D0196
:101DB0002DE9F84F0446002C10D02078DC4DC007E8
:101DC00057D0DB4808300168C1F3810101290DD0EB
:101DD0000068C0F38100022803D00EE00120BDE8B6
:101DE000F88FD348001D0068400206D5286880039C
:101DF0003FD5606870BB0120F1E76068B0F5803FB7
:101E000010D0B0F5A02F12D0286820F480302860C0
:101E1000286820F4802028606068E0B1FFF746FE63
:101E2000064614E0286840F480302860F4E728680B
:101E300040F480202860286840F480302860EBE778
:101E4000FFF734FE801B642801D90320C7E7286808
:101E50008003F5D50DE0FFF729FE064606E0FFF703
:101E600025FE801B642801D90320B8E72868800379
:101E7000F5D42078AF4F80074FF0000849D5AC4823
:101E80000830016811F00C0F09D00068C0F3810020
:101E9000022814D1A648001D006840020FD428680B
:101EA000800704D5E068012801D0012097E7286861
:101EB000216920F0F80040EAC100286029E0E068CC
:101EC000B8B101203860FFF7F1FD064606E0FFF7E4
:101ED000EDFD801B022801D9032080E728688007D8
:101EE000F5D52868216920F0F80040EAC100286093
:101EF0000FE0C7F80080FFF7D9FD064606E0FFF7C0
:101F0000D5FD801B022801D9032068E728688007D7
:101F1000F5D42078000729D5DFF814928648616946
:101F200009F1740989B101210160FFF7BFFD06467F
:101F300006E0FFF7BBFD801B022801D903204EE716
:101F4000D9F800008007F4D510E0C0F80080FFF752
:101F5000ADFD064606E0FFF7A9FD801B022801D96A
:101F600003203CE7D9F800008007F4D4207840072C
:101F700072D50026DFF8B8A10AF1400ADAF80000AD
:101F8000C0000BD4DAF8000040F08050CAF800001E
:101F9000DAF8000000F0805000900126DFF89CB1D4
:101FA000DBF80000C00515D4DBF8000040F48070B9
:101FB000CBF80000FFF77AFD814607E0FFF776FDDA
:101FC000A0EB0900022801D9032008E7DBF8000094
:101FD000C005F3D5DFF858B1A0680BF1700B0128EC
:101FE00013D0052818D0DBF8000020F00100CBF852
:101FF0000000DBF8000020F00400CBF80000A0682F
:1020000030B3FFF753FD81461DE0DBF8000040F0E0
:102010000100CBF80000F2E7DBF8000040F004001C
:10202000CBF80000DBF8000040F00100CBF8000026
:10203000E5E7FFF73BFDA0EB090141F28830814263
:1020400001D90320CBE6DBF800008007F1D512E0D0
:10205000FFF72CFD81460AE015E0FFF727FDA0EB16
:10206000090141F28830814201D90320B7E6DBF84B
:1020700000008007F1D4012E05D1DAF8000020F02D
:102080008050CAF80000A069C0B329490831096826
:10209000C1F38101022949D0022805D0C7F8608028
:1020A000FFF704FD04463CE0C7F86080FFF7FEFC44
:1020B000064606E0FFF7FAFC801B022801D9032040
:1020C0008DE628688001F5D4D4E907010843616AE8
:1020D000A26A4FF0FF33890103EB520241EA024149
:1020E000084394F82C1040EA01611148001D01607A
:1020F00001203866FFF7DAFC044607E014E0FFF73A
:10210000D5FC001B022801D9032068E6286880015D
:10211000F5D509E0FFF7CAFC001B022801D903200E
:102120005DE628688001F5D4002058E6012056E6D7
:102130000038024000004742800E474200700040D5
:102140004FF0E021042804D0086920F00400086161
:102150007047086940F004000861704710B5401EE0
:10216000B0F1807F01D3012010BD4FF0E024606109
:102170000F21601700F099F90020A061072020616D
:10218000002010BD70B50446002C04D094F839002E
:10219000002510B106E0012070BD84F838502046BB
:1021A00000F022F8242084F839002068C16821F466
:1021B0000051C160204600F0C5FB2068016921F490
:1021C000904101612068416921F02A014161206844
:1021D000C16841F40051C160E563202084F83900F2
:1021E00084F83A00002070BD30B587B01D48016802
:1021F00041F010010160006800F0100001901948E2
:102200001438016841F001010160016801F0010129
:102210000191016841F001010160006800F00100D6
:1022200001904FF40070029002200390012004906E
:1022300003200590072406940B4D02A92846FFF7BA
:1022400045FB29150291069402A92846FFF73EFB9B
:10225000012200212520FFF77BFC2520FFF76DFCE4
:1022600007B030BD44380240000002402DE9F84379
:1022700004460D4691461E4694F83900202802D0A7
:102280000220BDE8F883B5B1B9F1000F13D094F87E
:102290003800012811D0012084F838000027E763B6
:1022A000212084F83900FFF701FC8046A4F824902F
:1022B000A4F826902DE00120E3E70220E1E7E08C7E
:1022C000401EE084A068B0F5805F09D0434600223C
:1022D00080212046009600F0BFFCB0B10320D0E77B
:1022E0004346002280212046009600F0B5FC08B14C
:1022F0000320C6E728882168C0F3080048602069E9
:1023000008B16D1C05E0AD1C03E0216815F8010B58
:102310004860E08C0028D2D143460022402120466C
:10232000009600F099FC08B10320AAE72020383479
:10233000607027700020A4E7F0B587B01B480168E3
:1023400041F020010160016801F020010191016864
:1023500041F020010160016801F020010191016854
:1023600041F020010160006800F02000019040244D
:102370000294012003900490032005900C4F02A9C1
:102380003846FFF7A3FA8025029502A93846FFF7E1
:102390009DFAA600029602A93846FFF797FA04486C
:1023A000183004600560066007B0F0BD30380240A8
:1023B00000140240054C4FF4FA75216881F0400189
:1023C0002160284609F07CF8F7E700001414024069
:1023D000FEE700004FF47A7442F210750BA000F093
:1023E0007BFC10F0B7F8014614A000F075FC10F06B
:1023F00091FCB0FBF4F119A000F06EFC1EA000F0FF
:102400006BFC284609F05CF8E8E700005B494E46A3
:102410004F5D203D3D3D3D3D3D3D3D3D3D205379A2
:102420007374656D20537461747573203D3D3D3D3B
:102430003D3D3D3D3D3D0D0A000000005B494E46DF
:102440004F5D204865617020667265653A2025649D
:102450002062797465730D0A000000005B494E46E6
:102460004F5D20557074696D653A20256420736551
:10247000636F6E64730D0A005B494E464F5D203DED
:102480003D3D3D3D3D3D3D3D3D3D3D3D3D3D3D3D7C
:102490003D3D3D3D3D3D3D3D3D3D3D3D3D3D3D3D6C
:1024A0003D3D0D0A0000000070470907090E002895
:1024B00006DA00F00F0000F1E02080F8141D7047EC
:1024C00000F1E02080F8001470470000C0B0002444
:1024D0000FF2DC080FF2F80940A000F0FDFB40F617
:1024E000B83008F0EDFF4FF4FA6707E09222434955
:1024F00043A000F0F1FB384608F0E2FF01F0BCFA1F
:102500000028F3D14046FDF746FF0146404601F062
:10251000BBFB49A000F0E0FB4FF4807A0026642268
:102520005146684601F058FB0546002D0FDD29464F
:10253000684601F0A9FBFF2D02DC0DF8056001E003
:102540008DF8FF60694644A000F0C6FB1EE01DDA6E
:10255000AA222A4947A000F0BFFB01F067FA3846DB
:1025600008F0AEFF07E0AF22244925A000F0B4FB3D
:10257000384608F0A5FF01F07FFA0028F3D1404665
:10258000FDF709FF0146404601F07EFB641C642C08
:102590000AD3002401F01AFB30B14846FDF7FBFED8
:1025A0000146484601F070FB642008F089FFB6E759
:1025B00053544D333220496F54205465726D696E07
:1025C000616C20436F6E6E6563746564210D0A0053
:1025D0004845415254424541540D0A005B494E461C
:1025E0004F5D2057616974696E6720666F72206E57
:1025F0006574776F726B2E2E2E0D0A00B3300308B0
:102600005B5741524E5D5B25733A25645D205265F0
:1026100074727920636F6E6E65637420746F2064CA
:10262000656275672073657276657220696E203207
:10263000732E2E2E0D0A00005B494E464F5D204E34
:1026400065744465627567207461736B207374618F
:10265000727465640D0A00005B494E464F5D20525E
:102660006563762066726F6D2050433A2025730DA6
:102670000A0000005B5741524E5D5B25733A2564AA
:102680005D20436F6E6E656374696F6E206C6F734F
:10269000742C207265636F6E6E656374696E672E4D
:1026A0002E2E0D0A0000000010B506A000F014FB4D
:1026B00000F0C6F80BA000F00FFBBDE810400020B2
:1026C0000FF0B0BD5B494E464F5D20496E6974699D
:1026D000616C697A696E67204C5749502E2E2E0D19
:1026E0000A0000005B494E464F5D204C5749502080
:1026F000696E697469616C697A65640D0A0000002D
:1027000010B55020EFF3118480F31188BFF34F8F81
:10271000BFF36F8FFFF7D0F910F0EEFA012801D068
:102720000FF0A4FF84F3118810BD000030B593B002
:1027300000252A48016841F080510160006800F0DE
:10274000805001902648016841F480410160006892
:1027500000F48040019001200290000403900224C4
:1027600008948001099019200A904FF4A8700B90EA
:102770000C9407200D9002A8FFF71AFB00B1FEE7AA
:102780000F200E900F9410954FF4A05011904FF41D
:102790008050129005210EA8FFF70CFA00B1FEE759
:1027A000FFF7AAFA4FF47A71B0FBF1F0FFF7D6FC0D
:1027B0000420FFF7C5FC00221146501EFFF7C8F9A0
:1027C000FFF76EF941F20101884204D10548016822
:1027D00041F48071016013B030BD00004038024008
:1027E00000700040003C02401048016841F4700154
:1027F00001600F48016841F0010101600C4A0021AD
:102800000832116002680B4B1A400260031D0A4A2D
:102810001A60026822F48022026005480C300160D0
:1028200002490648803908607047000088ED00E0E2
:1028300000380240FFFFF6FE1030002400000208BE
:102840003EB5002108460EF0F1FC224D0020286024
:10285000291D0860091D08601F49204ACDE9012192
:1028600005F1080300901A1F111F1D4808F014FC01
:102870001B4808F0C7FD1A4C94F83100400703D5F7
:10288000204608F0E7FD02E0154808F0C1FD1548B4
:1028900000F022FA124802F02BFB18B112A000F04F
:1028A0001BFA06E017A000F017FA02E001200FF073
:1028B0007FFC606829688842F8D06068010E00914A
:1028C000C0F30743C0F30722C1B215A000F004FA19
:1028D0003EBD0000AC0100202D1303084D6202082C
:1028E000BCDB0120A83503086C776970206468633D
:1028F0007020696E6974206661696C2E2E2E0A0A3A
:10290000000000006C776970206468637020696E55
:10291000697420737563636573732E2E2E0A0A0023
:102920004C6F63616C2049502061646472657373FD
:102930002069733A2025642E25642E25642E256493
:102940000A0A00002DE9F04104462068016921F4DB
:102950004052E168114301612068C26849F20C618C
:102960008A432369A168E569194363692B431943C5
:102970001143C1602068416921F44071A2690A4392
:102980004261E069B24AB34964253226B0F5004F8E
:1029900059D02068884201D090427DD1FFF7C2F91A
:1029A00000EBC00101EB001061688900B0FBF1F79A
:1029B000FFF7B8F900EBC00101EB00106168890076
:1029C000B0FBF1F0B0FBF5F06FF01801484307EBF6
:1029D000800006EB0010B0FBF5F000F0F007FFF709
:1029E000A1F900EBC00101EB001061688900B0FBA8
:1029F000F1F0B0FBF5F007EB0017FFF793F900EBF0
:102A0000C00101EB001061688900B0FBF1F8FFF72D
:102A100089F900EBC00101EB001061688900B0FB8F
:102A2000F1F0B0FBF5F06FF01801484308EB8000BF
:102A300006EB0010B0FBF5F0216800F00F00384401
:102A40008860BDE8F0812068884201D0904256D16C
:102A5000FFF768F900EBC00101EB00106168490065
:102A6000B0FBF1F0B0FBF5F00701FFF75BF900EB0D
:102A7000C00101EB001061684900B0FBF1F8FFF7FD
:102A800051F900EBC00101EB001061684900B0FB97
:102A9000F1F0B0FBF5F000E086E06FF0180148437C
:102AA00008EB800006EBC000B0FBF5F000F0F8008A
:102AB00007EB4007FFF736F900EBC00101EB001010
:102AC00061684900B0FBF1F8FFF72CF900EBC00199
:102AD00001EB001061684900B0FBF1F0B0FBF5F0CC
:102AE0006FF01801484308EB800006EBC000B0FB14
:102AF000F5F0216800F0070038448860A1E7FFF78F
:102B000001F900EBC00101EB001061684900B0FB66
:102B1000F1F0B0FBF5F00701FFF7F4F800EBC001AE
:102B200001EB001061684900B0FBF1F8FFF7EAF82B
:102B300000EBC00101EB001061684900B0FBF1F04F
:102B4000B0FBF5F06FF01801484308EB800006EB8E
:102B5000C000B0FBF5F000F0F80007EB4007FFF70E
:102B6000D1F800EBC00101EB001061684900B0FB37
:102B7000F1F8FFF7C7F800EBC00101EB0010616846
:102B80004900B0FBF1F0B0FBF5F06FF018014843DD
:102B900008EB800006EBC000B0FBF5F0216800F008
:102BA0000700384488604CE7FFF7ACF800EBC00141
:102BB00001EB001061688900B0FBF1F7FFF7A2F8A4
:102BC00000EBC00101EB001061688900B0FBF1F07F
:102BD000B0FBF5F06FF01801484307EB800006EBFF
:102BE0000010B0FBF5F000F0F007FFF78BF800EBFA
:102BF000C00101EB001061688900B0FBF1F0B0FB8F
:102C0000F5F007EB0017FFF77DF800EBC00101EBD3
:102C1000001061688900B0FBF1F8FFF773F800EB72
:102C2000C00101EB001061688900B0FBF1F0B0FB5E
:102C3000F5F06FF01801484308EB800006EB001038
:102C4000B0FBF5F0216800F00F0038448860F8E62A
:102C500000140140001001402DE9F04104460E46E9
:102C600017469846069D1DE0681C1BD02DB1FEF747
:102C70001DFFA0EB0800A84214D92068C16821F408
:102C8000D071C1602068416921F0010141612020BB
:102C900084F8390084F83A00002084F838000320D2
:102CA000BDE8F0812068006836EA000004D000200A
:102CB000B842D9D00020F3E70120F9E704480068C2
:102CC0000168C943890602D44168C9B241607047AE
:102CD000E0010020FEE700000FB4054B10B503A98A
:102CE000044A029800F0F2F810BC5DF814FB0000F2
:102CF00069660208DC0100200FB4084B10B504A976
:102D000002AA039800F0E2F8044602A9002000F0AD
:102D100060FC204610BC5DF814FB0000D3350208AF
:102D200000487047D801002002E008C8121F08C1FF
:102D3000002AFAD170477047002001E001C1121F3C
:102D4000002AFBD1704700002DE9FF5F82B000210F
:102D5000DDE90430020DDDF840B0034318D044F63D
:102D60001050A2F2FF3242431514119801281FD0CF
:102D7000A5EB0B00401C5FEA000A4FF000064E4F27
:102D8000DFF83891B046504615D5CAF1000413E07B
:102D9000119801244AA3012801D16FEA0B0102987E
:102DA000119AC0E90031C0E9024206B0BDE8F09FC7
:102DB000CBF10000DFE704460021404A491842EB0E
:102DC0000450CDE9001012E0E00707D032463B4640
:102DD00040464946FDF7F9FC8046894632463B4667
:102DE00010461946FDF7F1FC06460F466410002C0C
:102DF000EAD1DDE90401DDE90023BAF1000F06DACA
:102E0000FDF7E3FC42464B46FDF7DFFC05E0FDF72E
:102E1000E3FA42464B46FDF7DFFA04460E4600222F
:102E2000284BFDF749FB03D84FF0FF30014607E080
:102E30000022254B20463146FDF720FCFDF737FDEB
:102E4000102409E0002C0ADB0A220023FDF71CFAFB
:102E5000039B30321A55641E50EA0102F2D1641C01
:102E6000039AC4F111031444119A012A03D00122D8
:102E700008430DD10AE0084304D000204FF0110BA5
:102E8000119072E7A3EB0B056D1E0DE05B4504DDB1
:102E90004FF0000205F1010504E003DA4FF00002F3
:102EA000A5F10105002AECD002981199C0E9023180
:102EB000C0E9004579E70000000014400000F03F41
:102EC000300000000000F0430000E03F2DE9FF4F1C
:102ED00095B09A46884606460025EEE1252877D12A
:102EE00000242746F94A0121039400E0044316F820
:102EF000013F203B01FA03F01042F7D130782A2835
:102F000011D06FF02F033078A0F13002092A16D8C3
:102F1000039A44F0020402EB820203EB42021044E3
:102F2000761C0390EFE758F8042B0392002A03DA8B
:102F3000504244F40054039044F00204761C30786C
:102F40002E2816D116F8010F44F004042A280DD0BB
:102F50006FF02F023078A0F13003092B09D807EB6E
:102F6000870302EB4303C718761CF3E758F8047B8A
:102F7000761C30786C280FD006DC4C2817D06828D7
:102F80000DD06A2814D104E0742810D07A280FD10B
:102F90000DE044F400140AE044F4801401E044F429
:102FA00040147278824202D104F58014761C761C9B
:102FB000307866280BD013DC582877D009DC00283D
:102FC00075D04528F6D04628F4D047281AD193E189
:102FD00018E0632835D0642879D0652812D18BE1B8
:102FE000702873D008DC6728F1D069286FD06E286C
:102FF0000DD06F2806D1ACE073282CD0752874D082
:10300000782853D05246179990476D1C54E1C4F369
:103010000250022809D003280DD0D8F80010042847
:103020000DD00D6008F1040846E1D8F80010EA1749
:10303000C1E90052F6E7D8F800100D80F2E70D70F4
:10304000F0E718F8041B8DF8001000208DF801003F
:10305000EB46012003E058F804BB4FF0FF30610756
:103060004FF0000102D40DE009F101018946B94297
:103070000FDA8145F8DB1BF809100029F4D108E0CC
:1030800009F1010189468142FADB1BF80910002988
:10309000F6D103985346A0EB090721463846179A04
:1030A00000F080FA284400EB090507E044E008E15D
:1030B0000DE01BF8010B524617999047B9F1010931
:1030C000F7D2534621463846179AF2E039E00A21F2
:1030D000C4F302524FF0000B0091022A06D058F8B8
:1030E000040BC117032A09D00AE023E008F1070006
:1030F00020F00702F2E80201904605E000B2C11795
:10310000042A01D140B2C117002906DA0A4600217B
:10311000404261EB02012D2202E0220504D52B2260
:103120008DF80420012203E0E20701D02022F7E716
:10313000914657E00A2100E010214FF0000B00916A
:103140000BE010214FF0000B44F00404082700911D
:1031500003E008204FF0000B0090C4F30252022A53
:1031600005D058F8040B0021032A08D008E008F124
:10317000070020F00702F2E80201904603E080B267
:10318000042A00D1C0B24FF0000922072AD53278B4
:10319000702A07D0DDF800C08CF0100C5CEA0B0C34
:1031A00005D00EE040228DF80420012208E050EA0C
:1031B000010306D030238DF804308DF8052002225B
:1031C0009146009B83F0080353EA0B030AD150EAAF
:1031D000010201D1620705D530228DF804204FF09D
:1031E00001097F1E3278582A04D039A20C920CAA09
:1031F00002920BE03BA2F9E75B46009AFDF744F828
:103200000C9B9B5C029A521E0292137050EA0102C0
:10321000F2D1029804A9081A00F1200B600702D528
:1032200024F4803400E001275F4502DDA7EB0B00AA
:1032300000E0002000EB0B01009003984944401A85
:103240000390E00306D453462146179A039800F0F2
:10325000A9F90544002706E001A85246C05D179968
:1032600090476D1C7F1C4F45F6DBE0030CD55346A1
:103270002146179A039800F095F9054404E03020A0
:103280005246179990476D1C0099481E00900029DE
:10329000F5DC08E00298029952460078491C029138
:1032A000179990476D1CBBF10001ABF1010BF1DCEC
:1032B0005BE100F065F90544761C307800287FF466
:1032C0000DAE19B02846BDE8F08F000009280100B6
:1032D000303132333435363738396162636465668C
:1032E000000000003031323334353637383941424E
:1032F0004344454600000000600700D4062708F15B
:10330000070020F00700F0E80223804603F0004C9D
:103310005FEA0C0001D097A009E0200501D596A036
:1033200005E0E00701D095A001E0AFF24C0013905A
:10333000307823F0004365280CD006DC452809D0FE
:1033400046281DD047287FD13BE0662818D0672843
:103350007AD136E00021112F01DB112000E0781C2A
:10336000CDE9000104A90CA8FFF7EEFCDDE90D0191
:103370000C9A4FF0000B07F10109109200914EE0FA
:103380004FF000400097CDE9011004A90CA8FFF709
:10339000DBFCDDE90D020C9B0F994FF0000B914611
:1033A0001093009211B9791C00EB0109B7EB0900E9
:1033B00003D4C0F1FF3B07F10109A9EB070001901D
:1033C00042E0012F00DA01270021112F01DD112039
:1033D00000E03846CDE9000104A90CA8FFF7B4FCD1
:1033E000DDE90D010C9A00914FF0000BB9461092E7
:1033F00021070FD4009A4A4503DA914601E0A9F16A
:103400000109B9F1010F05DD109AA9F10101515C23
:103410003029F4D0B84202DA10F1040F03DA0121A6
:10342000CDE9011010E0002803DC8344A9EB000182
:1034300002E0411C494500DD8946A0EB0B00401C21
:1034400001904FF000400290200705D401984845B4
:1034500002DB4FF0FF30019000208DF84B00029806
:103460000DF14B07B0F1004F25D002200C902B201E
:103470000D90029800280CDA404202902D200D9009
:1034800007E00A210298FDF72FF83031029007F883
:10349000011D0C99481E0C900029F2DC02980028AE
:1034A000EFD1791E0D980870307800F0200040F0C0
:1034B000450007F8020D11A8C01BC01D029013980B
:1034C000007800B1012000EB0901019801EBE071E7
:1034D000029801440398401A401E0390E00306D46A
:1034E00053462146179A039800F05CF80544139858
:1034F000007818B15246179990476D1CE00323D508
:1035000053462146179A039800F04CF805441BE0F7
:10351000BBF1000F07DB0098584504DD10981799A0
:1035200010F80B0001E0179930205246904701989F
:103530000BF1010B401E05F10105019004D12E2075
:103540005246179990476D1CB9F10001A9F1010984
:10355000DEDC05E017F8010B5246179990476D1C09
:103560000299481E02900029F4DC53462146179A1E
:1035700003989EE62D0000002B00000020000000B4
:103580002DE9F041044600251E461746880404D460
:1035900005E039462020B0476D1C641EF9D5284649
:1035A000BDE8F0812DE9F041044600251E46904615
:1035B000C80301D5302700E02027880404D505E0A2
:1035C00041463846B0476D1C641EF9D52846BDE813
:1035D000F0810A68531C0B60107070472DE9F041B0
:1035E00006460F460024184D09F09FFB05EB041119
:1035F000096841B109F0BEFB641C042CF4DB4FF0F8
:10360000FF30BDE8F08105EB04152E6009F0B2FB38
:103610004FF00008C5F80480A87B10B10BA0FFF79D
:103620005BFBA5F8088030780121B1EB101F04D1B5
:103630000FB1012002E0002000E001206881A5F820
:103640000C802046DDE70000FCE70020736F636B11
:103650006574735B695D2E73656C6563745F776118
:103660006974696E67203D3D2030000010B5044943
:103670000020087003A0FFF72FFB002010BD000002
:10368000300000205B434C4F55445F4D414E414755
:1036900045525D20436C6F7564206D616E61676596
:1036A0007220696E697469616C697A656420287337
:1036B000747562290D0A00002DE9F0470446294D72
:1036C000AB680020D5F80C8000272E4695F801A0A5
:1036D00096F80290D6E9045605EB060CBAF1000FF5
:1036E00013D0B9F1000F10D11F4E0120D6F818A049
:1036F000C4F800A07669361FAE4206D3B44504D3A1
:10370000012902D9022066600127B9F1000F08D013
:103710009A4201D21A4604E003EB0806964200D210
:10372000324603EB080618E013681B1F5FEAC378F4
:1037300012D0AB4210D39C450ED310280CD2884235
:103740000AD2022804D11FB1D4F80480984503D0CE
:103750008046401C44F82830121D9642E4D8BDE84B
:10376000F0870000BC010020E8DC01202DE9F047D3
:103770008EB006460C4620225C4906A8FCF7CCFD1C
:103780005B4FBD68D7F80C90387858B1787898B10D
:10379000564A58A1143A5AA0FFF79EFA60A0FFF7C4
:1037A0009BFAFEE7514A5FA1143A55A0FFF794FA3D
:1037B0005BA0FFF791FAFEE74FF0010A87F801A03E
:1037C0005AA0FFF789FA56A0FFF786FA00F0EAF848
:1037D000DFF81881A8F1BC08D8F82800FFF77CFAB8
:1037E0004FA0FFF779FA04F12001304609F05EFAA4
:1037F0000646AE4203D305EB0900B04201D287F87A
:1038000002A032464946284601F018FFB878484DD4
:1038100000283FD1D8F82C00FFF75EFA40A0FFF750
:103820005BFA27682F6060686860A168A960E26839
:10383000EA6023692B6163696B61A369AB61E3692A
:10384000EB61DDE90843CDE90141CDE90332DDE972
:10385000061300903A4637A0FFF73EFA30A0FFF774
:103860003BFAAA69E8690D990C9BCDE90132CDE9D3
:103870000310686900900B9B2A692EA00A99FFF734
:103880002BFA27A0FFF728FA35A0FFF725FA24A086
:10389000FFF722FA4248006845F8200F4048001D13
:1038A000007828713E4810300068A8603C48401DF0
:1038B000007828733A481430006828613848801D21
:1038C0000088A882364808300068A86134480C3067
:1038D0000088E861324818300088286202F0A4FDB0
:1038E000304608F083FC0EB0BDE8F087643303086F
:1038F000BC010020216F6E5F6661756C7400000072
:1039000028257329206861732061737365727420A0
:103910006661696C65642061742025732E00000067
:103920000D0A0000696E69745F6F6B000000000093
:10393000E8DC0120202025733A202530387820202B
:1039400025733A2025303878202025733A202530F9
:103950003878202025733A20253038780000000080
:103960003D3D3D3D3D3D3D3D3D3D3D3D3D3D3D3D87
:103970003D3D3D3D3D3D3D3D3D3D3D3D3D3D3D3D77
:103980003D3D3D3D3D3D3D3D3D3D3D3D3D3D3D3D67
:103990003D3D3D3D3D3D3D3D3D3D3D3D3D3D0000D1
:1039A00024ED00E010B50748074BA3F120020068A2
:1039B000A2F12001FFF790F9BDE8104003A0FFF746
:1039C0008BB90000A832030838DC01200D0A000082
:1039D00070B50D461446014620220E48FCF7CFFC78
:1039E0000C48202229462030FCF7C9FC0948202237
:1039F00021464030FCF7C3FC084807498160084A6B
:103A0000511AC16007490161074A511A41610121F8
:103A1000017070BDF8DB012030DD0120BC01002009
:103A200030E10120000002084C3E030810B5084CAC
:103A30006068002804DB04F069FC4FF0FF30606030
:103A400000202070BDE8104002A0FFF745B900003B
:103A5000100000205B494E464F5D2044656275674B
:103A600020636F6E6E656374696F6E20636C6F7335
:103A700065640D0A000000002DE9F04186B00022C7
:103A80000121022006F022F8264D68604FF0FF3633
:103A900000280BDAFFF744F903682C22224923A0FF
:103AA000FFF71AF9304606B0BDE8F0812A4C002035
:103AB00020606060A060E0600220607041F6907756
:103AC000384604F0DDFC6080244804F0CDFC6060E2
:103AD00010222146686804F059FC01244FF00C08BC
:103AE000002814DAFFF71CF900680490CDE902877A
:103AF000A82000900194C0233E220B4918A0FFF794
:103B0000EBF8686804F002FC6E60E01ECBE72C70F6
:103B1000CDE900870123A822C0211FA0FFF7DCF810
:103B20000020C0E710000020863003085B45525299
:103B30004F525D5B25733A25645D20437265617465
:103B40006520736F636B6574206661696C65643AA8
:103B50002025640D0A000000A86300200C01A8C005
:103B60005B4552524F525D5B25733A25645D20439D
:103B70006F6E6E65637420746F2025642E25642E2D
:103B800025642E25643A2564206661696C65643A73
:103B90002025640D0A0000005B494E464F5D20431E
:103BA0006F6E6E656374656420746F206465627502
:103BB00067207365727665722025642E25642E2534
:103BC000642E25643A25640D0A000000014800783F
:103BD0007047000010000020FEB505460E461D4C43
:103BE0002078002802D06068002802DA4FF0FF3009
:103BF000FEBD4FF47A71B2FBF1F30193B2FBF1F326
:103C000001FB13214FF47A7251430291082141F2D2
:103C10000602009101ABD11F05F056FD002332468C
:103C20002946606805F0B8FA0028E1DAFFF778F86D
:103C300001680B290CD001680B2909D00368872281
:103C4000054906A0FFF748F800202070801EFEBD41
:103C50000020FEBD10000020A43003085B45525236
:103C60004F525D5B25733A25645D2052656365693B
:103C700076652064617461206661696C65643A20D0
:103C800025640D0A0000000070B505460E4C207832
:103C9000002802D06068002802DA4FF0FF3070BDC3
:103CA0000A460023294605F057FC0028F7DAFFF7FB
:103CB00037F803686322054905A0FFF70DF80020D7
:103CC0002070801E70BD0000100000209530030899
:103CD0005B4552524F525D5B25733A25645D20531C
:103CE000656E642064617461206661696C65643A24
:103CF0002025640D0A00000000280BD0026A002A6B
:103D00000BD05379082B08D10968D269914204D1AC
:103D100000F0CCB901A0FEF7DFBF70476E65746993
:103D20006620213D204E554C4C0000002DE9FC4101
:103D30000546002D18D02C6ADCB100276782A36AE3
:103D40004FF03C02581C4FF480384FF0010C4FF6F6
:103D5000FF7614D01E33B3FBF2F0404500D330465B
:103D600083B2A3824BB10AE02BA0FEF7B5FFBDE8FA
:103D7000FC8130A0FEF7B0FFF9E7A4F814C0E36AB5
:103D8000581C0CD01E33B3FBF2F1414500D3314631
:103D90008BB263810BB9A4F80AC06089E081236B00
:103DA000581C0CD01E33B3FBF2F2424500D332460E
:103DB00093B2A3810BB9A4F80CC0A08920826089BA
:103DC000A389984201D303B16781E07910B1206AD9
:103DD00001900CE0237F7F2B02D8FF20019006E0AA
:103DE000C02B03D36FF07F40019000E00196606A22
:103DF000009028B9E0690199084040F08070009077
:103E00000A21204601F06CF86B4601AA04F11C015E
:103E1000284607F0C5FAAAE7646863705F62696EB6
:103E2000643A206E6574696620213D204E554C4CE5
:103E300000000000646863705F62696E643A206429
:103E400068637020213D204E554C4C0070B50546EE
:103E50002C6A0821204601F043F8002204F11C01DD
:103E6000284601F07BFFA079FF2801D2401CA071F9
:103E70004FF4FA7040F2E731B1FBF0F0208170BDF1
:103E800010B51748046828E0216A09B34879F8B1E9
:103E9000888A68B1488A401C80B248828A8A9042E7
:103EA00006D1204600F098FE204601F021F813E0EC
:103EB000088A18B1421E0A82012806D0C88938B182
:103EC000421ECA81012804D006E0204601F09AF87B
:103ED00002E0204601F081F82468002CD4D110BD06
:103EE000080100202DE9F04707460C461646994682
:103EF000002F17D0002C1BD04FF49A7A4FF4207269
:103F00005146362007F048FB80465FEA080014D08F
:103F1000B8F80A00504502D22EA0FEF7DDFE032EAF
:103F200010D10CE03BA0FEF7D7FE0020BDE8F087E3
:103F300040A0FEF7D1FE0020F8E70020F6E7607908
:103F4000032807D1A079434D10B9FCF7D3F9A86035
:103F5000A8682060D8F8045051462846FCF704FAB7
:103F600001202870687097F83000A870206804F06D
:103F70007BFA6860082E0AD0042E08D0072E06D0DF
:103F8000032E06D16079052801D0042801D1786874
:103F9000E86000243819291990F82A000877641C71
:103FA000A4B2062CF6D32C48C5F8EC0005F1F001BC
:103FB000012335220C46002000F00CFA324621463F
:103FC00000F020FAB9F1000F01D0A9F80000404636
:103FD000ACE70000646863705F6372656174655F7D
:103FE0006D73673A20636865636B20746861742041
:103FF000666972737420706275662063616E2068F2
:104000006F6C642073747275637420646863705F8E
:104010006D736700646863705F6372656174655F88
:104020006D73673A206E6574696620213D204E5598
:104030004C4C0000646863705F6372656174655F17
:104040006D73673A206468637020213D204E554CA3
:104050004C000000680100206382536310B5094CD6
:104060002078002802D108A0FEF736FE2078401EF6
:10407000C0B22070002804D1E0680DF0ABFC002035
:10408000E06010BD68010020646863705F70636267
:104090005F726566636F756E7428293A2072656673
:1040A000636F756E74206572726F7200FEB506469E
:1040B000346A0C21204600F013FF02AB0422214693
:1040C0003046FFF70FFF0546280026D06968042315
:1040D000F03132220F46BDF8080000F07BF9029063
:1040E000E06904F0C1F902463946BDF8080000F065
:1040F000B3F902902A46394600F016FA0F484323D6
:10410000CDE900600F480E4A2946C0680DF098FDC1
:104110000646284607F00EFD01E04FF0FF36A07975
:10412000FF2801D2401CA07142F603104FF4FA712F
:10413000B0FBF1F020813046FEBD00008432030860
:1041400088320308680100202DE9FE4F07463D6ACA
:104150004FF000090020E8610621284600F0C0FE6B
:1041600002AB012229463846FFF7BCFE0646300066
:1041700037D071680223F03139228A46BDF8080031
:1041800000F028F902903A8D514600F09DF9029016
:1041900004233722514600F01DF902900024DFF875
:1041A00080805146BDF8080018F8042000F02AF974
:1041B0000290641CE4B2042CF3D332465146BDF89D
:1041C000080000F0B1F917484323CDE90070144806
:1041D000154A401E3146C0680DF032FD304607F0EA
:1041E000A9FCA879FF2801D2401CA871A979062949
:1041F00002D20120884000E03C2000EB4001C1EBEE
:10420000C0104FF6FF7101EAC00000F2F3104FF446
:10421000FA71B0FBF1F028814846BDE8FE8F00003E
:1042200069010020843203088832030870B50B4806
:10423000046800250EE0216A59B10889012803D9D4
:10424000A0F10100088104E003D10D81204600F0B7
:10425000F0FE2468002CEED170BD000008010020A3
:10426000F8B5046A002222626262214EA6F1280596
:10427000F078002801D0E868A062307910B1286990
:10428000E06202E0A06A4008E062707910B16869FB
:10429000206304E0A06AC0EBC000C0082063086986
:1042A000E061B07930B1A86904F0DEF82062012045
:1042B000E07100E0E271F07918B1E86904F0D4F837
:1042C000606200240CE004F1080055F8200004F0BE
:1042D000CBF800906946204601F094F8641CE4B2E3
:1042E000022C03D23019007A0028ECD1F8BD00006E
:1042F000A0DA012010B50446206A0C2100F0F0FD80
:10430000054B20461A46114607F04AF82046BDE8FC
:104310001040FFF719BF00008432030870B505464E
:104320000E462C6A0948807800280ED00020208193
:1043300006482838806804F097F8A0613069E06189
:104340002846BDE8704000F00DBD70BDA0DA012028
:1043500010B5134C207800281AD1E06810B111A0D4
:10436000FEF7BAFC0DF0ECFAE060B0B1417A41F032
:1043700020014172442215490DF0BEF84322134931
:10438000E0680DF017F900221149E0680DF00EFB0E
:104390002078401C2070002010BD4FF0FF3010BD71
:1043A00068010020646863705F696E635F706362B8
:1043B0005F726566636F756E7428293A206D656D4E
:1043C0006F7279206C65616B000000008432030815
:1043D000E14A02082DE9F04104460E4690461F4688
:1043E000E019801C442802D90548FEF775FC601CC2
:1043F00085B206F80480681C80B27755BDE8F0816C
:10440000DC34030870B504460E461546442C02D32E
:1044100003A0FEF761FC601C80B2355570BD000042
:10442000646863705F6F7074696F6E5F62797465E2
:104430003A206F7074696F6E735F6F75745F6C652F
:104440006E203C20444843505F4F5054494F4E53D8
:104450005F4C454E0000000070B506460D46144600
:10446000301D442802D909A0FEF736FC220E701C2C
:1044700081B2AA55220C481C80B26A54220A411CFF
:1044800089B22A54481C80B26C5470BD6468637051
:104490005F6F7074696F6E5F6C6F6E673A206F70DC
:1044A00074696F6E735F6F75745F6C656E202B201F
:1044B00034203C3D20444843505F4F5054494F4EB8
:1044C000535F4C454E00000070B504460E4615463D
:1044D000A01C442802D905A0FEF7FEFB290A601C97
:1044E00083B23155581C80B2F55470BD6468637056
:1044F0005F6F7074696F6E5F73686F72743A206F6C
:104500007074696F6E735F6F75745F6C656E202B6E
:104510002032203C3D20444843505F4F5054494F87
:104520004E535F4C454E000030B404461046FF2504
:10453000621C93B20D55002403E01D465B1C9BB228
:104540004C55442B01D39D0701D0442BF5D3F033B8
:1045500030BC99B207F0AABB2DE9F34F85B000201B
:10456000049003900A21C148FBF7FEFE059840899C
:104570002C2804D26FF0010007B0BDE8F08F4FF097
:10458000F0080598B0F808A0059E08E0A8EB000127
:104590001FFA81F8AAEB00001FFA80FA366816B1FC
:1045A00070894045F2D91EB14746D6F804B020E1E3
:1045B0006FF00100E0E74FF0FF34B81C1FFA80F9FC
:1045C000B94501D26000D7E77389781C024683425F
:1045D00003D90BEB0700407805E0306810B1406864
:1045E000007800E000200546342958D00BDC032970
:1045F00029D003DCD1B101290DD11AE006292DD033
:10460000332908D141E035295CD0362964D03A29D4
:104610006CD03B2977D0002500297ED03844801CFF
:10462000B0F5803F7BD36FF00100A5E70020054681
:10463000F2E7042805D08EA0FEF74EFB6FF00500D0
:104640009AE70624E8E70425042805D28BA0FEF7A4
:1046500043FB6FF005008FE70724DDE7830705D0F4
:104660008BA0FEF739FB6FF0050085E7082801D223
:10467000054600E00825A84205D280A0FEF72CFBE5
:104680006FF0050078E70824C6E7042805D078A075
:10469000FEF722FB6FF005006EE70324BCE701285C
:1046A00005D07FA0FEF718FB6FF0050064E7B8F1B6
:1046B000F00F05D07DA0FEF70FFB6FF005005BE764
:1046C0000024A9E7012805D075A0FEF705FB6FF0CF
:1046D000050051E701249FE7042805D064A0FEF7F8
:1046E000FBFA6FF0050047E7022495E7042808D09D
:1046F0005FA0FEF7F1FA6FF005003DE703E00CE084
:104700000DE0042488E7042805D059A0FEF7E4FA58
:104710006FF0050030E705247EE797B25AE087B2D4
:10472000D5B3002002900A2C02D366A0FEF7D4FA7B
:104730004E48005D80BB042D01D2284600E00420D5
:1047400001904B4602A93046019A07F095F90146BF
:104750000198814202D06FF001000DE7042D1FD9AE
:10476000A80705D05CA0FEF7B7FA6FF0050003E7D5
:104770003E4801210155029803F076FE3B49283955
:1047800041F824002D1FEDB209F1040080B2484524
:1047900003D26FF00100EFE61CE08146641CC2E723
:1047A000042D07D0012D0AD051A0FEF795FA6FF025
:1047B0000500E1E6029803F057FE029002E09DF842
:1047C00008000290294901200855284802992838F4
:1047D00040F824107089B8420BD8391A8FB2AAEB6E
:1047E00000001FFA80FA574520D23668C6B1D6F8C5
:1047F00004B036B1574504D21BF80710FF297FF4E7
:10480000DAAE1A4A1078E8B1A2F128000068002157
:10481000117001280DD002280ED003280FD011E00E
:1048200038A0FEF759FA6FF00500A5E66FF0010019
:10483000A2E60120049005E00120039002E001209F
:1048400003900490049830B1002004904FF06C085D
:104850004FF0EC0A98E6039830B1002003904FF037
:104860002C084FF06C0A8FE6002085E6A0DA0120C4
:104870006C656E203D3D2034000000006C656E20AC
:104880003E3D206465636F64655F6C656E0000008B
:104890006C656E2025252034203D3D203000000031
:1048A0006C656E203D3D2031000000006F76657222
:1048B0006C6F616420696E2066696C652F736E6130
:1048C0006D650000636865636B206465636F646594
:1048D0005F696478000000006465636F64655F6C05
:1048E000656E2025252034203D3D2030000000004D
:1048F000696E76616C6964206465636F64655F6C82
:10490000656E00006E657874207062756620776150
:1049100073206E756C6C00002DE9FC478046D8F85A
:1049200020500421284600F0DBFA01AB032229467F
:104930004046FFF7D7FA0746380037D07968022398
:10494000F03139228946BDF80400FFF743FD01909C
:10495000B8F828204946FFF7B7FD01900423372215
:104960004946FFF737FD019000241E4E4946BDF829
:104970000400325DFFF746FD0190641CE4B2042C94
:10498000F4D33A464946BDF80400FFF7CDFD15487B
:10499000CDF80080401E4323134A3946C0680DF00D
:1049A000E1F80446384607F0C5F801E04FF0FF345F
:1049B000A879FF2801D2401CA871A8790A2803D23F
:1049C0004FF47A71484301E042F2107080B200F275
:1049D000F3104FF4FA71B0FBF1F028812046BDE8E6
:1049E000FC87000069010020883203082DE9FC479C
:1049F0008046D8F820500321284600F071FA01AB18
:104A0000032229464046FFF76DFA0746380047D093
:104A100079680223F03139228946BDF80400FFF796
:104A2000D9FC01904FF410724946FFF74DFD0190FB
:104A3000042332224946FFF7CDFC0190E86903F0D8
:104A400013FD02464946BDF80400FFF705FD01903D
:104A5000042337224946FFF7BDFC019000241E4E77
:104A60004946BDF80400325DFFF7CCFC0190641CA0
:104A7000E4B2042CF4D33A464946BDF80400FFF7EB
:104A800053FD1548CDF80080401E4323134A394694
:104A9000C0680DF067F80446384607F04BF801E0AF
:104AA0004FF0FF34A879FF2801D2401CA871A879E3
:104AB0000A2803D24FF47A71484301E042F21070A1
:104AC00080B200F2F3104FF4FA71B0FBF1F02881DC
:104AD0002046BDE8FC8700006901002088320308F9
:104AE0002DE9F04116463A4845682C6A7168002C59
:104AF00069D02079002866D070892C2863D3087883
:104B0000022860D1002095F8302008E02B180F18FB
:104B100093F82A303F7FBB4255D1401CC0B282423D
:104B200001D90628F2D3486803F09EFC2168884228
:104B300049D121463046FFF70FFD00BB254840789C
:104B4000E8B17268234828380079052802D0062881
:104B500022D02AE06079012806D0032814D0042846
:104B600012D0052810D02EE011462846FFF778FB1A
:104B700095F83100000703D52846FFF767F922E0D2
:104B80002846FFF7D3F81EE011462846FFF768FBDA
:104B90002846FFF7CBF816E06179032908D00129F0
:104BA00006D0042904D0052902D0022804D00AE046
:104BB0002846FFF79FFB06E06079062803D11146DF
:104BC0002846FFF7ABFB3046BDE8F04106F0B2BF28
:104BD000BCEC0020A0DA01202DE9FE4307463C6A28
:104BE000002C50D0607900284DD0A069029000259B
:104BF000A561E561256265622563E562A562A5821E
:104C000065822582E581384600F0D6F958B301ABBC
:104C1000072221463846FFF765F90646300022D0C4
:104C200071680423F03136228846BDF80400FFF78E
:104C3000D1FB0190029803F017FC02464146BDF8F3
:104C40000400FFF709FC019032464146FFF76CFC77
:104C50000E480097432302AA3146C0680CF082FF39
:104C6000304606F067FF0A4B38461A46114606F0F2
:104C700097FB0021204600F033F92079002802D06C
:104C8000FFF7ECF92571BDE8FE8300006801002004
:104C9000843203082DE9FC478046D8F820500521CE
:104CA000284600F01DF901AB032229464046FFF7D4
:104CB00019F90746380038D079680223F0313922D3
:104CC0008946BDF80400FFF785FB0190B8F828205D
:104CD0004946FFF7F9FB0190042337224946FFF7C5
:104CE00079FB019000241E4E4946BDF80400325D58
:104CF000FFF788FB0190641CE4B2042CF4D33A461D
:104D00004946BDF80400FFF70FFC1548CDF80080B8
:104D1000401E432305F118023946C0680CF022FFFB
:104D20000446384606F006FF01E04FF0FF34A8794C
:104D3000FF2801D2401CA871A8790A2803D24FF499
:104D4000FA61484301E044F6206080B200F2F310BB
:104D50004FF4FA71B0FBF1F028812046BDE8FC87E2
:104D6000690100202DE9FE430646002E69D0356A10
:104D7000002D6DD00121284600F0B2F802AB0322CD
:104D800029463046FFF7AEF880465FEA080065D056
:104D9000D8F804100223F03139228946BDF8080002
:104DA000FFF718FB0290328D4946FFF78DFB02900A
:104DB000042332224946FFF70DFB0290E86903F015
:104DC00053FB02464946BDF80800FFF745FB029039
:104DD000042336224946FFF7FDFA0290A86903F042
:104DE00043FB02464946BDF80800FFF735FB029039
:104DF000042337224946FFF7EDFA02900024274F9B
:104E00004946BDF808003A5DFFF7FCFA0290641CC1
:104E1000E4B2042CF4D342464946BDF80800FFF73B
:104E200083FB1F484323CDE900601C481D4A401EF8
:104E30004146C0680CF004FF0446404606F07AFE86
:104E40000EE019A0FDF748FF6FF00F00BDE8FE83EC
:104E50001CA0FDF741FF6FF00500F7E74FF0FF34AE
:104E6000A879FF2801D2401CA871A979062902D28D
:104E70000120884000E03C2000EB4001C1EBC01065
:104E80004FF6FF7101EAC00000F2F3104FF4FA711F
:104E9000B0FBF1F028812046D8E70000690100202E
:104EA0008432030888320308646863705F73656C3A
:104EB0006563743A206E6574696620213D204E5505
:104EC0004C4C0000646863705F73656C6563743A92
:104ED000206468637020213D204E554C4C0000003A
:104EE00042798A4203D0417100218171018170476A
:104EF00070B505466FF00F04002D0CD095F8310009
:104F0000C0070DD02C6A288D4FF0FF36B0F5107F0A
:104F10000BD2304670BD1BA0FDF7DEFE204670BDF3
:104F20001CA0FDF7D9FE204670BD64B1207908B100
:104F3000FFF794F834212046FBF716FAFFF708FA3A
:104F400050B1304670BD342005F0E4F804460CB191
:104F50002C62EFE7304670BD0120207195F83100DA
:104F6000400705D402212046FFF7BAFF002070BD9C
:104F70002846FFF7E9F80028F9D02846FFF72CFE6D
:104F8000304670BD6E6574696620213D204E554CDB
:104F90004C0000006E65746966206973206E6F7442
:104FA0002075702C206F6C64207374796C65207090
:104FB0006F72743F0000000000280CD0006A50B1EE
:104FC00040790A2805D0052803D0042801D0002004
:104FD0007047012070470020704710B5046A61795E
:104FE000012903D00A2901D005290AD1FFF752FE71
:104FF000A089618A401A022803DB00EBD0704008C8
:10500000E08110BD10B5046A6179012905D00A2933
:1050100003D0052901D004290AD1FFF77DFCA08A1D
:10502000618A401A022803DB00EBD070400820821E
:1050300010BD10B50446216A4A790C2A0FD0062A01
:105040000DD0012A10D0082A1ED0032A2ED188792B
:10505000022826D22046BDE81040FFF7C7BC2046F4
:10506000BDE81040FFF770B88879052804D82046BD
:10507000BDE81040FFF776BE2046FFF7ADFD2046A5
:10508000BDE81040FFF734BF8879012804D82046D6
:10509000BDE81040FEF7DABE2046BDE81040FEF73E
:1050A00045BE2046BDE81040FFF74EB810BD0000D9
:1050B00001460020002909D0C97A491C022905D2DD
:1050C000034A52F82110002900D001207047000047
:1050D000B00000202DE9F05F07468B460025DFF881
:1050E000808007EB0710A8F5886AA9460AEB001430
:1050F00005EB450658F826305BB108EB8600017ACF
:10510000B94206D1426804F110005946984748F860
:1051100026906D1CEDB2042DEAD300210425B9427E
:105120000CD001EB01100AEB0010827A022A05D1A3
:10513000C07BE27B904201D1E57303E0491CC9B218
:105140000429ECD3E07B042808D2064E56F8200050
:105150000CF040FCE07B46F82090E573BDE8F09F42
:105160008CEC00203CE8002010B50024204600F024
:1051700005F8641CE4B2042CF8D310BD2DE9F0410D
:105180000546284905EB051001EB0014042D02D358
:1051900025A0FDF7A1FDA07A00283AD0002601271E
:1051A000012808D0022813D0032834D0BDE8F041EC
:1051B00024A0FDF791BD00F055F820810220A072D7
:1051C000E672277366732846BDE8F04100F074B8B4
:1051D000207B401E10F0FF0020731AD1607B401C22
:1051E000C0B26073042805D020732846BDE8F041A2
:1051F00000F062B82046FFF75BFF28B1E07A401C60
:10520000E07227736673F0E700212846FFF762FF1C
:10521000A672BDE8F081206810B1401E2060F8D170
:10522000A672F6E74CE80020617272617920696E1F
:10523000646578206F7574206F6620626F756E6488
:1052400073000000756E6B6E6F776E20646E735F17
:105250007461626C6520656E747279207374617418
:10526000653A000010B50A4CFBF744F880B2002103
:1052700001EB011204EB0212937A022B02D1128984
:105280008242F1D0491CC9B20429F1D310BD0000FB
:105290004CE8002008B504A002F0AEFE009069467C
:1052A000002000F0AFF808BD3230382E36372E32ED
:1052B00032322E32323200002DE9FF5F0446494976
:1052C00004EB041001EB0015E87A022802D346A093
:1052D000FDF702FDEA7A4A49002651F8220048B358
:1052E00005F110000446FBF756F8123081B24FF476
:1052F0002072362006F050F982465FEA0A006CD030
:10530000019602960396288903F0BAF8ADF80400D6
:1053100001208DF806004FF4807BADF808B00C2218
:1053200001A9504606F088FD641E0C26641C274621
:1053300000220BE000212046FFF7CCFEAE720020D9
:1053400004B0BDE8F09F521CD2B2641C20782E2815
:1053500001D00028F7D1E01B1FFA80F906EB020804
:1053600008F10108B8F5803F05D3504606F0E2FB8E
:105370006FF00500E4E73146504606F087FC761CE6
:10538000B3B24A463946504606F0D6FD1FFA88F6B3
:1053900020780028CAD100223146504606F076FC1B
:1053A000761CB3B2ADF800B0ADF802B00422694685
:1053B000504606F0C1FDE87B3523EA7A104901EB3F
:1053C00082020849103951F8200051460CF058FB70
:1053D0000446504606F0AEFB01E04FF0FF34204695
:1053E000AEE700004CE80020646E732073657276AF
:1053F0006572206F7574206F66206172726179002A
:10540000B0000020022805D2054A02EB800011B14D
:10541000096801607047034909680160704700002E
:10542000B000002084320308FFF79EBE70B5054629
:105430000C46A00702D007A0FDF74EFC07F075FC54
:10544000A96809682160A9680C60BDE8704007F090
:1054500091BC00006D656D705F667265653A206D88
:10546000656D2070726F7065726C7920616C696710
:105470006E65640070B5044607F057FC0546A068E9
:1054800004685CB121680160A00702D006A0FDF7A6
:1054900023FC284607F06EFC204670BD284607F026
:1054A00069FC002070BD00006D656D705F6D616C02
:1054B0006C6F633A206D656D702070726F706572ED
:1054C0006C7920616C69676E6564000010B502A09C
:1054D000FDF702FC002010BD5B4452565F43414D76
:1054E0004552415D2043616D657261206472697649
:1054F000657220696E697469616C697A65640D0A08
:105500000000000010B50849002008808870A1F84C
:1055100003004871054908604860886004A0FDF7F1
:10552000DBFB002010BD000029000020F8630020F4
:105530005B4452565F4B45595D204B657920647240
:105540006976657220696E697469616C697A6564EF
:105550000D0A000010B502A0FDF7BEFB002010BD33
:105560005B4452565F4C43445D204C43442064727C
:105570006976657220696E697469616C697A6564BF
:105580000D0A000010B502A0FDF7A6FB002010BD1B
:105590005B4452565F4C45445D204C454420647248
:1055A0006976657220696E697469616C697A65648F
:1055B0000D0A000010B540210548FAF7D5FE05494F
:1055C0000020087004A0FDF787FB002010BD00003C
:1055D000B8630020280000205B4452565F4D414EC6
:1055E000414745525D20447269766572206D616E57
:1055F0006167657220696E697469616C697A656456
:105600000D0A000010B502A0FDF766FB002010BDDA
:105610005B4452565F53454E534F525D2053656E67
:10562000736F722064726976657220696E6974693D
:10563000616C697A65640D0A000000002DE9F04193
:10564000064614461B481C4F75188278002A17D04E
:10565000007938B121467869FDF73EFB17A0FDF7C8
:105660003BFB06E02146B869FDF736FB13A0FDF7CA
:1056700033FBB44201D2344602E0A54200D22C46AC
:10568000F868FDF729FB0DA0FDF726FB08E0214691
:105690000BA02268FDF720FB08A0FDF71DFB241DD1
:1056A000A542F4D80DA0FDF717FBBDE8F04103A01B
:1056B000FDF712BBBC010020A83203080D0A000050
:1056C0002020616464723A20253038782020202020
:1056D000646174613A202530387800003D3D3D3DDD
:1056E0003D3D3D3D3D3D3D3D3D3D3D3D3D3D3D3DEA
:1056F0003D3D3D3D3D3D3D3D3D3D3D3D3D3D3D3DDA
:10570000000000002DE9F04704460F46002C02D1AE
:1057100037A0FDF7E1FA07F008FB00266660277264
:10572000217F41F0010121776578667007F022FB47
:10573000636A1BB10022042120469847636A1BB1AB
:105740000022114620469847636A1BB100220221BD
:1057500020469847384603F0B1FC804604F110001B
:10576000814607F066FB18B14146484607F053FBF7
:1057700004F11400814607F05CFB18B1414648462D
:1057800007F049FB012D0BD0042D09D0032D07D0C4
:10579000206A002829D0BDE8F04719A0FDF79CBA7F
:1057A000207FC0F3800100F0FB00207700291CD18E
:1057B000206A10B919A0FDF78FFA042D09D0206ACC
:1057C0000771206A05680C35284607F0C5FB18B13B
:1057D00005E0206A0671F4E717A0FDF77DFA26625E
:1057E0002846BDE8F04707F097BBBDE8F08700000A
:1057F000636F6E6E20213D204E554C4C0000000022
:10580000636F6E6E2D3E63757272656E745F6D733D
:1058100067203D3D204E554C4C000000636F6E6E7E
:105820002D3E63757272656E745F6D736720213DE6
:10583000204E554C4C000000696E61766C69642006
:105840006F705F636F6D706C657465645F73656DB9
:1058500000000000002802DC4142112901DB052084
:1058600070470249A1EB800000687047C43003080C
:1058700070B505460024084E04EB440006EBC0005A
:10588000017D29B18068A84202D1204600F0F6F8D7
:10589000641C0A2CF0DB70BDACDA01202DE9F74F57
:1058A00084B080464FF00A0AD1460A270024BB463E
:1058B0000020029001900090494904EB440001EB64
:1058C000C0060390357D0A2F00D1CDB125B3012D3F
:1058D00004D0022D02D243A0FDF7FEF9B8F1000F6B
:1058E00010D0D8F80000716888420BD1069818B122
:1058F000B1680698814205D1204607B0BDE8F08F17
:10590000274609E0012D13D0022D05D3708A009996
:10591000884201D3A1460090641C24B20A2CCBDB40
:1059200005984FF0FF3180071CD40A2F13D015E0E3
:105930002B48039950F8310030B1708A029988429F
:10594000EAD3A3460290E7E7708A01998842E3D33D
:10595000A2460190E0E70598C00703D00A2F03DABA
:105960003C4620E00846C8E7B9F10A0F0ADA4C467F
:105970001B4804EB440150F8310060B129A0FDF749
:10598000ABF908E0BAF10A0F01DA544603E0BBF1C3
:105990000A0F23DA5C460A2C02DB28A0FDF79CF9EB
:1059A000204600F06BF80A2C02DB24A0FDF794F9E6
:1059B0000B4804EB440100EBC105287D10B124A085
:1059C000FDF78AF9B8F1000F02D0D8F8000068603E
:1059D000002068820698A86020468EE708468CE77B
:1059E000ACDA01207374617465203D3D2045544854
:1059F0004152505F53544154455F50454E44494EC7
:105A000047207C7C207374617465203E3D204554A2
:105A1000484152505F53544154455F535441424CA6
:105A2000450000006172705F7461626C655B695D66
:105A30002E71203D3D204E554C4C000069203C20ED
:105A40004152505F5441424C455F53495A45000012
:105A50006172705F7461626C655B695D2E73746105
:105A60007465203D3D204554484152505F53544198
:105A700054455F454D5054590000000070B5084D25
:105A800000EB4004002655F83400002803D006F04F
:105A900051F845F8346005EBC400067570BD000090
:105AA000ACDA01202DE9F04387B007460D46002D02
:105AB00009D07C684FF48078208840450FD1207948
:105AC00006280CD105E024A0FDF706F907B0BDE8D3
:105AD000F0836079042802D16088082803D0384612
:105AE00006F028F8F2E7D4F80E000690A0690590B9
:105AF000696819B1884203D1012602E0002600E05E
:105B000000260EB1012300E0022304F108029146B1
:105B100006A9284600F0A6FAE088404503D0B0F573
:105B2000007F14D10FE096B106AACDE901920221BF
:105B3000281D05F12A030391009019464A4628467C
:105B400000F0CCF903E006A92846FEF7D5F8384660
:105B500005F0F0FFBAE700006E6574696620213D2C
:105B6000204E554C4C000000FEB504460E4615462E
:105B7000002C02D13FA0FDF7AFF816B941A0FDF708
:105B8000ABF8280002D142A0FDF7A6F8214628680C
:105B900001F009FB08B1424B3FE02868C0F3031154
:105BA0000E2925D0A168636800EA01020B409A42E1
:105BB00008D080B2A0F57E41A93903D0E068B0B327
:105BC00004F10C05374B38491A7802EB420001EB1F
:105BD000C000077D022F2ED38768A7422BD12F68E4
:105BE0004068874227D13146204600F05FF8FEBD6D
:105BF00001208DF8040000208DF805005E208DF84E
:105C00000600687800F07F008DF80700A8788DF80E
:105C10000800E8788DF8090001AB4FF400600090AF
:105C200004F12A023146204600F0CAFAFEBDFFE721
:105C30006FF00300FAE7002202EB420001EBC00024
:105C4000077D022F0CD38768A74209D12F684068CF
:105C5000874205D11A703146204600F027F8E5E763
:105C6000521CD2B20A2AE7D332462946204600F017
:105C700075F8DBE76E6574696620213D204E554C52
:105C80004C0000007120213D204E554C4C0000007E
:105C900069706164647220213D204E554C4C0000B7
:105CA0008C32030878010020ACDA01202DE9F8439A
:105CB00006460F4615461C4805EB450100EBC1049E
:105CC000207D022802D219A0FDF706F8164A05EB3E
:105CD0004501207D02EBC1050C35022818D1618AEF
:105CE0004FF00308B1F58E7F07D9211D304600F033
:105CF00073F968B984F814800AE0B1F5877F07D397
:105D00002A46211D304600F06DF908B984F8148048
:105D10004FF4006000902B4606F12A0239463046C7
:105D200000F04EFABDE8F883ACDA01206172705FD2
:105D30007461626C655B6172705F6964785D2E731B
:105D400074617465203E3D204554484152505F5374
:105D5000544154455F535441424C45002DE9FC5F8A
:105D600082460F4616460AF12A0001904FF0FF3492
:105D70004FF000085146386801F015FA88B93868C4
:105D8000C0F303110E290CD05FB150B1524601216E
:105D90003846FFF783FD0546002D05DA68B2BDE8F9
:105DA000FC9F6FF00F00FAE77F2D02D334A0FCF7C1
:105DB00093FF05F0FF0B36480BEB4B0900EBC905D1
:105DC000297D29B94FF0010801212975C5F808A0DE
:105DD000287D012804D0022802D22EA0FCF77CFFE7
:105DE000B8F1000F00D12EB93946504600F0F4F852
:105DF000044696B1287D264F022810D32F4880F8FC
:105E000000B04FF40060009005F10C03314650469D
:105E1000019A00F0D5F904462FE02046BFE701289B
:105E20002BD1002534460EE060892189884204D1B7
:105E3000206810B122A0FCF74FFF207B400601D55F
:105E4000012502E02468002CEED13DB132464FF42A
:105E500020710E2005F03EFD064602E0304605F0BA
:105E600085FF46B157F8390008B105F063FE47F8E1
:105E70003960002401E04FF0FF3420468FE7000036
:105E800074797065206F766572666C6F77000000BC
:105E9000ACDA01206172705F7461626C655B695D90
:105EA0002E7374617465203D3D2050454E44494E2B
:105EB00047206F7220535441424C45007801002026
:105EC0006E6F207061636B657420717565756573A5
:105ED00020616C6C6F776564210000002DE9FF4F35
:105EE00081B00646DDE90FABDDF838901F464FF074
:105EF0000008002E02D126A0FCF7EEFE4FF420721F
:105F00001C210E2005F048FB054628003CD068897E
:105F10001C2802D222A0FCF7DFFE6C68119802F068
:105F2000AFFAE08096F83000062802D02948FCF746
:105F3000D3FE3868A060B888A081DAF80000C4F801
:105F40001200BAF80400E082D9F80000C4F80E008C
:105F5000DBF80000A0614FF4807020800820608092
:105F6000062020710420607140F60600DDE902235E
:105F700000902946304600F023F9284605F0DAFD66
:105F8000404605B0BDE8F08F4FF0FF30F9E7000064
:105F90006E6574696620213D204E554C4C00000012
:105FA000636865636B2074686174206669727374DA
:105FB00020706275662063616E20686F6C64207368
:105FC0007472756374206574686172705F6864725E
:105FD0000000000020350308014A00F003B800006B
:105FE0008C3203087FB5064D031D0124CDE9003531
:105FF000CDE9021426331946FFF770FF04B070BDD7
:106000009232030870B50024154D04EB440005EBF3
:10601000C002117DF9B1508A401C80B25082B0F5A7
:10602000967F03D2012905D1052803D32046FFF727
:1060300025FD10E0032904D0042905D0012906D04C
:1060400009E00420107506E00220107503E0111D20
:106050009068FFF7C1FF641C0A2CD6DB70BD0000FE
:10606000ACDA0120F8B504460D4616461F4694F8F2
:106070003000062802D01EA0FCF72EFE9DB1286835
:1060800088B1214601F08FF868B92878C0F3031071
:106090000E2808D0224639462846FFF7FFFB002885
:1060A00004DA40B2F8BD6FF00F00F8BD194A00EBFA
:1060B000400102EBC1000223037584603368C360B2
:1060C000B38803820023438252F8315075B142F8FD
:1060D00031304FF400600090334604F12A02294623
:1060E000204600F06DF8284605F024FD0020F8BD9C
:1060F0006E657469662D3E6877616464725F6C6575
:106100006E203D3D204554485F4857414444525F0E
:106110004C454E00ACDA01202DE9F04104460D4615
:106120000E2760890E283DD9E07B18B995F8340018
:10613000401CE073606886890178CA0715D0012980
:1061400005D006221D49FAF72DF950B10DE041782E
:1061500059B980785E2808D1607B40F010006073E8
:1061600003E0607B40F008006073082E03D0B6F5B2
:10617000C16F17D10DE095F83100000712D53946EF
:10618000204605F011FE68B92946204601F028F99D
:1061900012E095F83100000704D53946204605F095
:1061A00003FE28B1204605F0C5FC0020BDE8F081C3
:1061B00029462046FFF776FC0020F7E78C320308DB
:1061C0002DE9F04106460F4615461C46069802F09A
:1061D00057F980460E21384605F0A2F918B16FF044
:1061E0000100BDE8F0817868A0F80C8021680160AA
:1061F000A18881802968C0F80610A988418196F895
:106200003000062802D004A0FCF766FD394630466F
:10621000B269BDE8F04110476E657469662D3E684D
:1062200077616464725F6C656E206D757374206253
:1062300065203620666F722065746865726E6574BD
:106240005F6F7574707574210000000070B50446AE
:10625000042003F05FFF05460DB14CB10BE040F2A6
:1062600035220E490EA0FCF737FD4FF0FF3070BD10
:1062700018A0FCF731FDE561732084F8320074202A
:1062800084F83300174860611748A061204601F088
:10629000D3FE2A342C60002070BD00009832030821
:1062A0005B4552524F525D5B25733A25645D206514
:1062B000746865726E657469665F696E69743A20A8
:1062C0006F7574206F66206D656D6F72790A0D0AA7
:1062D000000000006E6574696620213D204E554C1B
:1062E0004C000000695B02082D8202080546144E2E
:1062F0004FF0FF3700233A46194630680CF03CFA5D
:106300000128F7D10BF00EFE284601F02DFF0446C0
:106310000BF042FE002CEDD00BF004FE2B69294659
:106320002046984728B1204605F004FC0BF034FEC7
:10633000E0E700231A46194630680CF01DFAE3E73F
:10634000940100202DE9F04104460F46002C61D055
:10635000A669002E0DDA06F0E8FCA669002E06DA22
:106360000FB9761EA661BDE8F04106F003BD06F048
:1063700001FD304600F0BAF9044620004AD001255C
:1063800006F0D3FC80460120052F1CD2DFE807F081
:10639000030B101519002089401C00B22081012830
:1063A00014DD002512E02089401E208100250DE02B
:1063B000618901B10025608108E00020608100252D
:1063C00004E0A08102E014A0FCF786FCA07BE0B111
:1063D000DDB1B4F90800002801DD012700E0002745
:1063E000608908B1012500E00025A08908B10124D9
:1063F00000E00024404606F0BDFC23462A4639460C
:106400003046BDE8F04106F07DBB4046BDE8F041B6
:1064100006F0B0BCBDE8F081756E6B6E6F776E20D4
:106420006576656E7400000070B58C4D8C4C95F8E7
:106430003800800705D5206BFCF74EFC89A0FCF7DF
:106440004BFCA86B40007DD595F82400F0B3C00745
:1064500005D0606BFCF740FC82A0FCF73DFC95F892
:106460002400800705D5A06BFCF736FC7DA0FCF767
:1064700033FC95F82400000705D5E06BFCF72CFCF5
:1064800078A0FCF729FC95F82400C00605D5206CFF
:10649000FCF722FC73A0FCF71FFC95F82400800693
:1064A00005D5606CFCF718FC6EA0FCF715FC95F8A0
:1064B000240001060DD5C10701D1800709D5A96ABD
:1064C000D4F88C00FCF708FC66A000E001E0FCF7C3
:1064D00003FC95F82C00B0B3C00705D0A06CFCF706
:1064E000FBFB60A0FCF7F8FB95F82C00800705D5B6
:1064F000E06CFCF7F1FB5BA0FCF7EEFB95F82C00E1
:10650000400705D5206DFCF7E7FB56A0FCF7E4FB40
:1065100095F82C00000705D5606DFCF7DDFB51A058
:10652000FCF7DAFB95F82C00C00605D5A06DFCF74A
:10653000D3FB4CA0FCF7D0FB95F82C00800608D5C7
:10654000E06D01E04DE012E0FCF7C6FB45A0FCF772
:10655000C3FB95F82C00010609D5800707D5296BE8
:10656000D4F89000FCF7B8FB3EA0FCF7B5FBA88E72
:10657000B8B3C00705D0206EFCF7AEFB39A0FCF71E
:10658000ABFB95F83400800705D5606EFCF7A4FBE3
:1065900034A0FCF7A1FB95F83400400705D5A06EA8
:1065A000FCF79AFB2FA0FCF797FB95F83400000747
:1065B00005D5E06EFCF790FB2AA0FCF78DFBA88EBA
:1065C000C00505D5206FFCF787FB26A0FCF784FBF0
:1065D000A88E800505D5606FFCF77EFB21A0FCF737
:1065E0007BFBA86B002837DAE86B002834D0C007A3
:1065F00005D0A06FFCF770FB1AA0FCF76DFB95F8B7
:106600003C00800705D5E06FFCF766FB15A0FCF7A2
:1066100063FB95F83C00400706D5D4F88000FCF7F2
:106620005BFB10A0FCF758FB95F83C00000706D573
:10663000D4F88400FCF750FB0AA0FCF74DFB95F85A
:106640003C00C00608D5D4F88800FCF745FBBDE83F
:10665000704004A0FCF740BB70BD0000E8DC0120E6
:10666000A83203080D0A000013B54FF47A73012213
:1066700069460248FBF7FAFD00981CBDE0010020C6
:106680007CB504460E4606F050FB05466B4601AA53
:106690003146204600F020F80446284606F06AFB02
:1066A000002C04D06A463046019900F001F87CBD08
:1066B00010B503460C461068002805D013B105F04C
:1066C00039FA01E003F06CFF002C04D02046BDE84D
:1066D000104004F079B810BD416819600021416094
:1066E00003681360016001207047000010B50AF0D4
:1066F000EDFE002803D1024909200860002010BDEA
:10670000B80100200A46032100F0DAB82DE9FE4F57
:10671000044688464E4FD7F808A09AF800000007B4
:10672000860E142E7ED360890428FBD3606801781E
:10673000002978D0082976D107F114097869C0F3C7
:1067400003110E2955D0396800F02DFD002850D1D5
:106750002089082876D3204600F000FD20B120468D
:10676000BDE8FE4F05F0E6B906F10E010D462046E4
:1067700004F0D6FE78B32089811989B2884238D8CE
:106780004FF420720E2004F007FF0546002D30D094
:10679000698906F10800814203D2284605F0CAF94A
:1067A00027E0324651466868F9F7B6FD314628467B
:1067B00005F0FAFA30B127A0FCF78EFA284605F06A
:1067C000B9F916E02146284605F0A4F820B128467C
:1067D00005F0B0F90DE004E0204605F0ABF92C46D9
:1067E0000CE02946204605F0DFFA38B127A0FCF777
:1067F00073FA2046BDE8FE4F05F09CB96568314646
:10680000204604F08DFE70B96068D9F80010C160B0
:1068100039690161002129706980FF22027241817A
:10682000012001E00EE008E0CDE901080091FF231E
:1068300000224946204600F0E5FE2046BDE8FE4F16
:1068400005F078B92046BDE8FE4F05F073B90000A9
:10685000BCEC002069636D705F696E7075743A20DE
:106860006D6F76696E6720722D3E7061796C6F6115
:106870006420746F2069636D70206865616465725F
:10688000206661696C65640A0000000069636D70D0
:106890005F696E7075743A20726573746F72696E99
:1068A00067206F726967696E616C20702D3E706140
:1068B000796C6F6164206661696C65640A00000030
:1068C0002DE9FF470646884691464FF42072242161
:1068D000222004F061FE054628002CD06889242877
:1068E00002D216A0FCF7F8F977686C6884F800808B
:1068F00084F801904FF00008A4F80480A4F8068002
:106900006868716808301C22F9F706FDF868039082
:1069100003A801F051F858B1A4F802800121CDE993
:1069200000810290FF2303AA0021284600F06AFE9E
:10693000284605F0FFF8BDE8FF870000636865633F
:106940006B2074686174206669727374207062755C
:10695000662063616E20686F6C642069636D7020CF
:106960006D657373616765000A460B21FFF7A8BF69
:1069700010B50446607A022805D0012808D1608944
:1069800008B1884204D9204600F0A4FB01206072BF
:1069900010BD0000044903480860091D0348086051
:1069A00070470000E00000017C010020E0000002D0
:1069B000F8B506460D4617467189082904D23046B7
:1069C000BDE8F84005F0B6B87468204600F0C0FB9A
:1069D00020B13046BDE8F84005F0ACB8394628464D
:1069E00000F078FA28B12178112907D0162937D17B
:1069F0002EE03046BDE8F84005F09CB81B4A3968E7
:106A00001268914203D1231D12D0636883B1231D04
:106A100026D0636823B3914205D16068009069462F
:106A2000284600F057FAD8B16178FFF7A1FF17E0C8
:106A3000607808B90A2060706D6A35B12D6804E08D
:106A400061782846FFF794FF2D68002DF8D107E004
:106A5000417A012904D1002141810222427201724E
:106A60003046BDE8F84005F065B800007C01002024
:106A7000F0B587B040F29444ADF818400024ADF86A
:106A80001A400227CDE90047042506AECDE903658B
:106A90000293012300F0C5FD07B0F0BD70B50546B7
:106AA0000E466FF0050420463168C1F303120E2A2A
:106AB00004D012A0FCF710F9204670BD1D4A1268E0
:106AC000914204D11CA0FCF707F9204670BD27496C
:106AD0000C6810E094F8311089060BD525B12A68AE
:106AE00012B16168914205D13146204600F040F86C
:106AF0000028EBD12468002CECD170BD69676D7063
:106B00005F6A6F696E67726F75703A206174746541
:106B10006D707420746F206A6F696E206E6F6E2DB9
:106B20006D756C74696361737420616464726573FC
:106B3000730000007C01002069676D705F6A6F69F7
:106B40006E67726F75703A20617474656D70742031
:106B5000746F206A6F696E20616C6C7379737465F1
:106B60006D73206164647265737300000801002016
:106B700070B505460E466FF005043068C0F303118A
:106B80000E2904D01CA0FCF7A7F8204670BD2949A7
:106B90000968884204D128A0FCF79EF8204670BD01
:106BA00095F83100800604D432A0FCF795F8204611
:106BB00070BD3146284600F097F90446CCB1607AA2
:106BC00090B9207B28B9AB6B1BB101223146284616
:106BD000984716222146284600F0FAF9052120465A
:106BE00000F078FA01206072207B401C20730020A6
:106BF00070BD4FF0FF3070BD69676D705F6A6F697F
:106C00006E67726F75705F6E657469663A20617445
:106C100074656D707420746F206A6F696E206E6F7A
:106C20006E2D6D756C746963617374206164647238
:106C3000657373007C01002069676D705F6A6F691E
:106C40006E67726F75705F6E657469663A20617405
:106C500074656D707420746F206A6F696E20616C4A
:106C60006C73797374656D7320616464726573739A
:106C70000000000069676D705F6A6F696E67726F10
:106C800075705F6E657469663A20617474656D70C5
:106C90007420746F206A6F696E206F6E206E6F6E45
:106CA0002D49474D50206E65746966002DE9F0410D
:106CB00006460F466FF005053868C0F303110E292C
:106CC00005D013A0FCF708F82846BDE8F0811E495E
:106CD0000968884204D11DA0FBF7FEFF2846F4E7AF
:106CE0002848046810E094F8310080060BD526B1DE
:106CF000306810B16168814205D13946204600F004
:106D000043F805B105462468002CECD12846DCE7A1
:106D100069676D705F6C6561766567726F75703AF3
:106D200020617474656D707420746F206C65617679
:106D300065206E6F6E2D6D756C7469636173742060
:106D400061646472657373007C01002069676D7013
:106D50005F6C6561766567726F75703A20617474F7
:106D6000656D707420746F206C6561766520616C50
:106D70006C73797374656D73206164647265737389
:106D800000000000080100202DE9F04105460E46F4
:106D90006FF005073068C0F303110E2905D01EA05F
:106DA000FBF79AFF3846BDE8F0812B490968884215
:106DB00004D12AA0FBF790FF3846F4E795F831009C
:106DC000800604D434A0FBF787FF3846EBE7314652
:106DD000284600F07FF80446E4B1207B012815D84E
:106DE0002146284600F0D4F8207A20B11722214607
:106DF000284600F0EDF8AB6B1BB100223146284667
:106E0000984721460A2003F043FB01E0401E20730F
:106E10000020C8E73846C6E769676D705F6C65613A
:106E2000766567726F75705F6E657469663A20612A
:106E30007474656D707420746F206C656176652064
:106E40006E6F6E2D6D756C7469636173742061640F
:106E500064726573730000007C01002069676D70C7
:106E60005F6C6561766567726F75705F6E6574697A
:106E7000663A20617474656D707420746F206C655F
:106E800061766520616C6C73797374656D732061D4
:106E9000646472657373000069676D705F6C65612F
:106EA000766567726F75705F6E657469663A2061AA
:106EB0007474656D707420746F206C6561766520E4
:106EC0006F6E206E6F6E2D49474D50206E65746950
:106ED00066000000406A04E042680B689A4202D0F3
:106EE00000680028F8D170472DE9F04180460D4632
:106EF000D8F8246029464046FFF7ECFF002819D156
:106F00000A2003F007FB04469CB1ADB1286860601D
:106F1000002767816772277227730E4876B1296848
:106F20000068814202D10C48FBF7D6FE3068206031
:106F300034602046BDE8F0810020E8E72968006859
:106F4000814202D005A0FBF7C7FE2760C8F82440A5
:106F5000EFE700007C0100206435030869676D706D
:106F60005F6C6F6F6B75705F67726F75703A2066DC
:106F7000697273742067726F7570206D75737420F9
:106F8000626520616C6C73797374656D73000000C9
:106F900002460020526A06E013688B4202D109685B
:106FA000116002E01A46002AF6D1002A01D16FF0E2
:106FB0000F00704710B5446A002C06D0246804E026
:106FC00005212046FFF7D4FC2468002CF8D110BD21
:106FD0002DE9F84381460E4615462048006800908A
:106FE0004FF000084FF420720821362004F0D4FA44
:106FF0000746002F2FD07C687889082802D218A075
:10700000FBF76AFED9F804000090162D02D0172D68
:1070100007D00AE006F10408706860600120307251
:1070200003E0DFF8788070686060162D01D0172DBE
:107030000ED125700020607060800821204600F08D
:1070400087F860804B46424669463846FFF710FD98
:10705000384604F06FFDBDE8F88300008432030871
:1070600069676D705F73656E643A20636865636B12
:10707000207468617420666972737420706275662A
:107080002063616E20686F6C642073747275637422
:107090002069676D705F6D736700000080010020DC
:1070A00010B504460A492046FFF71EFF60B10221D1
:1070B0004172017B491C0173A36B1BB1012204497E
:1070C00020469847002010BD4FF0FF3010BD000053
:1070D0007C01002070B505460C46022C06D9F9F754
:1070E00009F990FBF4F104FB110000E0012080B2EB
:1070F0006881002801D10120688170BD4A7A012A87
:1071000009D1054B4A681B689A4204D002224A7290
:107110001622FFF75DBF70477C01002070B50B4859
:1071200005680FE06C6A0AE0608938B1401E80B2E1
:10713000608118B921462846FFF7E0FF2468002C3B
:10714000F2D12D68002DEDD170BD000008010020A6
:1071500000B502F08DFDC04380B200BD70B505469C
:107160000026002412E06989686802F081FD20444D
:1071700081B201EB1044A87AC00706D08EB1002678
:10718000E0B2C4F3072141EA00242D68002DEAD1C2
:1071900026B1E0B2C4F3072141EA0024E04380B203
:1071A00070BD0126ECE708B50090421C07D0020034
:1071B00005D091F83120920703D4002008BD0120AA
:1071C00008BD4A68824201D1002008BD896800EAF2
:1071D00001030A40934202D10143491C01D000201F
:1071E00008BD012008BD00002DE9F74F88B0044616
:1071F00000270998008D1438C11700EB5170C0F3B7
:10720000CF0005901425606807900798BE1F01788D
:1072100001F00F01052903D030460BB0BDE8F08F17
:107220006189142904D25AA0FBF756FD3046F4E7D1
:10723000C08801F025F9C0F30C01039100F400505F
:107240000290208914381FFA80F89AE005984FF6CA
:10725000FF7101EAC000404500D9404604904FF458
:10726000207214210E2004F097F982465FEA0A008A
:107270005BD0BAF80A00142802D24CA0FBF72CFD10
:107280001422DAF804000799F9F746F8DAF804004E
:107290000690049E30E06089411B8FB2A84202D262
:1072A0004AA0FBF719FDBE4200D237467FB300F07B
:1072B00067FC81465FEA09002DD060684B46284490
:1072C000CDE9000741223946002004F071FA8346D7
:1072D000BBF1000F23D0204604F048FDC9F814404C
:1072E0003E48C9F810005946504604F07DFAF01B9C
:1072F00086B20EB100252468002ECCD1E81985B2E3
:107300000998008D1438404512DB012111E0FFE798
:1073100000252468F0E7504604F00CFC05E04846E0
:1073200000F032FC504604F005FC4FF0FF3074E7EB
:1073300000210398C0F30C0009B1029909B140F48F
:10734000005001F09DF80699C8800498143080B26E
:1073500001F096F806994880069800214181099825
:1073600051460A9A43699847504604F0E3FB049853
:10737000A8EB00001FFA80F805990398084480B232
:107380000390B8F1000F7FF461AF002045E70000E3
:107390006970345F6672616728293A207062756689
:1073A00020746F6F2073686F727400007468697363
:1073B000206E656564732061207062756620696E59
:1073C000206F6E652070696563652100702D3E6CCD
:1073D000656E203E3D20706F666600000D800208DD
:1073E0002DE9F84F07460E464FF0010B7D6804214A
:1073F0002878B1EB101F05D0384604F09BFB002025
:10740000BDE8F88F00074FEA9068688801F038F807
:1074100004463889A04203D92146384604F046FC88
:107420007889404505D33889A04202D3B8F1140FBA
:1074300004D2384604F07EFB0020E1E7DFF88C91AF
:107440002869C9F81400E968C9F81010C0F30310DE
:1074500009F1140A0E2805D0304600F0BDF8C8B175
:10746000344628E096F83100800611D55146304662
:10747000FFF730FD60B156480090D9F814108142F2
:1074800004D1D9F8100008B94FF0000B344612E0CF
:10749000002410E0002499F814007F280BD04D48F8
:1074A000046806E0B44203D0204600F095F810B915
:1074B0002468002CF6D15CB9687A112808D105EB54
:1074C00008004088B0F5884F02D134464FF0000BD9
:1074D000BBF1000F0CD0D9F8100048B13146FFF7CE
:1074E00062FE78BB99F81000C0F303100E282BD071
:1074F0004CB3E88830F0C00005D0384600F06CF995
:1075000007465FB37D68C9F80040C9F80460C9F850
:10751000085028780007800EA9F80C00414638462C
:1075200004F042FC687A012824D0022827D00628DB
:107530001BD0112814D02146D9F81400FFF733FED0
:1075400018B331E000E004E0384604F0F3FA00201C
:1075500056E7384604F0EEFA002051E700204FE7E6
:10756000314638460AF0A0F821E03146384606F0A8
:1075700069FB1CE031463846FFF7C8F817E0524671
:1075800031463846FFF714FA11E099F81400C0F3B9
:1075900003100E2808D00FFA88F1384604F05EFB7D
:1075A00002213846FFF7AEF8384604F0C3FA00204F
:1075B000C9F80000C9F80400C9F80800A9F80C00CF
:1075C000C9F81000C9F814001AE70000BCEC00204C
:1075D000E00000010801002010B590F83110C90743
:1075E0000CD0416851B1064A52698A4204D0014622
:1075F0001046FFF7D8FD08B1012010BD002010BDD6
:10760000BCEC0020F0B585B0DDE90A760C9D0024C5
:10761000CDE90254CDE90076049400F002F805B0FB
:10762000F0BD2DE9F04186B0DDE90FC5DDE90C675D
:107630000E9C002A08D05FEA010804D0D1F800802F
:10764000B8F1000F00D1211DCDE903C5CDE90067D8
:10765000029400F003F806B0BDE8F0812DE9F84F80
:107660000546DDF830800E9C894616469A46A87B72
:10767000012802D03FA0FBF72FFB002E5DD014277E
:107680001CB3282C03D96FF00500BDE8F88F04F176
:10769000030B4FF6FC700BEA000B0BF1140087B2E2
:1076A0005946284603F03CFF10B16FF00100ECE7AB
:1076B000224668680D99F8F72FFE5C4505D2686888
:1076C000ABEB04012044F8F74FFE1421284603F0E9
:1076D00027FF10B16FF00100D7E76C6868891428A4
:1076E00002D227A0FBF7F8FA84F808A00B98607282
:1076F00030682061402040EA970020700A9860704E
:10770000288900F0BDFE60804FF0000AA4F806A0B2
:10771000274F388800F0B4FEA0803888401C38809D
:10772000B9F1000F05D0D9F80000E060A4F80AA074
:107730000DE020480068E060F8E76889142802D26C
:107740006FF00100A1E76868006900906E46B8F824
:10775000280040B12989814205D932464146284650
:10776000FFF742FD91E7D8F81430324629464046EB
:1077700098478AE7702D3E726566203D3D203100B6
:10778000636865636B2074686174206669727374E2
:1077900020706275662063616E20686F6C64207370
:1077A00074727563742069705F6864720000000011
:1077B0008401002084320308F0B585B0DDE90A7643
:1077C0000C9D0024CDE90254CDE900760494FFF726
:1077D00045FF05B0F0BD00002DE9F0478246DAF81C
:1077E0000450287800F00F00052873D1E88800F0D5
:1077F00047FEC0044FEA1048688800F041FE29782F
:107800000907890E814265D8401A1FFA80F950464F
:1078100004F056F80646584F388830440A2809D9EB
:107820003146284600F08EFB002853D0388830447B
:107830000A28E8D87C680CE06069E968884207D1CA
:10784000A0692969884203D1A089A988884202D009
:107850002468002CF0D12CB1E88800F011FEC0049F
:1078600008D012E03146284600F0B6FA044620005F
:107870007DD00AE0E08900F003FEC00405D01422A8
:10788000294604F10800F8F747FDA87940F34015B0
:107890006D1C45B108EB090080B240455BD34FF643
:1078A000EB71884257D82A465146204600F080F9AD
:1078B000411C50D039883144398035B108EB090179
:1078C000A183A17F41F00101A177012803D000200D
:1078D000BDE8F0874BE0A08B14301FFA80F8606899
:1078E00046683568142204F108013046F8F714FDA3
:1078F000404600F0C5FD70800020F0807081D4F813
:10790000048009E06E681421284604F04DFA2946E7
:10791000404603F069FF3568002DF3D179688C4249
:1079200005D1002105E00868A04202D001460029E7
:10793000F9D1204600F02AFA404603F0C1FF044680
:107940003888A04202D20DA0FBF7C6F93888001B88
:1079500038804046BCE7606848B97868844202D005
:107960000DA0FBF7B9F90021204600F00FFA5046B0
:1079700004F0E0F80020ABE78C01002069705F7232
:10798000656173735F70627566636F756E74203EB8
:107990003D20636C656E00006E6F742066697273C3
:1079A00074616C74686F756768206A75737420659C
:1079B0006E7175657565640030B50168C1F30310BB
:1079C0000E2803D116484068002827D115480068C2
:1079D00013E090F83120D3070ED053070CD543683D
:1079E00053B1846801EA040523409D4216D09207F2
:1079F00002D4C268914211D000680028E9D10A4837
:107A0000006850B190F83120D30706D0520704D552
:107A1000426812B1C9B27F2900D1002030BD0000F8
:107A200084010020080100200C0100202DE9FF4105
:107A3000064688466F463478F8F758FC8446DCF8EA
:107A40000030185D202803D0002004B0BDE8F0818C
:107A500000250A20302C06D116F8014F782C08D0CA
:107A6000582C06D008201A5D202A06D010280AD0EB
:107A700019E0102016F8014FF5E7303C05FB0045F2
:107A800016F8014FEFE782EA820109060BD51107CC
:107A900001D5612100E04121611A0A3141EA051551
:107AA00016F8014FDFE72E2C11D024B1DCF80000CE
:107AB000005DC00714D06846381A012101EBA00010
:107AC000052849D2DFE800F00E4B101D300003A856
:107AD000874201D30020B8E720C716F8014FAEE770
:107AE0000020B2E70020B0E7B5F1807F01D300208D
:107AF000ABE70098FF2801D90020A6E745EA00651A
:107B00002DE0B5F5803F01D300209EE70098FF28C7
:107B100002D80199FF2901D9002096E701990006B2
:107B200040EA014005431AE0FF2D01D900208CE70F
:107B30000098FF2805D80199FF2902D80299FF294A
:107B400001D9002081E70199000640EA014002992D
:107B500040EA0120054302E006A0FBF7BDF8B8F1BA
:107B6000000F04D0284600F07FFCC8F80000012078
:107B70006BE70000756E68616E646C656400000000
:107B8000052002F0C7BC000010B50446002C02D14D
:107B900004A0FBF7A1F82146BDE81040052002F043
:107BA00077BC00007020213D204E554C4C00000059
:107BB0002DE9F05F07468846924600250126D8F851
:107BC0000440608800F05CFC21780907890E4FF0C2
:107BD000FF39814202D94846BDE8F09FA0EB010B76
:107BE000E08800F04DFCC004010CD8F804400020EF
:107BF0002060A18001EB0B001FFA80FCA4F806C0F6
:107C00008C4501D24846E7E778682BE043689A88BC
:107C1000914218D2206075B1EA88914202D39988C6
:107C20008C4501D94846D7E7C5F80080A1888A422B
:107C30001AD0002618E099888C4501D94846CBE730
:107C4000C7F8048010E001D14846C5E7D8888142D2
:107C500001D24846C0E71DB1E888904200D0002616
:107C600018681D460028D1D1B0B975B1E888A1883F
:107C7000884202D922A0FBF72FF8C5F80080E888D7
:107C8000A188884208D0002606E0786810B124A0B8
:107C9000FBF722F8C7F80480BAF1000F02D1B87FD1
:107CA000C0072BD02EB37A6812B15068808808B113
:107CB00000261EE02146206808E04468C888A188A4
:107CC000884201D0002603E0206821460028F4D134
:107CD0007EB112B920A0FAF7FFFF78684068A04291
:107CE00002D11DA0FAF7F8FF206810B11EA0FAF724
:107CF000F3FF0EB101206FE700206DE700206BE776
:107D0000636865636B20667261676D656E7473206E
:107D1000646F6E2774206F7665726C61700000006E
:107D20006E6F2070726576696F7573206672616719
:107D30006D656E742C2074686973206D7573742082
:107D4000626520746865206669727374206672616A
:107D5000676D656E7421000073616E6974792063CC
:107D60006865636B0000000076616C69646174652E
:107D70005F646174616772616D3A6E6578745F709B
:107D8000627566213D4E554C4C00000070B50446AE
:107D90000D4609484168A14202D12168416005E0D1
:107DA00015B906A0FAF798FF206828602146BDE8BB
:107DB0007040042002F06CBB8C01002073616E697E
:107DC000747920636865636B206C696E6B656420F1
:107DD0006C6973740000000070B506460D460420FF
:107DE00002F098FB044654B92946304600F0AAF840
:107DF000A84203DB042002F08DFB04468CB1202155
:107E00002046F8F7B1FA0F20E07707484168216073
:107E100044601422314604F10800F8F77DFA204648
:107E200070BD002070BD00008C0100202DE9F047DE
:107E300006460F460025B74202D128A0FAF74CFFAC
:107E40002FB13868B04202D027A0FAF745FFD6F824
:107E50000480D8F804004FF480398188C9B90068DB
:107E60007060142206F10801D8F80400F8F754FAFB
:107E700001214046FEF778FD404603F021FD04460F
:107E80004C4502D31DA0FAF727FFA5B2404603F0E8
:107E900051FE74680FE06068A0460468404603F035
:107EA0000FFD05444D4502D314A0FAF715FFADB2FE
:107EB000404603F03FFE002CEDD139463046FFF737
:107EC00065FF164C2088A84202D215A0FAF704FFDD
:107ED0002088401B20802846BDE8F08770726576B8
:107EE00020213D2069707200707265762D3E6E65AE
:107EF0007874203D3D2069707200000070627566E4
:107F0000735F6672656564202B20636C656E203C30
:107F10003D20307866666666000000008C01002017
:107F200069705F72656173735F70627566636F75A8
:107F30006E74203E3D2070627566735F6672656583
:107F4000640000002DE9F04705460F460026DFF8E3
:107F500078800020002100230024D8F8042022E0AB
:107F6000D2F814C0D5F80C90CC450BD1D2F818C07B
:107F7000D5F81090CC4505D1B2F80CC0B5F80490F6
:107F8000CC4509D0641CE0B192F81FC090F81F9056
:107F9000CC4501D810460B46D2F800C0BCF1000F0A
:107FA00000D011466246002ADAD118B11946FFF70F
:107FB0003DFF0644BE4201DA012CCADC3046BDE872
:107FC000F08710460B46E7E78C01002070B50025CE
:107FD000084844680BE0E07F20B1401EE07725466A
:107FE000246804E0204624682946FFF71FFF002C80
:107FF000F1D170BD8C01002008B56946FFF716FD70
:1080000008B1009808BD4FF0FF3008BD10B5044618
:10801000002C02D105A0FAF75FFE606908B103F0F9
:1080200089FD2046BDE81040FFF7AEBD70637220A9
:10803000213D204E554C4C0038B50446F8F738FD2C
:1080400028B994F8310040F0040084F8310006208B
:1080500028342072304841690978A1704169497813
:10806000E1704169897821714169C978617141691B
:108070000979A17140694079E07140F2DC502080BB
:10808000607A40F00A006072283C002128200AF043
:1080900003FB2249086021480021001D04F00AFF6B
:1080A00010B91FA0FAF718FE1C483221083004F05E
:1080B000A1FE10B921A0FAF70FFE032000904FF4A3
:1080C00080632246244925A004F04EFF00220621A9
:1080D0003D20F9F73DFD3D20F9F72FFD21480168CE
:1080E00041F000710160016801F0007100910168C8
:1080F00041F080610160016801F0806100910168D8
:1081000041F000610160006800F000600090BDE88F
:1081100038400148F9F752BA2002002094010020AB
:108120005B44454255475D207379735F73656D5FAE
:108130006E6577206F6B0A0D0A0000005B444542B4
:1081400055475D207379735F6D626F785F6E6577F9
:10815000206F6B0A0D0A0000ED6202084554484981
:108160004E000000303802402DE9F84F002000900A
:1081700000242D48F8F78EFF10B10020BDE8F88FDD
:108180002948818F89B2D0F8409029B14FF4C1724B
:10819000002003F001FA0090009858B32248D0F86C
:1081A0003080009D24E06F89002640F2F45B12E0ED
:1081B0006868A4F2F45209EB040130445242F8F723
:1081C000ABF8D8F80C80D8F80890AAF2F457361B10
:1081D00006F2F456002407EB040ADA45E8D868688A
:1081E00009EB040130443A46F8F796F83C442D6810
:1081F000002DD8D10C4A106B002105E0036843F034
:1082000000430360C068491C936B8B42F6D8002181
:108210009163106800F580504269120602D58022F1
:10822000426181600098A9E7200200202DE9F05FFB
:108230000D463448C068002808D1324800210C306F
:1082400004F038FE2F480C3004F066FE2E48C66A53
:10825000D6F808A04FF0000900243068002802DAA0
:108260006FF007043CE0274800210C3004F062FD69
:108270002FE0B5F80A8000271BE06868A4F2F452EA
:10828000C1190AEB04005242F8F746F8F668306864
:10829000002802DA6FF0070422E0D6F808A0ABF25B
:1082A000F4583F1B07F2F457A9EB040909F2F459FB
:1082B000002408EB040B40F2F4508345DDD86868D5
:1082C0004246C1190AEB0400F8F726F84444C144B9
:1082D0002D68002DCDD149460B48F9F791F90024BE
:1082E0000948006800F580504169890603D52021BE
:1082F00041610021416003480C3004F00DFE20462E
:10830000BDE8F09F94010020200200202DE9F041FB
:10831000074600253846FEF7E9F904466E1E44B1CB
:10832000206858B100780121B1EB101F04D101255C
:1083300009E03046BDE8F081002504E0606810B136
:108340000BA0FAF7C9FC384601F0FEFB206802F0EA
:1083500051FC30B1FDF77EFA08B10B490860304698
:10836000E8E729462046FEF78BF90020E2E7000007
:10837000736F636B2D3E6C61737464617461203D37
:108380003D204E554C4C0000B80100202DE9F8432B
:108390000C469046FEF7AAF905464FF0FF3735B177
:1083A0006078184E30B1B8F1100F0DD106E03846A4
:1083B000BDE8F883286802F019FA1AE0607808B17D
:1083C000022801D1A0070AD00FA0FAF785FC6FF0B0
:1083D0000F00FDF73FFA00B130603846E8E760680B
:1083E0000090608800F04CF802466946286802F068
:1083F000BFF928B1FDF72EFA00B130603846D7E753
:108400000020D5E7B80100206C7769705F636F6E5C
:108410006E6563743A20696E76616C69642061648C
:10842000647265737300000010B50446606880478D
:1084300004F030FD0A4A216852688B181A1AB2F10A
:10844000004F06D322460844BDE81040054904F019
:10845000E9BD2246BDE810400249184604F0E2BDDD
:108460005401002029840208010600F47F4241EAF9
:10847000022100F47F0241EA122141EA10607047B4
:108480000106090C41EA1020704710B504F096FC73
:1084900001F0E4FD02F01AF802F046FF09F0F8F8E6
:1084A00005F0C4FBFEF776FAFCF7F4FEBDE81040D9
:1084B00004F008BE70B50446216848784A686FF039
:1084C0000A03002A43D00A780125B5EB121F3ED1DA
:1084D000227A032A01D0022839D0032832D0012879
:1084E00032D0D00702D0084602F0A6F92068006A10
:1084F00010B118A0FAF7F0FB21680420487020683A
:1085000004620021206800F039F800281BD02068A0
:108510004078042802D016A0FAF7DEFB164804F0D3
:10852000B3FC206800210C3004F004FC124804F075
:1085300087FC20684078002805D0BDE870400CA07A
:10854000FAF7CABB237170BDFB20207170BD237187
:1085500070BD0000616C7265616479207772697426
:10856000696E67206F7220636C6F73696E670000BD
:108570007374617465210000A80000202DE9F05F8C
:1085800004468B464FF00009002C02D169A0FAF78F
:10859000A3FB20780121B1EB101F02D069A0FAF7EC
:1085A0009BFB6078042802D06EA0FAF795FB606808
:1085B00010B975A0FAF790FB206A10B977A0FAF706
:1085C0008BFBD4F80480206A007A00F0010A00F0E6
:1085D0000207032811D0BAF1000F07D098F8140051
:1085E00005280CD006280AD0082808D04FB198F8E2
:1085F0001A00C00605D5012504E0012502E0012589
:1086000000E000251DB10021404604F07FFE98F8EF
:10861000140001281FD0BAF1000F07D000214046F6
:1086200007F09AFA0021404604F013FE1FB1002122
:10863000404607F061FD45B100221146404606F074
:10864000C7FC0021404605F0D1F94DB1404604F089
:108650006BFE06460AE00021404604F0FAFDF4E70E
:108660003A465146404607F069FD06468EB1701CF9
:1086700012D04FF00109B9F1000F3BD0206AD0F8B9
:10868000008008F10C08067100202062607086B13D
:1086900027E04FF00109EEE7206A407A0028EAD18E
:1086A0004FF00109002DE6D0404604F0CFFD002632
:1086B000E1E735B16060636A1BB100220421204606
:1086C0009847BAF1000F05D0636A1BB1002211462A
:1086D000204698472FB1636A1BB100220221204631
:1086E0009847BBF1000F02D0404604F015FC002073
:1086F000BDE8F09F98F81400012802D12EA0FAF7E7
:10870000EBFA1FB13549404607F0F6FC0122344927
:10871000404606F05DFC3349404605F067F92146C6
:10872000404604F0F3FD16B92FA0FAF7D5FA30460B
:10873000DEE70000696E76616C696420636F6E6EBF
:10874000000000007468697320697320666F7220EE
:10875000746370206E6574636F6E6E73206F6E6CE1
:1087600079000000636F6E6E206D75737420626512
:1087700020696E207374617465204E4554434F4EDA
:108780004E5F434C4F53450070636220616C7265CD
:1087900061647920636C6F7365640000636F6E6E53
:1087A0002D3E63757272656E745F6D736720213D37
:1087B000204E554C4C000000436C6F73696E67206F
:1087C00061206C697374656E20706362206D6179DD
:1087D000206E6F74206661696C210000F9CB02087D
:1087E00071C102080557020865727220213D2045BB
:1087F00052525F4F4B00000010B50446206843689A
:10880000002B0DD0017801F0F001102911D02029A2
:1088100009D02CA0FAF760FA6FF00500207110BDA6
:108820006FF00E00FAE7A2891846A16808F0C2FEB0
:10883000F4E74178032903D029B16FF00900EDE78F
:108840006FF00800EAE704F00FFA2068A289A16837
:108850004068224B04F06EFE0028DFD12068017FC3
:10886000C1F3400103224270002905D02068017F36
:1088700041F00401017704E02068017F01F0FB0171
:10888000017702D06FF00400C8E720680462206816
:108890004078032802D012A0FAF71EFA124804F01A
:1088A000F3FA206800210C3004F044FA0E4804F07A
:1088B000C7FA206840780328B1D1BDE8104008A06D
:1088C000FAF70ABA496E76616C6964206E65746362
:1088D0006F6E6E207479706500000000ED880208EC
:1088E0007374617465210000A800002070B504460F
:1088F00016460025002C08D06078032802D01EA060
:10890000FAF7EAF9206A18B108E06FF0050070BDC7
:10891000207F400702D420A0FAF7DEF9206A18B1C0
:108920000671206A05680C3520780121B1EB101F13
:1089300003D116B9204604F097F9207F40F3800652
:10894000761C00F0FB00207706B12DB956EA050031
:1089500002D021A0FAF7C0F9002020626070636A9B
:108960001BB1002202212046984716B1284604F088
:10897000D3FA002070BD0000636F6E6E2D3E7374DD
:10898000617465203D3D204E4554434F4E4E5F433C
:108990004F4E4E454354000028636F6E6E2D3E636C
:1089A000757272656E745F6D736720213D204E5540
:1089B0004C4C29207C7C20636F6E6E2D3E696E5F6F
:1089C0006E6F6E5F626C6F636B696E675F636F6E15
:1089D0006E65637400000000626C6F636B696E67A4
:1089E00020636F6E6E6563742073746174652065B7
:1089F00072726F720000000070B5044620684578FE
:108A0000002D07D000780121B1EB101F02D038A053
:108A1000FAF762F91DB1022D01D0032D05D1032D06
:108A200006D12068007F400702D4FB2020712AE095
:108A3000032D06D12068007F400702D431A0FAF749
:108A40004BF900252571206801F0F6FE2068416889
:108A500069B1027802F0F002102A1AD0202A04D15B
:108A60004D622068406808F0B5FF206845602068C6
:108A7000436A13B10022114698472068436A13B134
:108A80000022022198472068BDE870400C3004F0B5
:108A900063BA006A10B123A0FAF71EF92168042016
:108AA0004870032020722068046200212068FFF7CC
:108AB00065FD00281AD020684078042802D020A044
:108AC000FAF70AF9204804F0DFF9206800210C3099
:108AD00004F030F91C4804F0B3F92068407800280D
:108AE00004D0BDE8704016A0FAF7F6B870BD0000DB
:108AF0006E6574636F6E6E20737461746520657249
:108B0000726F7200626C6F636B696E6720636F6E69
:108B10006E65637420696E2070726F67726573731F
:108B200000000000616C726561647920777269747D
:108B3000696E67206F7220636C6F73696E670000E7
:108B40007374617465210000A800002010B504460C
:108B5000022220680178B2EB111F05D1406808F0AD
:108B60007BFD0020207110BDFA20207110BD000097
:108B700030B401686FF00A04496800293AD0027CD9
:108B80001AB182680968116002E082684968116060
:108B90000021017101680A7802F0F002102A17D052
:108BA000202A03D030BC14A0FAF796B8027C2AB170
:108BB0004968C068498A018030BC704749680A7CAE
:108BC000520701D40471F7E7C068898A0180F3E78E
:108BD000027C22B94B681B7D2BB1012B03D022B143
:108BE0004968C98A03E00471E6E74968098BC068EF
:108BF0000180E1E70471DFE7696E76616C696420EA
:108C00006E6574636F6E6E5F74797065000000004E
:108C100010B50446F52020712068416800290BD06A
:108C200000780221B1EB101F0DD1607C28B1D4E98E
:108C30000210FEF73BF8207110BDD4E90210FDF7D9
:108C40002DFF207110BDFA20207110BD002101718F
:108C500001684968002901D103F0ACB970472DE9DA
:108C6000F04105460020287128684168002917D086
:108C700000780121B1EB101F12D1AC684FF480389D
:108C80004FF6FF77444501D3384600E0204686B2D0
:108C900028683146406806F0A9FFA41B002CF1D1DA
:108CA000BDE8F08170B50446206801F012FE98B965
:108CB00021686FF00A004D6875B1097801F0F00184
:108CC000202909D1A068816841B1838900F1080297
:108CD0000168284608F0D4FE207170BD016828465E
:108CE00008F0A0FEF8E7000010B50446206801F087
:108CF000F0FD002840D1206801210278B1EB121F5D
:108D000038D142780AB1881F36E04268002A2ED056
:108D100041702068006A10B118A0F9F7DDFF6069A2
:108D200010B91DA0F9F7D8FF20680462002120685F
:108D300000F042F8002820D020684078012802D0B6
:108D40001AA0F9F7C9FF1B4804F09EF8206800211B
:108D50000C3003F0EFFF174804F072F820684078F9
:108D600001280AD1BDE8104010A0F9F7B5BF6FF097
:108D70000A0001E06FF00500207110BD616C7265A2
:108D80006164792077726974696E67206F722063FD
:108D90006C6F73696E6700006D73672D3E6D73674E
:108DA0002E772E6C656E20213D2030007374617427
:108DB00065210000A80000202DE9F34F81B0044692
:108DC0004FF00008002C02D17EA0F9F785FF6078F3
:108DD000012802D07FA0F9F77FFF206A10B985A093
:108DE000F9F77AFF606810B989A0F9F775FF206A72
:108DF00081694069814202D38BA0F9F76DFF206A37
:108E0000808910B998A0F9F767FF206A077F207F53
:108E1000800701D4780702D54FF0010901E04FF037
:108E200000094FF6FF7A206A816800690A680244E7
:108E300000924A68161A4FF4803B5E4503D35546AC
:108E400047F0020700E0B5B26168B1F86410A942CA
:108E50000ED20D46B9F1000F08D04DB9206A8069D5
:108E600008B1002646E06FF0060643E047F002072F
:108E70002844904202D986A0F9F72EFF554501D12A
:108E80005E4506D2B0B2A84208D1206A8089012886
:108E900004D94FF0010B47F0020701E04FF0000B3F
:108EA0003B462A466068009907F0C4FD064630003C
:108EB00018D1206A816929448161206A01692944A5
:108EC0000161206A8268526891420BD18189491EF2
:108ED00089B28181206A29B1816808318160216A63
:108EE00000200861BBF1000F01D0002E9BD00EB115
:108EF000701C23D1B9F1000F0FD0206A816940693D
:108F000081420AD2636A1BB100220321204698479E
:108F1000207F40F01000207710E0606841F6844226
:108F2000B0F86410914203D9B0F86600282805D340
:108F3000636A1BB10022032120469847AEB1701C22
:108F400026D04FF00108B8F1000F37D0206A016831
:108F50000C310671002020626070029810B1084642
:108F600003F0DAFF0020BDE8FE8F206A81694069C6
:108F7000814202D0B9F1000F01D04FF001086068C2
:108F800005F0A6FB011DDED106464FF00108DAE729
:108F9000606805F09DFB011D09D0B9F1000FD2D02A
:108FA000206A806938B100264FF00108CBE70646F9
:108FB0004FF00108C7E76FF00606F5E74FF0FF3006
:108FC000D1E70000636F6E6E20213D204E554C4C62
:108FD00000000000636F6E6E2D3E73746174652037
:108FE0003D3D204E4554434F4E4E5F5752495445E8
:108FF00000000000636F6E6E2D3E63757272656EC9
:10900000745F6D736720213D204E554C4C0000006D
:10901000636F6E6E2D3E7063622E74637020213D0F
:10902000204E554C4C000000636F6E6E2D3E6375F4
:109030007272656E745F6D73672D3E6D73672E7708
:109040002E6F6666736574203C20636F6E6E2D3ED6
:1090500063757272656E745F6D73672D3E6D7367B5
:109060002E772E6C656E0000636F6E6E2D3E6375FD
:109070007272656E745F6D73672D3E6D73672E77C8
:109080002E766563746F725F636E74203E203000CD
:109090006C7769705F6E6574636F6E6E5F646F5F2F
:1090A00077726974656D6F72653A20696E76616C6E
:1090B0006964206C656E67746821000010B510F15A
:1090C0000F0F10D010F10E0F0AD010F10D0F05D0B8
:1090D00010B106A0F9F700FE002010BD074810BD32
:1090E0000648401C10BD0548801C10BD756E6861A7
:1090F0006E646C6564206572726F7200C130030823
:1091000070B505460C46002C02D10EA0F9F7E4FD1F
:109110000F48854203D1F3202070012070BD0C4818
:10912000401C854203D1F2202070012070BD084808
:10913000801C854203D1F1202070012070BD0020E9
:1091400070BD000065727220213D204E554C4C00D0
:10915000C1300308F0B5059F0024866918E0456911
:1091600005EBC405D5F800C08C4510D132B195F897
:1091700004C05FEACC7C01D00120F0BD23B12D7981
:10918000AD0701D50120F0BD0FB10120F0BD641C79
:10919000A642E4D80020F0BD1CB500240094019440
:1091A00000F0E2F81CBD00002DE9F84F07468B46A1
:1091B00098464FF0080900256FF0004AB2F1004FC1
:1091C00001D2164600E0564617B93AA0F9F784FDD9
:1091D000386801210078B1EB101F02D039A0F9F7EF
:1091E0007BFD5FEA087001D54FF00C09786808B183
:1091F00000901DE04A466946386801F0EDFD0446DE
:109200007CB1002D4BDC2046FCF724FB08B136492D
:1092100008600F3403D04FF0FF30BDE8F88F002016
:10922000FBE7009810B931A0F9F756FD0098786077
:1092300000980489B44200DBB4B22919A94202DAC9
:10924000AAEB05018CB20BEB05010023224602F0CC
:1092500013FC2544A64202DA27A0F9F73DFD361B90
:109260005FEAC87014D100980089A04202D22CA0F5
:10927000F9F732FD00980189091B002904DD214618
:1092800002F0D2FC786003E00021796002F052FC29
:1092900049F01409002E02DD5FEAC870A6D0002D47
:1092A00006DD5FEAC87003D12946386801F002FE86
:1092B0002846B2E76E6F20736F636B657420676931
:1092C00076656E00746869732073686F756C6420CE
:1092D000626520636865636B656420696E7465729E
:1092E0006E616C6C79000000B80100207020213D97
:1092F000204E554C4C000000696E76616C6964200C
:10930000636F70796C656E2C206C656E20776F755D
:109310006C6420756E646572666C6F770000000087
:10932000696E76616C696420636F70796C656E003C
:10933000FEB504460D461646002C10D08DB186B100
:10934000002302AA01A9206801F04EFB00962B46DB
:10935000BDF8082001A9206800F066FBFEBD0020D2
:10936000FEBD0020FEBD00002DE9F04F8BB007468A
:10937000DDE914B5894614469A463846FDF7B6F934
:1093800006464FF0FF38C6B1306801210078B1EBD6
:10939000101F14D15346224649463046FFF704FFBA
:1093A0000446CDE9007421A32A4659463046FFF70A
:1093B000BFFF20460BB0BDE8F08F4046FAE7002023
:1093C0000A90CDF82090099405900690079008A87F
:1093D00003900491CDF804B00DB1286800E000209E
:1093E00002900AAB01AA51463046009700F028F8D7
:1093F00030B1FCF72FFA08B1104908604046D9E7B0
:10940000BDF82800844201D2214600E001466FF0F9
:109410000042914203D2844202D2204600E010462C
:10942000002DC7D002992960C4E700006C776970ED
:109430005F7265637666726F6D000000B801002090
:109440002DE9FC5F81468A4614469B46A0680028A9
:1094500009D1E068002806DD31A0F9F73DFC6FF086
:109460000F00BDE8FC9F5FEA0A7001D5042200E00E
:109470000022D9F80400019070B901A9D9F80000C0
:1094800001F0CEFC0028ECD1019810B92FA0F9F71B
:1094900023FC0198C9F8040001980068B0F808801E
:1094A0000026002515E0A8EB060087B20421A0687D
:1094B00001EBC5014158B94200D88FB250F83510C0
:1094C000019833463A46006802F0D6FAF01986B29F
:1094D0006D1CE068A84201DD4645E4D3236853B122
:1094E000606840B1201D01990090D9F800008A8978
:1094F000083100F099FA0020A061216901B1606192
:109500005FEACA7104D1C9F80400019801F048F873
:10951000BBF1000F01D0ABF800800020A1E70000F4
:109520006C7769705F7265637666726F6D5F756484
:10953000705F7261773A20696E76616C6964206150
:109540007267756D656E7473000000006275662049
:10955000213D204E554C4C002DE9FE4381460F46DF
:1095600090461C464846FDF7C1F84FF0FF3680B1E3
:109570000168012200250978B2EB111F0BD000957C
:109580002346424639464846019500F023F8BDE897
:10959000FE833046FBE7022101EAD40304215B1C71
:1095A00001EA54010B43029502A90091006842466A
:1095B000394601F0D1FC04462046FCF74BF908B1CE
:1095C000034908600CB13046E1E70298DFE700008C
:1095D000B80100202DE9FF5F0646DDE90E4A894605
:1095E00090469B463046FDF781F805464FF0FF3721
:1095F00075B1286801210078B1EB101F0AD15B46D4
:10960000424649463046FFF7A7FF04B0BDE8F09F49
:109610003846FAE7234EB8F5803F03D35A2030602E
:109620003846F2E71FFA88F854EA0A0013D0BAF174
:10963000100F05D124B16078022801D1A0070AD00B
:1096400019A0F9F749FB6FF00F00FCF703F900B11F
:1096500030603846D9E70022019200922CB1606850
:1096600002906088FEF70CFF01E000200292ADF846
:109670000C0042464946684600F0C4FF044624B93F
:109680006946286801F0F4FB0446684600F09AFF3A
:109690002046FCF7DFF800B130600CB13846B4E783
:1096A0004046B2E7B80100206C7769705F73656E61
:1096B00064746F3A20696E76616C696420616464D9
:1096C00072657373000000002DE9F84F80460A9F11
:1096D000894692461D464046FDF708F84FF0FF3494
:1096E000B8B1114EBDB1114803F0AAFB2B4652464A
:1096F00049464046009700F01BF805460B4803F02A
:10970000C3FB2846002800D0306009D02046BDE8C1
:10971000F88F2046FBE74FF00E0030602046F6E75A
:109720004FF00000F3E70000B8010020A80000207F
:109730002DE9FC4782460A9E894690461D46002731
:10974000504607F0C3FE0446200012D00221B9F1B2
:10975000000F78D0B9F1060F76D0B9F1FF0F74D0B1
:10976000A9F57069B9F1FF0905D05C273846BDE855
:10977000FC870920FBE7B8F1080F0CD0B8F1200FE7
:1097800009D0A8F58058B8F10A0826D0B8F1010F21
:109790003FD05C27EAE7B8F1200F06D120680078B7
:1097A000B1EB101F01D05C20E1E7404600F042FA27
:1097B0000146042E01D21620D9E7206838B140684E
:1097C00028B12A682AB1427A0A434272CEE71620AB
:1097D000CDE7427A8A434272C8E7042E01D21620AE
:1097E000C5E722683AB1506828B11278B1EB121F70
:1097F00003D05C20BBE71620B9E7296821B1017CC2
:1098000041F001010174B1E7017C01F0FE01017436
:10981000ACE70021062E01D21620A8E72068A8B1E7
:10982000284602781AB101F049FD014681B120684D
:10983000027802F0F002102A0CD0202A0ED06FA07D
:10984000F9F74AFA92E70DE0A7E0D4E016208EE798
:1098500013208CE7406803F05DFD87E7406807F060
:109860009FFE83E7B8F1080F70D2DFE808F094118B
:10987000045F5F1E3044042E01D2162077E7206873
:1098800020B1406810B12978C1726FE716206EE7E9
:10989000042E01D216206AE7206820B1406810B17A
:1098A0002978817262E7162061E74EB1206848B1DD
:1098B00042683AB10078B1EB101F05D05C2056E742
:1098C000162054E7162052E7287850774EE7042EEA
:1098D00001D216204BE7206838B142682AB10078DF
:1098E000B1EB101F03D05C2041E716203FE728684A
:1098F000019090613AE74EB122684AB1506838B1A0
:109900001278B1EB121F05D05C2030E716202EE74D
:1099100016202CE7297821B1017C41F0080101745F
:1099200024E7017C01F0F70101741FE7082E01D242
:1099300016201CE7206838B142682AB10078B1EBE4
:10994000101F04D05C2012E7162010E723E068689F
:10995000019028680090B8F1030F0DD0694601A866
:10996000FDF7A4F904466A4601A9504600F034F90F
:10997000002C8AD06327F9E66A4601A9504600F018
:1099800009F928B1694601A8FDF788F80446EFE710
:109990000C270024ECE75C27E8E6042E01D2162011
:1099A000E5E6216841B1486830B109780122B2EB9F
:1099B000111F03D05C20DAE61620D8E6017D0129CC
:1099C00007D0B8F1010F06D0B8F1020F0FD05C2715
:1099D000CCE61620CBE6296821B1418B41F040014D
:1099E0004183C3E6418B21F040014183BEE62968F3
:1099F000C0F89010BAE65C27B8E60000556E6861C2
:109A00006E646C6564206E6574636F6E6E2074792D
:109A1000706520696E20534F5F42494E44544F4455
:109A200045564943450000002DE9FF410E460A9C7A
:109A300090461F460025002E02D117A0F9F74CF9D9
:109A400017B91AA0F9F748F914B91CA0F9F744F9A5
:109A500010208DF8000002208DF801004046FEF72E
:109A60000FFDADF8020030680190002002900390D5
:109A70009DF800002168814202D24FF0010501E00B
:109A800000D92060694638462268F6F745FC04B0E4
:109A90002846BDE8F081000066726F6D61646472F3
:109AA00020213D204E554C4C0000000066726F6D29
:109AB00020213D204E554C4C0000000066726F6D19
:109AC0006C656E20213D204E554C4C0070B51C4DF0
:109AD0004FF0FF36012919D002290CD0032903D0F9
:109AE00016202860304670BDD1B2164A402001F0E1
:109AF00001F8044610E0882A06D02020114A0021EF
:109B000000F0F8FF044607E02120F7E70D4A0021A6
:109B1000102000F0EFFF04463CB100212046F9F789
:109B20005DFD411C05D0A06170BD692028603046F4
:109B300070BD204600F048FE17202860304670BDFA
:109B4000B8010020456302087CB5FCF7CFFD05464F
:109B500028001BD000240E4E04EB440056F82010C1
:109B6000A94210D106EB80018A6801924A680092EE
:109B7000002246F820204A608A6001236A4601A933
:109B8000286800F085FF641C042CE5DB7CBD000028
:109B9000CCE7002070B50D461646FCF7A7FD58B17E
:109BA00000230C4C03EB430154F8211031B15B1C32
:109BB000042BF7DB002070BD002070BD03EB4301D8
:109BC00044F8210004EB81002A684260316881601A
:109BD000012070BDCCE700202DE9F0410E4617466C
:109BE000FCF784FD00281CD00023114903EB43043B
:109BF00051F82420824216D101EB8405D6F800C02A
:109C00006A6862450FD1AA68D7F800C062450AD1D8
:109C100003EB4302002041F8220001EB840148607D
:109C2000A860BDE8F0815B1C042BDFDBF9E70000D6
:109C3000CCE7002010B504280CD0082808D0202834
:109C400004D005A0F9F748F8002010BD202010BD71
:109C5000082010BD042010BD556E6B6E6F776E200E
:109C6000736F636B6574206F7074696F6E000000B2
:109C700018B50022009200F00103002B0BD0002940
:109C800009DD10F8014B8DF80140491E03E030F862
:109C9000024B2244891E0129F9DC002902DD0078EB
:109CA0008DF80000BDF80000104481B201EB1040B7
:109CB00081B201EB104023B1C1B2C0F3072040EAEA
:109CC000012080B218BD00001CB5F6F7B5FE34A027
:109CD000F9F702F83FA0F8F7FFFF48A149A0F8F70D
:109CE000FBFF46A14FA0F8F7F7FF64200090012387
:109CF000A822C02153A0F8F7EFFF41F690700C2185
:109D0000CDE900100123A822C02156A0F8F7E4FFF6
:109D100023A0F8F7E1FFFBF74DFCFBF733FCFBF763
:109D200071FCFBF7D3FBFBF715FCFBF7EBFB02F039
:109D30003BFFF9F79BFC00F00FFC01F0C9FB03208F
:109D40004FF40071CDE900100023504A50A154484F
:109D500001F0A0FB5248012580240023514A52A162
:109D6000001FCDE9004501F095FB0220C101CDE9BE
:109D700000104B4800234F4A4FA1001D01F08AFB01
:109D800047480023504A51A10830CDE9004501F071
:109D900081FB52A0F8F7A0FF08F04AFBFEE70000A5
:109DA0005B494E464F5D203D3D3D3D3D3D3D3D3D8A
:109DB0003D3D3D3D3D3D3D3D3D3D3D3D3D3D3D3DD3
:109DC0003D3D3D3D3D3D3D3D3D3D3D3D3D3D3D0DF3
:109DD0000A0000005B494E464F5D2053544D33321C
:109DE00020496F54205465726D696E616C20537404
:109DF000617274696E672E2E2E0D0A0056312E3058
:109E00002E3000005B494E464F5D20536F667477DD
:109E10006172652056657273696F6E3A2025730D05
:109E20000A0000005B494E464F5D2048617264772E
:109E30006172652056657273696F6E3A2025730DE5
:109E40000A0000005B494E464F5D20546172676511
:109E5000742049503A2025642E25642E25642E2531
:109E6000640D0A005B494E464F5D2044656275678C
:109E7000205365727665723A2025642E25642E255E
:109E8000642E25643A25640D0A000000A926020804
:109E90004E65745F496E69745F5461736B000000B6
:109EA0001C000020B52302084C45445F5461736BCD
:109EB00000000000CD2402084E6574446562756799
:109EC0005F5461736B000000D52302084D6F6E690B
:109ED000746F725F5461736B000000005B494E4603
:109EE0004F5D20416C6C207461736B7320637265ED
:109EF000617465642C207374617274696E67207379
:109F000063686564756C65722E2E2E0D0A00000064
:109F100070B5002850D0810708D028A0F8F7DCFEE3
:109F200002F003FFBDE8704002F024BFA0F1080476
:109F30002B4D29688C4203D369680C30884208D9BC
:109F400028A0F8F7C9FE02F0F0FEBDE8704002F06C
:109F500011BF2348083002F073FF207990B12046EA
:109F600000F0B0F8D8B100202071E868844200D237
:109F7000EC60204602F068F8BDE8704018480830F0
:109F800002F082BF1EA0F8F7A7FE1548083002F0C5
:109F90007BFF02F0CAFEBDE8704002F0EBBE22A0DB
:109FA000F8F79AFE0E48083002F06EFF02F0BDFE90
:109FB000BDE8704002F0DEBE70BD00006D656D5FF3
:109FC000667265653A2073616E69747920636865AD
:109FD000636B20616C69676E6D656E7400000000D4
:109FE000B80000206D656D5F667265653A20696C2A
:109FF0006C6567616C206D656D6F727900000000A3
:10A000006D656D5F667265653A20696C6C65676148
:10A010006C206D656D6F72793A20646F75626C6546
:10A0200020667265650000006D656D5F667265652E
:10A030003A20696C6C6567616C206D656D6F727933
:10A040003A206E6F6E2D6C696E6B65643A20646F9A
:10A0500075626C65206672656500000070B5104819
:10A06000104C20F0030020604FF4C845058000210B
:10A0700041800171284602F095FB60600121017169
:10A08000058045802068E06004F1080002F0DEFEF3
:10A09000002804D0BDE8704003A0F8F71DBE70BDD5
:10A0A000D7EC0020B80000206661696C65642074FC
:10A0B0006F20637265617465206D656D5F6D757489
:10A0C0006578000070B50446204600F013F9054697
:10A0D000208802F067FB0646608802F063FB0146B9
:10A0E00020884FF4C84290420ED8608890420BD826
:10A0F000A84202D00888A84206D105484068864296
:10A1000004D07088A84201D0002070BD012070BD2D
:10A11000B80000202DE9F04700280FD0C51C4FF6ED
:10A12000FC710D400C2D00D20C254FF4C8494D4553
:10A1300001D8854204D20020BDE8F0870020FBE76B
:10A140003E4802F07DFEDFF8F480A8F10808D8F858
:10A150000C0000F0CFF80646C5F5C84767E030466A
:10A1600002F020FB0446207900285CD12088801B67
:10A170000838A84257D3208805F11401801B0838FD
:10A180004FF0010A884219D37019083087B24F4541
:10A1900002D12BA0F8F7A0FD384602F003FB002106
:10A1A0000171218801804680278084F804A00088FE
:10A1B000484505D002F0F6FA478001E084F804A093
:10A1C000D8F80C00844203D013E0008802F0EAFAC9
:10A1D000017919B1D8F804108842F6D1C8F80C00FA
:10A1E000D8F80410884204D0007910B119A0F8F70B
:10A1F00073FD124802F048FE6019D8F804100830C8
:10A20000884202D91AA0F8F767FD04F10805A807EB
:10A2100002D023A0F8F760FDA00702D02CA0F8F729
:10A220005BFD284688E7304602F0BCFA0688B74254
:10A2300095D8024802F028FE00207DE7C0000020EB
:10A24000696E76616C6964206E65787420707472D2
:10A25000000000006D656D5F6D616C6C6F633A208E
:10A26000216C667265652D3E7573656400000000A3
:10A270006D656D5F6D616C6C6F633A20616C6C6FC6
:10A280006361746564206D656D6F7279206E6F74A3
:10A290002061626F76652072616D5F656E642E006D
:10A2A0006D656D5F6D616C6C6F633A20616C6C6F96
:10A2B0006361746564206D656D6F72792070726F73
:10A2C0007065726C7920616C69676E65642E000040
:10A2D0006D656D5F6D616C6C6F633A2073616E6963
:10A2E000747920636865636B20616C69676E6D6566
:10A2F0006E74000002490988401A80B2704700005D
:10A30000B80000202DE9F05F0746CC1C4FF6FC702A
:10A3100004400C2C00D20C244FF4C84A544501D8F8
:10A320008C4202D20020BDE8F09FDFF81491D9F8EA
:10A330000000874203D3D9F80400874202D341A02A
:10A34000F8F7CAFCD9F80000874203D3D9F8040013
:10A35000874205D302F0E9FC02F00CFD3846E2E743
:10A36000A7F108052846FFF7C5FF06462988881B80
:10A3700008381FFA80FB5C4502D938A0F8F7ACFC1E
:10A380005C4502D94FF00000CDE701D13846CAE75D
:10A390002B4800F1080002F053FD288802F002FA71
:10A3A000804698F8040038B304F1140058451DD8CD
:10A3B0003019083084B22888504502D12FA0F8F710
:10A3C0008BFC204602F0EEF9D9F80C10884201D23D
:10A3D000C9F80C00002101712988018046802C8079
:10A3E0000088504502D002F0DDF94480144808305E
:10A3F00002F04AFD384696E72888504502D11FA052
:10A40000F8F76AFCB8F800B03019083084B2D9F80F
:10A410000C00404504D1204602F0C4F9C9F80C00F4
:10A42000204602F0BFF900210171A0F800B046807B
:10A430002C8000885045D9D002F0B4F94480D5E78B
:10A44000B80000206D656D5F7472696D3A206C65AF
:10A4500067616C206D656D6F727900006D656D5F71
:10A460007472696D2063616E206F6E6C7920736801
:10A4700072696E6B206D656D6F727900696E7661C1
:10A480006C6964206E65787420707472000000003E
:10A490000F2802D305A0F8F71FBC002904D00A4AF0
:10A4A00052F82000FAF7C2BF704700006D656D706A
:10A4B0005F667265653A2074797065203C204D4571
:10A4C0004D505F4D41580000BC31030830B50024A9
:10A4D000044D55F8240000F007F8641CA4B20F2CBA
:10A4E000F7D330BDBC310308826800211160416898
:10A4F000C91C21F00301002207E083681B680B6080
:10A500008368196003881944521C43889342F4DC21
:10A510007047000010B50F2804D306A0F8F7DCFB45
:10A52000002010BD0B4951F82000BDE81040FAF79B
:10A53000A1BF00006D656D705F6D616C6C6F633AFB
:10A540002074797065203C204D454D505F4D415839
:10A5500000000000BC31030810B564210348F5F782
:10A5600003FF03A0F8F7B8FB002010BD2064002013
:10A570005B4E45545F4D414E414745525D204E650F
:10A5800074206D616E6167657220696E69746961BE
:10A590006C697A6564202873747562290D0A00005D
:10A5A00010B50446002C0CD0206820B101F0C2FA8E
:10A5B0000020606020602146BDE810400620FFF7C3
:10A5C00067BF10BD10B50446002C07D0206808B145
:10A5D00001F0B0FA00206060206010BDBDE81040BE
:10A5E00001A0F8F779BB00006E65746275665F665E
:10A5F0007265653A20696E76616C69642062756681
:10A600000000000070B504460E461546002C13D01D
:10A61000206808B101F08EFA41220021362000F0B6
:10A62000BBFF206070B146602068058120684581CD
:10A6300020686060002070BD04A0F8F74DFB6FF04B
:10A640000F0070BD00206060401E70BD6E657462BA
:10A6500075665F7265663A20696E76616C69642022
:10A66000627566002DE9F04106460F460720FFF7A8
:10A6700051FF04466CB1002525722670656006F016
:10A68000F00010280AD0202806D016A0F8F724FBE6
:10A6900014E00020BDE8F0810A2100E00A2104F165
:10A6A0001000064602F0A6FB40B9002104F10C00A0
:10A6B00002F000FC40B1304602F092FB2146072038
:10A6C000FFF7E6FE0020E5E704F1140002F0A0FB2E
:10A6D00065704FF0FF30A0616762256225772046E4
:10A6E000D8E700006E6574636F6E6E5F616C6C6FAF
:10A6F000633A20756E646566696E6564206E657484
:10A70000636F6E6E5F7479706500000010B50C4663
:10A71000214622680C3206F019FE002801D194F976
:10A72000040010BD00B589B000280BD001908DF851
:10A730000C1029208DF80D0001A90548FFF7E6FF50
:10A7400009B000BD03A0F8F7C7FA6FF00F00F7E7F4
:10A75000B58402086E6574636F6E6E5F636C6F73B1
:10A76000653A20696E76616C696420636F6E6E0075
:10A7700000B589B0002801D039B107E008A0F8F78A
:10A78000ABFA6FF00F0009B000BD0D4901900391C5
:10A79000ADF8102001A90B48FFF7B8FFF3E7000060
:10A7A0006E6574636F6E6E5F636F6E6E6563743A31
:10A7B00020696E76616C696420636F6E6E000000C4
:10A7C00084320308F987020870B50546002D05D0CC
:10A7D000284600F00FFA044614B104E0002070BDD2
:10A7E000284600F087F8204670BD000000B589B00B
:10A7F000002806D0019001A90548FFF787FF09B09E
:10A8000000BD04A0F8F768FA6FF00F00F7E700004A
:10A810004D8B02086E6574636F6E6E5F646973635F
:10A820006F6E6E6563743A20696E76616C69642040
:10A83000636F6E6E000000007CB5044604F11000EA
:10A84000064602F0F6FAE8B101250FE02078B5EBF4
:10A85000101F08D169460198FEF752FC30B90198E3
:10A8600001F068F902E00198FFF79AFE01A930466D
:10A8700002F04BFA401CE9D1304602F0B1FA304602
:10A8800002F0C6FA04F11400064602F0D2FA0028DB
:10A890001ED0002510E069460198FEF731FC58B93A
:10A8A000019C2046FFF7C8FF606810B102F0CEFCA3
:10A8B0006560204600F01EF801A9304602F025FA36
:10A8C000401CE8D1304602F08BFA304602F0A0FA84
:10A8D0007CBD70B50446002C09D002F026FA94F92C
:10A8E00008500021217202F045FA284670BD002070
:10A8F00070BD000070B504466068002802D010A04A
:10A90000F8F7EAF904F1100002F093FA10B118A078
:10A91000F8F7E2F904F1140002F08BFA10B123A069
:10A92000F8F7DAF904F10C00054602F0BBFA284604
:10A9300002F0EEFA2146BDE870400720FFF7A8BDFF
:10A94000504342206D757374206265206465616CAC
:10A950006C6F6361746564206F75747369646520DE
:10A96000746869732066756E6374696F6E000000A9
:10A97000726563766D626F78206D757374206265A1
:10A98000206465616C6C6F636174656420626566E8
:10A990006F72652063616C6C696E6720746869739F
:10A9A0002066756E6374696F6E0000006163636595
:10A9B00070746D626F78206D7573742062652064A9
:10A9C00065616C6C6F6361746564206265666F724B
:10A9D000652063616C6C696E6720746869732066BA
:10A9E000756E6374696F6E0010B588B06FF00F04F8
:10A9F00000280CD081B1A2B100908DF810300291E6
:10AA0000039269460948FFF781FE08B010BD08A00F
:10AA1000F8F762F92046F8E70DA0F8F75DF920464F
:10AA2000F3E713A0F8F758F92046EEE7718B020818
:10AA30006E6574636F6E6E5F676574616464723AAD
:10AA400020696E76616C696420636F6E6E00000031
:10AA50006E6574636F6E6E5F676574616464723A8D
:10AA600020696E76616C6964206164647200000024
:10AA70006E6574636F6E6E5F676574616464723A6D
:10AA800020696E76616C696420706F7274000000DA
:10AA900000B589B0002801D039B107E009A0F8F766
:10AAA0001BF96FF00F0009B000BD104902B90F4A41
:10AAB0000190039104928DF8153001A90C48FFF71D
:10AAC00025FEF0E76E6574636F6E6E5F6A6F696E88
:10AAD0005F6C656176655F67726F75703A20696E4D
:10AAE00076616C696420636F6E6E000084320308C7
:10AAF000118C020870B50D4688B01146FFF7B2FD03
:10AB00000446002C34D08DF808500094694619484A
:10AB1000FFF7FCFD00282BD0606810B116A0F8F7F5
:10AB2000DBF804F11000054602F083F910B91BA010
:10AB3000F8F7D2F804F1140002F07BF910B11DA06F
:10AB4000F8F7CAF804F10C00064602F005FA10B94D
:10AB500021A0F8F7C1F8304602F0A4F9284602F027
:10AB60003FF921460720FFF793FC002008B070BD95
:10AB70002046FBE74D8C020866726565696E6720AA
:10AB8000636F6E6E20776974686F75742066726586
:10AB900065696E672070636200000000636F6E6E0F
:10ABA00020686173206E6F20726563766D626F78C6
:10ABB00000000000636F6E6E2D3E6163636570740C
:10ABC0006D626F782073686F756C646E2774206592
:10ABD0007869737400000000636F6E6E20686173A3
:10ABE000206E6F206F705F636F6D706C657465644D
:10ABF0000000000000B589B000280BD0019029208A
:10AC00008DF80D0001A90448FFF780FD0028FFD151
:10AC100009B000BD0020FBE7F98902082DE9FC41DD
:10AC200004460D461746002001906FF00F06002DD8
:10AC300010D02860A4B104F11000804602F0F9F8A9
:10AC4000761D90B1207F810718D4790716D4C007EC
:10AC500014D111E028A0F8F73FF83046BDE8FC8198
:10AC60002DA0F8F739F83046F8E72046FFF731FE17
:10AC70000028F3D13046F1E7207A90B101A940468F
:10AC800002F043F8401C11D12046FFF722FE0028B5
:10AC9000E4D1207FC00701D03046DFE76FF0060027
:10ACA000DCE7002201A9404602F00EF820780121DD
:10ACB000B1EB101F0ED169460198FEF721FA30B1B1
:10ACC0009DF9000010F10F0FC8D10020C6E70198D0
:10ACD000028907E0019810B916A0F7F7FDFF019867
:10ACE00000680289636A13B10121204698470198E0
:10ACF00028600020B2E700006E6574636F6E6E5FBF
:10AD0000726563763A20696E76616C696420706F53
:10AD1000696E7465720000006E6574636F6E6E5FBD
:10AD2000726563763A20696E76616C696420636F40
:10AD30006E6E000062756620213D204E554C4C0021
:10AD4000F0B589B004460D46174604F1100002F034
:10AD500070F830B1207F010607D500F07F00207722
:10AD600023E06FF00A0009B0F0BD3A4629462046BC
:10AD7000FFF754FF06460EB13046F4E72D6838075A
:10AD800007D40DB1298900E0012101AA204600F075
:10AD9000B7F80DB13046E6E7F80606D5207F40F05B
:10ADA000800020776FF00600DDE7636A1BB10022A8
:10ADB000012120469847606830B101212046FFF705
:10ADC000B1FC6FF00E00CEE72046FFF782FD0028B1
:10ADD000C9D16FF00D00C6E710B5002804D0037884
:10ADE0000124B4EB131F05D004A0F7F775FF6FF033
:10ADF0000F0010BDBDE81040FFF7A2BF6E65746381
:10AE00006F6E6E5F726563765F7463705F7062759C
:10AE1000663A20696E76616C696420636F6E6E00BD
:10AE200010B5002804D003780124B4EB131F05D11A
:10AE300004A0F7F751FF6FF00F0010BDBDE8104000
:10AE4000FFF7ECBE6E6574636F6E6E5F726563765E
:10AE50005F7564705F7261775F6E65746275663A84
:10AE600020696E76616C696420636F6E6E0000000D
:10AE700000B589B0002807D00190039101A90548C9
:10AE8000FFF744FC09B000BD03A0F7F725FF6FF002
:10AE90000F00F7E7A58C02086E6574636F6E6E5F36
:10AEA00073656E643A20696E76616C696420636FC5
:10AEB0006E6E000000B589B0002804D0027801232E
:10AEC000B3EB121F06D005A0F7F706FF6FF00F00D7
:10AED00009B000BD01AA00F013F8F9E76E657463CC
:10AEE0006F6E6E5F726563765F7463705F706275BC
:10AEF000663A20696E76616C696420636F6E6E00DD
:10AF000010B50B461146002804D002780124B4EB9A
:10AF1000121F05D006A0F7F7DFFE6FF00F0010BD7F
:10AF200008608B60BDE810400A48FFF7EFBB0000E7
:10AF30006E6574636F6E6E5F726563765F74637067
:10AF40005F706275663A20696E76616C6964206331
:10AF50006F6E6E005F8C02083EB5069C01910292F6
:10AF6000012201A9009400F001F83EBD2DE9F04353
:10AF700089B0109F00280DD0047801256FF00509D5
:10AF8000B5EB141F0CD02AA0F7F7A6FE484609B06F
:10AF9000BDE8F0832FA0F7F79FFE6FF00F00F6E7F4
:10AFA000047FA40701D45C0702D54FF0010801E03B
:10AFB0004FF00008B8F1000F00D017B100240025B1
:10AFC0000AE04846E3E701EBC50676683444A6424A
:10AFD00001D94846DBE76D1C9542F4DBB4B1B4F10E
:10AFE000004F02D3A7B16FF0004401900391ADF878
:10AFF0001020002005908DF820300694079001A9BC
:10B000001B48FFF783FB054625B10FE00020BEE794
:10B010004846BCE70FB107983860B8F1000F05D17A
:10B020000798A04202D013A0F7F756FE2846AEE7D5
:10B030006E6574636F6E6E5F77726974653A2069CE
:10B040006E76616C696420636F6E6E2D3E747970EC
:10B05000650000006E6574636F6E6E5F7772697471
:10B06000653A20696E76616C696420636F6E6E006C
:10B07000E98C0208646F5F777269746520666169A4
:10B080006C656420746F20777269746520616C6CE4
:10B0900020627974657300002DE9F0410446DDE912
:10B0A00006650898002C02D03DB159B10BE036A0DE
:10B0B000F7F712FE0020BDE8F0813AA0F7F70CFE8A
:10B0C0000020F8E7404902B93F4A03B93E4B4FF030
:10B0D0000008C4F80480C4F80880C4F80C803B4F12
:10B0E0006761A4F8288084F83180C4F82080C4F80F
:10B0F0002480C4F83880E661354F3E7884F83460A7
:10B100002061204600F04CF92046A84708B10020F5
:10B11000D1E794F83400FF2801D184F83480002668
:10B120007D6817E0A54202D12AA0F7F7D5FD761C6D
:10B13000FF2E02DD2CA0F7F7CFFD95F8340094F830
:10B140003410884205D194F83400401C84F834004F
:10B1500002E02D68002DE5D1002DDAD194F83400FD
:10B16000FE280DD0401C3870786820607C6094F810
:10B170003100800602D52046FBF792FF20469AE771
:10B1800087F80080F0E700006E657469665F6164AF
:10B19000643A20696E76616C6964206E65746966D4
:10B1A000000000006E657469665F6164643A204E59
:10B1B0006F20696E69742066756E6374696F6E20A6
:10B1C000676976656E0000008432030899B302084F
:10B1D000040100206E6574696620616C72656164AB
:10B1E0007920616464656400746F6F206D616E79AD
:10B1F000206E65746966732C206D61782E207375DE
:10B2000070706F72746564206E756D62657220690E
:10B21000732032353500000070B504460D462946CE
:10B22000204603F0B1F929462046BDE8704006F0FB
:10B230006DBB0A68C3689A4204D001B90022C2609B
:10B240000120704700207047F8B505460C461646A9
:10B25000002C02D10FA0F7F73FFD16B90DA0F7F7AC
:10B260003BFD20686968884212D0206800906868B9
:10B27000306069463046FFF7CFFF3CB12068686018
:10B280000121284600F052F80120F8BD0020F6E721
:10B290000020F8BD696E76616C696420706F696E1C
:10B2A000746572000A6883689A4204D001B900226A
:10B2B00082600120704700207047000010B50446EE
:10B2C000002C06D0A01CF5F77AF8C1B20B484068F4
:10B2D00010E0002010BD90F834208A4209D1227875
:10B2E00090F832309A4204D1627890F833309A4222
:10B2F000F0D000680028EED110BD0000040100204D
:10B30000014600290BD00748406806E090F8342039
:10B31000521CD2B28A4203D000680028F6D1002025
:10B3200070470000040100207047000070B504461B
:10B330000D46002C02D10FA0F7F7CEFC94F8310097
:10B34000420715D5C10713D0E90711D0616800295C
:10B350000ED0000703D5211D2046FAF73DFE94F8D4
:10B360003100800604D52046BDE87040FBF722BEC0
:10B3700070BD00006E657469665F69737375655FA3
:10B380007265706F7274733A20696E76616C69646D
:10B39000206E6574696600006FF00B007047000056
:10B3A0002DE9F84F82460C4616461F464FF000081E
:10B3B000C146002C00D1124C06B9114E07B9104FEE
:10B3C000DCB12068C8B1002525B16A462146504647
:10B3D000FFF73AFF424631465046FFF763FF4A46C1
:10B3E00039465046FFF725FF002D04D16A46214615
:10B3F0005046FFF729FFBDE8F88F0125E4E700007C
:10B40000843203080149886070470000040100206D
:10B4100000280BD090F83110CA070AD001F0FE01C5
:10B4200080F83110090704D5FAF722BA01A0F7F71E
:10B4300053BC70476E657469665F7365745F646F53
:10B44000776E3A20696E76616C6964206E65746906
:10B450006600000000280AD090F83110CA0709D110
:10B4600041F0010180F831100321FFF75FBF02A016
:10B47000F7F732BC704700006E657469665F7365EC
:10B48000745F75703A20696E76616C6964206E65D0
:10B4900074696600FEB504461646DDE9082002AD73
:10B4A000CDE9000592B2304607F0F6FB012802D044
:10B4B0004FF0FF30FEBD0CB1029820600020FEBDB1
:10B4C0004FF47A714843B0FBF1F006F071BE000012
:10B4D00010B514210548F4F747FF0449002008700F
:10B4E00003A0F7F7F9FB002010BD000084640020E2
:10B4F0005B4F54415F4D414E414745525D204F5493
:10B5000041206D616E6167657220696E6974696161
:10B510006C697A6564202873747562290D0A0000CD
:10B52000002200F001B8000070B504460D46164632
:10B53000002C02D115A0F7F7CFFB14B1B5F5803F71
:10B5400001D3012070BD3DB1A8B2218901448BB265
:10B55000834203D2012070BD002070BD217B09060B
:10B5600007D56168491B04F11002914204D2012001
:10B5700070BD46B16168491B6160618908446081A2
:10B580002381002070BD012070BD00007020213D8E
:10B59000204E554C4C0000002DE9FC5F07460D463F
:10B5A0009146B9F1010F0ED0B9F1410F0BD0B9F5A9
:10B5B000C17F0FD0B9F5207F4DD03DA0F7F78CFBB0
:10B5C0000020BDE8FC9F4A462946002000F0C6F84E
:10B5D000064669E00026B2460E20FEF79BFF0446B1
:10B5E000200030D007F1030B2BF00300A0F2EC5049
:10B5F00040421FFA80F8A84500D9A8460020CDE9AE
:10B600000090E019133020F0030143462A462046FB
:10B6100000F02EFB2079800702D02CA0F7F75CFB0E
:10B6200040F27B10B0EB9B0F02D134A0F7F754FB34
:10B630007EB1CAF80040A246A5EB080085B20027FB
:10B64000002DC9D130E016B1304600F073FA002069
:10B65000B7E72646EFE7F81C20F00301E81C20F0CE
:10B660000302881880B200F1100189B2824201D829
:10B670008A4201D90020A4E70846FEF74BFD0646A2
:10B68000300013D00020CDE90090F019133020F0E5
:10B6900003012B462A46304600F0EAFA307980074B
:10B6A00002D023A0F7F718FB30468AE7002088E78E
:10B6B000706275665F616C6C6F633A206572726F61
:10B6C0006E656F75732074797065000070627566C1
:10B6D0005F616C6C6F633A207062756620712D3EFD
:10B6E0007061796C6F61642070726F7065726C79D3
:10B6F00020616C69676E6564000000005042554629
:10B700005F504F4F4C5F42554653495A45206D7527
:10B71000737420626520626967676572207468616E
:10B720006E204D454D5F414C49474E4D454E5400AE
:10B73000706275665F616C6C6F633A2070627566EB
:10B740002D3E7061796C6F61642070726F706572EC
:10B750006C7920616C69676E656400002DE9FC41BD
:10B7600007460E461446412C04D0012C02D00BA0F3
:10B77000F7F7B2FA0D20FEF7CDFE05465DB10020C9
:10B78000CDE90040334632463946284600F070FA8B
:10B790002846BDE8FC810020FBE70000696E766169
:10B7A0006C696420706275665F7479706500000072
:10B7B0007CB50D461C46DDE90613C01C20F00300D5
:10B7C00046199E4201D900207CBD09B1014400E028
:10B7D00000210220CDE900202B462A46204600F019
:10B7E00047FA20467CBD000070B50D46002802D007
:10B7F0000DB1044609E0BDE870400EA0F7F76CBA41
:10B8000021892A8911442181044620680028F7D122
:10B8100020896189884202D014A0F7F75DFA206878
:10B8200010B11EA0F7F758FA208929890844208111
:10B83000256070BD286820213D204E554C4C2920A4
:10B84000262620287420213D204E554C4C292028A6
:10B8500070726F6772616D6D65722076696F6C6171
:10B86000746573204150492900000000702D3E741A
:10B870006F745F6C656E203D3D20702D3E6C656E73
:10B8800020286F66206C6173742070627566206971
:10B890006E20636861696E2900000000702D3E6EA5
:10B8A000657874203D3D204E554C4C0010B50C463B
:10B8B0002146FFF799FF2046BDE8104000F056BA38
:10B8C000002102E0491C89B200680028FAD108462C
:10B8D0007047000070B50B4615461A462989FFF7D8
:10B8E0005BFE04464CB12946204600F013F810B127
:10B8F00003A0F7F7F1F9204670BD002070BD0000ED
:10B90000706275665F636F7079206661696C6564EB
:10B91000000000002DE9F04705460C4600260027F0
:10B920006FF00F09002D04D01CB1288921898842AD
:10B9300005D229A0F7F7D0F94846BDE8F0876FF0A7
:10B94000050A68896189801BA1EB0708404500D280
:10B95000804660684246C11968683044F4F7DCFCF0
:10B96000464447446889B04202D227A0F7F7B4F9A9
:10B970006089B84202D22AA0F7F7AEF96089B842CE
:10B9800001D8002724686889B04208D100262D68B4
:10B990002DB924B129A0F7F79FF94846CDE754B156
:10B9A00060892189884206D1206820B127A0F7F755
:10B9B00093F95046C1E755B168892989884206D173
:10B9C000286820B121A0F7F787F95046B5E7002C89
:10B9D000B7D10020B1E70000706275665F636F70D9
:10B9E000793A20746172676574206E6F74206269A1
:10B9F0006720656E6F75676820746F20686F6C6470
:10BA000020736F75726365006F66667365745F742B
:10BA10006F203C3D20705F746F2D3E6C656E0000A2
:10BA20006F66667365745F66726F6D203C3D207053
:10BA30005F66726F6D2D3E6C656E0000705F746F97
:10BA400020213D204E554C4C000000007062756670
:10BA50005F636F7079282920646F6573206E6F743F
:10BA600020616C6C6F77207061636B6574207175F9
:10BA700065756573210000002DE9F047894616467B
:10BA80000027B846002804D0B9F1000F07D00446BB
:10BA900028E017A0F7F720F90020BDE8F0871CA0E8
:10BAA000F7F71AF90020F8E72BB16089984202D81D
:10BAB000181A83B215E06089C01A85B2B54200D960
:10BAC000354660682A46C11809EB0700F4F724FCE4
:10BAD00008EB05001FFA80F8781987B2701B86B250
:10BAE000002324680EB1002CDED14046D5E70000CB
:10BAF000706275665F636F70795F7061727469619F
:10BB00006C3A20696E76616C69642062756600002B
:10BB1000706275665F636F70795F7061727469617E
:10BB20006C3A20696E76616C69642064617461703E
:10BB3000747200002DE9F0410446002C01D000266B
:10BB400016E022A0F7F7C8F80020BDE8F08101F068
:10BB5000ECF80746A07B10B91FA0F7F7BDF8A07B53
:10BB6000401EC5B2A573384601F004F925B1002482
:10BB7000002CECD13046E8E72568207B00F00F0070
:10BB8000617B890708D5206910B919A0F7F7A4F8D7
:10BB900021692046884707E0022809D001280CD0F7
:10BBA00080B11CA0F7F798F8761CF6B22C46DFE7B8
:10BBB00021460E20FEF76CFCF6E721460D20FEF72D
:10BBC00067FCF1E72046FEF7A3F9EDE77020213D81
:10BBD000204E554C4C000000706275665F667265C1
:10BBE000653A20702D3E726566203E2030000000D0
:10BBF00070632D3E637573746F6D5F667265655F0C
:10BC000066756E6374696F6E20213D204E554C4CF5
:10BC100000000000696E76616C6964207062756670
:10BC2000207479706500000070B504460D4600264A
:10BC30000FE06189A94207D82046691A8DB22468AD
:10BC40000660FFF777FF04E02946204600F0ACF8D5
:10BC500000250DB1002CECD1204670BD0122AFF3C0
:10BC60000080002902DA494200F09EB8FFF75CBC70
:10BC700070B5DDE90456002404604160028143810F
:10BC80000573467301218173C47370BD38B51446C2
:10BC90006A4600F0C3F8002806D04389BDF80010BA
:10BCA0008B4201D94068445438BD000070B5044649
:10BCB0000D46002C02D11AA0F7F70EF82089A842F1
:10BCC0002CD9401B86B209E0281A85B22089801B36
:10BCD0002081246814B918A0F6F7FEFF6089A842F5
:10BCE000F2D3207B000711D16089A8420ED0607B7F
:10BCF00080070BD4A088001B284481B22046FEF7A1
:10BD000001FB044614B912A0F6F7E6FF6581258110
:10BD1000206808B1FFF70EFF0020206070BD000012
:10BD2000706275665F7265616C6C6F633A2070203B
:10BD3000213D204E554C4C00706275665F72656106
:10BD40006C6C6F633A207120213D204E554C4C00A5
:10BD50006D656D5F7472696D2072657475726E6564
:10BD6000642071203D3D204E554C4C0010B50446DA
:10BD7000002C0ED000F0D9FFA17B491CA17300F06C
:10BD8000F9FFA07B002804D1BDE8104001A0F6F720
:10BD9000A3BF10BD7062756620726566206F766500
:10BDA00072666C6F7700000070B504460D46002C7B
:10BDB00002D10FA0F6F790FF14B1B5F5803F01D383
:10BDC000012070BD45B1A8B26189814206D20BA0A5
:10BDD000F6F782FF012070BD002070BD62682A4422
:10BDE0006260091A61812189081A2081002070BDD2
:10BDF0007020213D204E554C4C000000696E63724E
:10BE0000656D656E745F6D61676E697475646520DC
:10BE10003C3D20702D3E6C656E000000AFF300804D
:10BE200002E0C91A89B2006810B143898B42F8D97F
:10BE3000002A00D0118070472DE9F04789469046CE
:10BE4000464600276FF00F0400280BD0B9F1000F11
:10BE50000DD0018941450FD216A0F6F73DFF201104
:10BE6000BDE8F0871BA0F6F737FF2046F8E71FA0D4
:10BE7000F6F732FF2046F3E7044611E014B922A09A
:10BE8000F6F72AFF35466089A84200D2054609EB3D
:10BE900007012A466068F4F73FFA761B2F442468AE
:10BEA000002EEBD1474502D01DA0F6F715FF00206C
:10BEB000D6E70000706275665F74616B653A206258
:10BEC0007566206E6F74206C6172676520656E6F99
:10BED00075676800706275665F74616B653A2069AA
:10BEE0006E76616C696420627566000070627566CA
:10BEF0005F74616B653A20696E76616C6964206479
:10BF00006174617074720000706275665F74616B59
:10BF1000653A20696E76616C6964207062756600AE
:10BF2000646964206E6F7420636F707920616C6C3B
:10BF30002064617461000000F8B50E46154619468C
:10BF40006A46FFF76BFF0446200024D0BDF80000CE
:10BF50002189421991421ED32F466189814202D81C
:10BF60000EA0F6F7B9FE6189BDF80000091AA942D2
:10BF700000DA0D46ADB261682A4608443146F4F74E
:10BF8000CBF9781B82B271191AB12068FFF754FF00
:10BF9000F8BD0020F8BD4FF0FF30F8BD6368656361
:10BFA0006B20706275665F736B6970207265737564
:10BFB0006C74000070B504460025206840680028B5
:10BFC00002D018A0F6F788FE2068007800F0F00094
:10BFD000102816D0202802D0FA20207170BD2846E3
:10BFE00005F0BDFC216848602168A0B109782229CC
:10BFF00001D10121017422681249506805F0D6FC74
:10C0000009E0284602F018FB21684860216810B159
:10C01000084600F029FE206840680028DED1FF2095
:10C02000207170BD7063625F6E65773A20706362E5
:10C0300020616C726561647920616C6C6F636174FE
:10C0400065640000FDC902082DE9F0410446284E50
:10C050003068844202D227A0F6F73EFE7068844220
:10C0600002D32AA0F6F738FE207910B12EA0F6F7F9
:10C0700033FE20884FF4C847B84202D931A0F6F702
:10C080002BFE208800F08EFB0546AC4216D02879A6
:10C09000A0B97068854211D0F068A84200D1F46060
:10C0A000288820802888B84208D02046FEF722F948
:10C0B0008046288800F076FBA0F80280608800F0B7
:10C0C00071FBA04212D0017900290FD1F168A14281
:10C0D00000D1F060218801802188B94206D0FEF7A6
:10C0E00009F90546208800F05DFB4580BDE8F08138
:10C0F000B8000020706C75675F686F6C65733A20DC
:10C100006D656D203E3D2072616D0000706C75673D
:10C110005F686F6C65733A206D656D203C207261BD
:10C120006D5F656E64000000706C75675F686F6CB2
:10C1300065733A206D656D2D3E75736564203D3DD8
:10C1400020300000706C75675F686F6C65733A2013
:10C150006D656D2D3E6E657874203C3D204D454DDE
:10C160005F53495A455F414C49474E4544000000E2
:10C1700010B50446002C02D118A0F6F7ADFD60788A
:10C18000012802D0042805D00EE001212046FCF74A
:10C1900013FE09E0206A18B1417A09B1491E4172C3
:10C1A00001212046FCF7EAF9217FC80614D5606812
:10C1B00090B1B0F8642041F684439A420CD9B0F8AB
:10C1C0006600282808D201F0EF002077636A1BB1CF
:10C1D0000022022120469847002010BD636F6E6E3A
:10C1E00020213D204E554C4C000000002DE9F0432D
:10C1F00091B00446402101A8F4F7B6F82246102178
:10C2000001A8F7F759FA05460024164F0DF1040866
:10C210004FF020090BE004EBC400384458F8242008
:10C22000064611A1F6F768FD86F80890641CAC423A
:10C23000F1D30F4875B10B49009705EBC503C069F1
:10C240000CA26039F6F748FD0CA0F6F745FD11B0D9
:10C25000BDE8F083006AF6F73FFD08A0F6F73CFD65
:10C26000F5E7000058DC01202530386C780000002C
:10C27000A83203082E617866000000000D0A000055
:10C280002DE9F04104460F46174EF5683068001D51
:10C2900005F0DEFD38B9306890F82C100120884098
:10C2A000316981433161601C07D137B13168BDE824
:10C2B000F041091D0D4805F029BE2C44306844604A
:10C2C000AC4206D23168B06B091DBDE8F04105F003
:10C2D00005BE3168706B091D05F000FEB06A84422E
:10C2E00000D2B462BDE8F08138000020B8670020B9
:10C2F00070B5044605F016FE1C4DA868401CA860E9
:10C30000286810B1686938B10CE02C60A868012871
:10C3100008D100F05DF905E02868E16AC06A88424A
:10C3200000D82C60686A401C6862E06A01212A69B2
:10C330008140114329610E4900EB800001EB800030
:10C34000211D05F0E3FD05F027FE686900280CD0EB
:10C350002868E16AC06A884207D206494FF08050D7
:10C360000860BFF34F8FBFF36F8F70BD38000020A0
:10C37000E864002004ED00E070B5124E124D1CE0A0
:10C3800006F09EF8306820B1002406F0EDFDA4B957
:10C3900001E00124F9E705F0C5FDF068C468201D3F
:10C3A00005F056FDA868401EA8606868401E6860D9
:10C3B00005F0F2FD204600F054F868680028DFD14F
:10C3C00070BD0000A46700203800002030B40B4688
:10C3D000026C002A0CD0C1681144C1604468A142BB
:10C3E00001D30168C160C16830BC1846F3F794BF3F
:10C3F00030BC70472DE9F041044617460026A56B76
:10C40000226C002A10D0C7B1E068F3F785FFE1681D
:10C41000206C091AE1602268914202D26168081A10
:10C42000E060022F16D017E02068A8B9606806F017
:10C43000EFFC0646002060600EE0A068F3F76CFF9A
:10C44000216CA0680844A0606168884204D3206819
:10C45000A06001E005B16D1E6D1CA5633046BDE80E
:10C46000F08110B50446206B05F0C8FD2046BDE8FC
:10C47000104005F0C3BD00004FF400410F484207D3
:10C4800006D0C01D20F007000C49411AC1F500413B
:10C490000B4A1060002353600144083921F0070162
:10C4A000103A11604B600B600B1A436001604068EA
:10C4B000906050604FF00040D0607047CC67002023
:10C4C00090000020074E4FF08054074DFFF754FFB7
:10C4D00030680128FAD92C60BFF34F8FBFF36F8FFC
:10C4E000F4E70000E864002004ED00E0002808D034
:10C4F000002141600160C16000231A46194606F020
:10C5000065BA704703460098002905D00260C363EE
:10C510000164012106F002BA0060F8E72DE9F04756
:10C52000DDE908580A9C81460E469A46206B521E49
:10C5300000EB820020F00707780705D040F22B328D
:10C5400019A11FA0F6F7C8FB00202218315C82F861
:10C550003410315C11B1401C1028F6D3002684F849
:10C560004360202D00D31F25E5626564A664201D6D
:10C5700005F0B1FC04F1180005F0ADFC2461C5F133
:10C580002000A0616462E66484F850605246494627
:10C59000384600F09DF92060B8F1000F01D0C8F8CE
:10C5A0000040BDE8F08700002E2E5C4672656552A3
:10C5B000544F535C7372635C7461736B732E6300CE
:10C5C0004572726F723A25732C25640D0A000000C3
:10C5D00070B50024114D04EB840005EB800005F0DC
:10C5E0006FFC641C202CF6D30D4805F069FC0C4848
:10C5F000143005F065FC0A48283005F061FC084855
:10C600003C3005F05DFC0648503005F059FC05480B
:10C61000034941631431816370BD0000E864002068
:10C62000686700203800002030B5134900E011464B
:10C630000A688242FBD34B685C18844203D140688D
:10C640001844486008460D6844682318AB420DD171
:10C65000094B103B1B689A4206D052682244426044
:10C660000A681268026002E0036000E00260814232
:10C6700000D0086030BD00009000002010B50446D6
:10C6800005F050FCA06B20B1002405F085FC20468D
:10C6900010BD0124F9E710B5044605F043FCA06B7A
:10C6A000E16B884201D1012400E0002405F074FC14
:10C6B000204610BD0748416B0968002905D0416B31
:10C6C000C968C9684968816270474FF0FF3181626B
:10C6D000704700003800002008484068401C05D022
:10C6E00040F20F1206A110A0F6F7F6FA502080F3E0
:10C6F0001188BFF34F8FBFF36F8FFEE774000020E8
:10C700002E2E5C4672656552544F535C706F727486
:10C710005C525644535C41524D5F434D34465C700D
:10C720006F72742E630000004572726F723A257347
:10C730002C25640D0A0000002DE9F041044605F0A7
:10C74000F1FB94F9455004F1240609E0606A48B110
:10C75000304606F0B9FB08B105F0CCFD6D1E6DB298
:10C76000002DF3DC4FF0FF3684F8456005F014FC33
:10C7700005F0D8FB94F9445004F1100709E0206952
:10C7800048B1384606F0A0FB08B105F0B3FD6D1EB8
:10C790006DB2002DF3DC84F84460BDE8F04105F093
:10C7A000FBBB00000149096808447047B80000203D
:10C7B0002DE9F0410546002605F082FE304F38682D
:10C7C00008B9FFF759FEF86805424BD175B1083535
:10C7D00068070BD005F00700C0F1080005446807A2
:10C7E00004D0BF2227A130A0F6F776FA002D39D069
:10C7F0007868854236D8224910310846046801E03D
:10C80000214604466068A84202D220680028F7D179
:10C810003868844226D00E68083620680860606850
:10C82000401B102811D904EB05085FEA487004D0BA
:10C83000EC2214A11CA0F6F74FFA6068401BC8F860
:10C84000040065604046FFF7EFFE61687868401AB3
:10C850007860BA68904200D2B860F86801436160BD
:10C860000020206006F080FB700705D04FF4967220
:10C8700004A10DA0F6F730FA3046BDE8F0810000C3
:10C88000800000202E2E5C4672656552544F535C2A
:10C89000706F72745C4D656D4D616E675C6865614B
:10C8A000705F342E630000004572726F723A257318
:10C8B0002C25640D0A00000004490868002803D0F4
:10C8C0000868826C521C8264086870473800002037
:10C8D00024384FF08073036221F00101C1610449E3
:10C8E000816142606FF0020140F82019704700003A
:10C8F000D9C602082DE9F04104460E4615461F46EA
:10C90000002E02D11DA0F6F7E7F914B924A0F6F71E
:10C91000E3F917B12AA0F6F7DFF97CB16068B042FD
:10C9200002D02DA0F6F7D8F904F11000074600F068
:10C9300080FA38B185B129462D890FE06FF00500E6
:10C94000BDE8F08135B12989304603F04FF928461A
:10C95000FFF7F0F80020F3E727490025384600F0FC
:10C960005AFA10B14FF0FF30EAE7636A1BB12A466A
:10C970000021204698470020E2E7000072656376B8
:10C980005F746370206D75737420686176652061D3
:10C990002070636220617267756D656E74000000BF
:10C9A000726563765F746370206D7573742068615F
:10C9B000766520616E20617267756D656E7400002A
:10C9C00065727220213D204552525F4F4B20756E9B
:10C9D00068616E646C656400726563765F74637031
:10C9E0003A207265637620666F722077726F6E6789
:10C9F0002070636221000000C33003082DE9F04776
:10CA00000546DDF820800C4616461F46002C02D154
:10CA100023A0F6F761F915B92AA0F6F75DF915B369
:10CA20006868A04202D02FA0F6F756F905F1100071
:10CA3000814600F0FEF9D8B10620FDF76BFD0446F3
:10CA4000DCB126606660EFB13868A060A4F80C80A5
:10CA500036892146484600F0DEF9A8B12046BDE8F7
:10CA6000F047FDF79DBD3046BDE8F047FFF762B8DF
:10CA70003046BDE8F047FFF75DB83046BDE8F04707
:10CA8000FFF758B80020E0E76B6A002B05D032466C
:10CA90002846BDE8F04700211847BDE8F0870000B0
:10CAA000726563765F756470206D7573742068615C
:10CAB000766520612070636220617267756D656EB6
:10CAC00074000000726563765F756470206D757325
:10CAD00074206861766520616E20617267756D658E
:10CAE0006E740000726563765F7564703A207265DB
:10CAF000637620666F722077726F6E672070636254
:10CB0000210000002DE9F84F05468A4693469846D5
:10CB100024480468E81705EB5070C71005F00700BB
:10CB20004FF0010909FA00F638E0E069A8BB0020DF
:10CB3000616941B15B46524629462046CDF80080E6
:10CB4000FCF708FB22E0BAF1000F07D0A16829B179
:10CB5000042D03D2C95D314200D00120BBF1000F8A
:10CB600008D038B9E16829B1042D03D2C95D31423A
:10CB700000D00120B8F1000F08D038B9216929B1DF
:10CB8000042D03D2C95D314200D0012028B1C4F880
:10CB90001C9004F1200000F0BFF92468002CC4D1DF
:10CBA000BDE8F88F9800002010B51C210348F3F76A
:10CBB000DBFB03A0F6F790F8002010BD0464002012
:10CBC0005B53454E534F525F4D414E414745525D79
:10CBD0002053656E736F72206D616E6167657220A0
:10CBE000696E697469616C697A656420287374750B
:10CBF00062290D0A0000000070B504461546002C9D
:10CC000002D115A0F6F768F824B36078012802D0A5
:10CC1000042805D008E001212046FCF7CDF803E008
:10CC200001212046FBF7AAFC606898B1B0F86410B7
:10CC300041F6844291420DD9B0F86600282809D205
:10CC4000207F00F0EF002077636A1BB12A460221A3
:10CC500020469847002070BD636F6E6E20213D20F6
:10CC60004E554C4C0000000010B54468014620466B
:10CC700000F04CFB0949204602F06EFF08492046AF
:10CC800003F03AFA02220749204602F0A1F92046B1
:10CC9000BDE81040044900F0A9BE0000F5C8020834
:10CCA000F9CB020871C1020805570208054A40F392
:10CCB0000010401CD070002802D001F148007047DD
:10CCC00008467047BC0100202DE9F84307460C4692
:10CCD0001546002C00D16C4600F0DCF806464FF0FB
:10CCE000FF380DB12A4600E042460023214638684D
:10CCF00005F042FD012804D0002020604046BDE838
:10CD0000F88300F0C7F8801BF9E708B5002900D1C7
:10CD10006946002300681A4605F02EFD012802D05E
:10CD20004FF0FF3008BD002008BD10B505F0FAF83F
:10CD3000012010BD2DE9F04106460C4630684FF049
:10CD4000FF37002805D005F0E5FF054624B122464F
:10CD500003E03846BDE8F0813A46002319463068C2
:10CD600005F00AFD012801D03846F3E705F0D2FFAF
:10CD7000401BEFE705F010B92DE9F04100F08AF80B
:10CD800006460D4D4FF000472968002911D04A682A
:10CD9000B01AB8420DD2086828608C68D1F80C80AF
:10CDA0006A600B20FDF774FB002CEDD04046A047D5
:10CDB000EAE7BDE8F0810000540100200020064AA7
:10CDC000002102EBC003596042F83010401C0428D7
:10CDD000F7DB0248018070479CDB0120A4010020A2
:10CDE00010B50446206805F045F82068BDE81040FD
:10CDF00005F0A4B910B5044608460022042105F048
:10CE000087FC206008B1002010BD4FF0FF3010BD3E
:10CE100000210160704713B5002300681A4601A97C
:10CE200005F0D4FD012802D04FF0FF301CBD0020DA
:10CE30001CBD0068002801D0012070470020704709
:10CE4000002300685A1E194605F096BC10B504462A
:10CE5000012005F051FC206008B1002010BD03A0A6
:10CE6000F5F73AFF4FF0FF3010BD00005B737973A8
:10CE70005F617263685D3A6E6577206D7574657881
:10CE8000206661696C210A00002300681A46194671
:10CE900005F09CBD10B505F03DFF0149486010BD8F
:10CEA000A401002010B50446206805F047F90020D1
:10CEB000206010BD70B504460D46012D0AD803222E
:10CEC0000021012005F024FC2060012D07D100F095
:10CED00023F804E02946284605F0DEFB20602068A0
:10CEE00008B1002070BD03A0F5F7F6FE4FF0FF304B
:10CEF00070BD00005B7379735F617263685D3A6E49
:10CF000065772073656D206661696C210A000000F9
:10CF1000002101607047000010B5002300681A4628
:10CF2000194605F053FD012804D0BDE8104002A0C9
:10CF3000F5F7D2BE10BD00005B7379735F61726359
:10CF4000685D3A73656D207369676E616C20666118
:10CF5000696C210A000000000068002801D001204F
:10CF600070470020704700003EB505460C46069805
:10CF700011460022029202AACDE900029AB20B46A3
:10CF80002946204605F088FE0146012904D003A069
:10CF9000F5F7A2FE00203EBD02983EBD5B7379739B
:10CFA0005F617263685D3A63726561746520746184
:10CFB000736B206661696C216572723A25236C7807
:10CFC0000A00000070B504460D461646B4F1804FC5
:10CFD00002D306A0F5F780FEFFF75CFF204432463F
:10CFE0002946BDE8704000F01DB8000054696D6529
:10CFF0006F75742074696D6520746F6F206C6F6E2F
:10D00000672C206D6178206973204C5749505F551B
:10D01000494E5433325F4D41582F34206D73656350
:10D020007300000070B504460D4616460B20FDF750
:10D0300071FA80B1002202608560C6604460104AC7
:10D04000116869B14B684FF00045E31AAB4212D347
:10D050000160106070BDBDE870400AA0F5F73CBEED
:10D06000106070BD5368E31AAB4203D30A680260D4
:10D07000086070BD11460A68002AF7D0F2E7000088
:10D08000540100207379735F74696D656F75743A2C
:10D090002074696D656F757420213D204E554C4C90
:10D0A0002C20706F6F6C204D454D505F5359535F6E
:10D0B00054494D454F555420697320656D707479FE
:10D0C0000000000070B50124054D064905EBC402BF
:10D0D00055F83400FFF776FF641C072CF5D370BDBC
:10D0E0004C3203082984020810B5084C2068002837
:10D0F00009D0FFF7CFFE21684968081AB0F1004F48
:10D1000000D3002010BD4FF0FF3010BD54010020AF
:10D110002DE9FF5F04468B46002C03D0207D0128BB
:10D1200006D008E004B034A0BDE8F05FF5F7D4BD48
:10D1300038A0F5F7D1FD207D0A2839D00025002739
:10D14000216D0391D4F82480D4F88C60D4F8109029
:10D15000DFF8F4A0B8B35D46E78A21460AF118006B
:10D1600001F0C0FE01208AF80000206F08B102F033
:10D170003EFFE06E08B102F03AFF55B1208B211D51
:10D18000CDE900170290234642462046039902F05B
:10D19000CBFE204600F082FC002E2BD004B0484687
:10D1A000B446BDE8F04F6FF00C015DF804EB60474A
:10D1B000254821461C3001F095FE04B02046BDE80C
:10D1C000F05F00F06BBCE08A0028CED0DAF81000E7
:10D1D000A0420AD1C068CAF8100008E0C168A142A4
:10D1E00002D1E168C16002E008460028F6D10020C3
:10D1F000E060BAE7BDE8FF9F7463705F6162616ED3
:10D20000646F6E3A20696E76616C69642070636247
:10D2100000000000646F6E27742063616C6C2074E2
:10D2200063705F61626F72742F7463705F616261BB
:10D230006E646F6E20666F72206C697374656E2DFC
:10D240007063627300000000100100200121FFF7ED
:10D250005FBF002803D0027D012A00D181617047A1
:10D2600070B505460120FDF755F90446FCB900F0FC
:10D27000C9FC01F0A7F80120FDF74CF90446B4B948
:10D28000092001F071F80120FDF744F9044674B952
:10D29000082001F069F80120FDF73CF9044634B993
:10D2A000284601F039F80120FDF734F904462CB383
:10D2B00098212046F3F758F81434657043F60811A6
:10D2C000A4F850104FF47A50E082A082FF2004F8B6
:10D2D000090C4FF40670E0830620A0856085C01F0E
:10D2E000A0830120A0860648C268E2608078A07210
:10D2F000E1860448E0660448E067143C204670BDBF
:10D30000100100209DFB020800DD6D00002800D008
:10D3100001617047002904D091F83410491C017252
:10D32000704700210172704710B500280BD0017DB5
:10D33000012903D0418B41F010014183BDE8104029
:10D34000012100F013B803A0F5F7C6FC6FF00F0041
:10D3500010BD00007463705F636C6F73653A206981
:10D360006E76616C69642070636200002DE9FE4393
:10D3700004468846002C02D13FA0F5F7ADFC0025FD
:10D380000127454EB8F1000F3DD0207D042801D083
:10D39000072838D1606F18B9208DB0F57A5F32D088
:10D3A000A07EC00602D43DA0F5F796FCE18A208B52
:10D3B000221DCDE90021029023462046626A216D9C
:10D3C00002F0B2FD204601F05BFDB069A04209D138
:10D3D000C068B06108E0C168A14202D1E168C160E3
:10D3E00002E008460028F6D1E56037703248006850
:10D3F000A04202D103F0CEFA02E0204600F04EFB3C
:10D400000020BDE8FE83207D40B101281CD0022809
:10D4100026D02046BDE8FE4300F050B8E08A78B13F
:10D420003069A04209D1C068306108E0C168A142FA
:10D4300002D1E168C16002E008460028F6D1E5604B
:10D44000204600F02BFB14E0204600F0D5FF1248E8
:10D450002146143001F046FD204600F0A3FB08E011
:10D460000D482146183001F03DFD3770204600F090
:10D4700015FB0020C5E700007463705F636C6F7379
:10D48000655F73687574646F776E3A20696E766154
:10D490006C69642070636200100100207063622D6B
:10D4A0003E666C61677320262054465F5258434C99
:10D4B0004F534544000000005001002070B5054660
:10D4C000002D02D118A0F5F707FC287D05260328BA
:10D4D00005D004280AD007280FD0002070BD2846A8
:10D4E00002F0D4FD04467CB92E750DE0284602F00A
:10D4F000CDFD044644B92E7506E0284602F0C6FD6F
:10D5000004460CB90920287514B1601C05D002E04E
:10D51000284601F0DDF8204670BD688B40F0080019
:10D520006883002070BD000070636220213D204EA2
:10D53000554C4C002DE9F04704461E466FF00F0590
:10D54000002C08D061B1207D78B140A0F5F7C4FB74
:10D55000A81DBDE8F08749A0F5F7BEFB2846F8E70F
:10D560004DA0F5F7B9FB2846F3E708686060228311
:10D57000207A18B1FDF7C4FE054603E0201DFAF736
:10D580001BFA05466FF0030115B1206810B105E0E4
:10D590000846DEE7281D38B100682060B4F8169010
:10D5A000B9F1000F02D005E00846D2E701F048F8D3
:10D5B000E08230B3204601F06FF8002767622065F3
:10D5C000401E6064A065E0654FF47A506085208558
:10D5D000E762A4F860004FF406706086221D2946B9
:10D5E00000F0F8F860864FF00108A4F84880C4F80D
:10D5F00084600221204600F01BF90546280003D074
:10D6000022E06FF00100A4E702202075294EB9F155
:10D61000000F0FD03069A04209D1C068306108E026
:10D62000C168A14202D1E168C16002E00846002859
:10D63000F6D1E760B069E060B46103F035F986F8CF
:10D640000080204601F044F8284682E77463705F4A
:10D65000636F6E6E6563743A2063616E206F6E6CEB
:10D660007920636F6E6E6563742066726F6D2073D0
:10D670007461746520434C4F534544007463705F7C
:10D68000636F6E6E6563743A20696E76616C69646F
:10D6900020706362000000007463705F636F6E6EE1
:10D6A0006563743A20696E76616C696420697061A3
:10D6B00064647200100100202DE9F0470746DDF890
:10D6C00020800D4691469A46002F02D12AA0F5F7F8
:10D6D00003FB15B930A0F5F7FFFA5FEAC87001D077
:10D6E000042600E000260320FCF714FF041E1AD0D5
:10D6F00084F80A804FF00008C4F80080656028892B
:10D70000B04202D22DA0F5F7E7FA2889801B2081CC
:10D7100014212846FDF704FF50B1204602F058FCC2
:10D720000020BDE8F0872846FEF704FA0020F8E75D
:10D7300060684068E060F88AFAF7A2FEE168088055
:10D74000388BFAF79DFEE16848805046FAF78CFE68
:10D75000E1684860052000EB96004FF6FF7101EA92
:10D76000003040EA0900FAF78BFEE1688881E06842
:10D77000A0F812802046D4E77463705F637265611D
:10D7800074655F7365676D656E743A20696E766166
:10D790006C696420706362007463705F63726561BA
:10D7A00074655F7365676D656E743A20696E766146
:10D7B0006C6964207062756600000000702D3E7414
:10D7C0006F745F6C656E203E3D206F70746C656E8B
:10D7D0000000000070B504460D46002A02D10AA0E0
:10D7E000F5F77AFA35B1298D59B1282904D92839A4
:10D7F00088B202E0204670BD0020844200D220465C
:10D800000446204670BD00007463705F6566665F05
:10D8100073656E645F6D73735F6E657469663A20DD
:10D82000696E76616C6964206473745F697000006E
:10D830002DE9F84304460E460025B00702D13848CA
:10D84000F5F74AFA14B937A0F5F746FAB00700D54C
:10D850000125E80701D0042700E000274FF42072DB
:10D8600039463620FDF798FEB0F100094FF0FF3839
:10D870001DD0B9F80A00B84202D232A0F5F72CFA4E
:10D880000095324649462046E36DFFF715FF051E19
:10D8900014D0287B800702D039A0F5F71DFA28891B
:10D8A00010B13DA0F5F718FAE06E68B10FE0608B9B
:10D8B00040F0800060834046BDE8F883608B40F014
:10D8C000800060834046F7E7E56604E008460168AB
:10D8D0000029FBD105600020A4F8680006F00200D2
:10D8E00006F00101084302D0E06D401CE065F0073E
:10D8F00003D0608B40F0200060836868FDF7E0FF94
:10D90000B4F86610084480B2A4F8660030B1206F05
:10D9100020B9E06E10B92BA0F5F7DEF90020CBE7B7
:10D92000843403087463705F656E71756575655F37
:10D93000666C6167733A20696E76616C6964207009
:10D94000636200007463705F656E71756575655F15
:10D95000666C6167733A20636865636B2074686105
:10D960007420666972737420706275662063616EDC
:10D9700020686F6C64206F70746C656E000000002E
:10D980007365672D3E746370686472206E6F7420D7
:10D99000616C69676E6564007463705F656E717554
:10D9A0006575655F666C6167733A20696E76616C58
:10D9B0006964207365676D656E74206C656E67744D
:10D9C000680000007463705F656E71756575655FF2
:10D9D000666C6167733A20696E76616C6964207168
:10D9E00075657565206C656E6774680070B5044672
:10D9F0000D46002C07D0207D012802D102A0F5F7AA
:10DA00006BF9C4F88C5070BD696E76616C696420E6
:10DA1000736F636B657420737461746520666F72D5
:10DA2000206572722063616C6C6261636B00000040
:10DA300070B5194EB078401CB070B46928E0A17F71
:10DA4000B078814223D0A077608BC10709D040F025
:10DA500002006083204600F03BFE608B20F0030054
:10DA60006083608B010705D520F0080060832046A5
:10DA7000FFF724FDE568606F38B100203070204664
:10DA800001F05EFD30780028D7D12C4600E0E46834
:10DA9000002CD4D170BD00001001002010B5044648
:10DAA000227D012A02D104A0F5F716F92146BDE82E
:10DAB00010400120FCF7ECBC7463705F6672656512
:10DAC0003A204C495354454E000000002DE9F047E0
:10DAD00005460C469846DFF8809022E026462468EA
:10DAE0007068FDF7EDFE0746B5F86600B84202D251
:10DAF0001AA0F5F7F1F835F8660FC01B28803089B9
:10DB0000B9F808100844A9F80800304602F060FA95
:10DB100035F8660928B154EA080002D119A0F5F7D2
:10DB2000DBF8ACB1E0684068FAF79EFC0646E068B6
:10DB30008089FAF7A5FC800701D0012000E00020D1
:10DB4000218930440844D9F81810401A0028C5DD4E
:10DB50002046BDE8F0870000300100207063622D90
:10DB60003E736E645F71756575656C656E203E3DD4
:10DB700020706275665F636C656E286E6578742DC3
:10DB80003E7029007463705F726563656976653AFB
:10DB90002076616C6964207175657565206C656EB1
:10DBA0006774680010B50446227D012A02D104A0E2
:10DBB000F5F792F82146BDE810400220FCF768BC5A
:10DBC0007463705F667265655F6C697374656E3AE5
:10DBD00020214C495354454E00000000084BD88882
:10DBE000411CD9801969002902D09A88904203D239
:10DBF000D9681431085C7047801AC0B2085C70475D
:10DC00003001002010B50848806909E0C468418BE4
:10DC10000A0704D521F008014183FFF74FFC204695
:10DC20000028F3D110BD00001001002010B5F2F75C
:10DC300061FB0349C0F30D0000F54040888010BD32
:10DC4000100100202DE9FE4F0546002D02D1F9A05C
:10DC5000F5F742F8DFF8F4836868C8F80C006889C3
:10DC600014287DD3FA4F39687869F9F79CFA0028AF
:10DC700076D1387DC0F303100E2871D0D8F80C008F
:10DC80008089FAF7FDFB000B81001429E9D328896C
:10DC90008842E6D3A1F1140080B2A8F802004FF048
:10DCA0000009C8F810906A898A4205D3A8F80400D0
:10DCB0002846FEF779F82CE0286810B9E5A0F5F7BA
:10DCC0000BF814212846FEF76FF86989A8F80410AC
:10DCD000B8F80200401A84B22846FEF765F82868B2
:10DCE0004189A142BDD34168C8F810102146FEF712
:10DCF0005BF82889001B2881688910B1D9A0F4F746
:10DD0000EBFF286829890089814202D0D8A0F4F766
:10DD1000E3FFD8F80C000088FAF7B2FB0146D8F808
:10DD20000C0001804088FAF7ABFB0146D8F80C00E4
:10DD300041804068FAF798FB0146D8F80C00416032
:10DD4000C8F814108068FAF78FFB0146D8F80C0069
:10DD50008160C8F81810C089FAF792FB014600E00C
:10DD600092E0D8F80C00C1818089FAF789FB00F0B5
:10DD70003F0188F800102889A8F80A00890705D013
:10DD8000411C89B2A8F80A1088427DD80026DFF825
:10DD900000A3DAF8004044E0207D10B9BDA0F4F7FC
:10DDA0009BFF207D0A2802D1C4A0F4F795FF207DB7
:10DDB000012802D1CCA0F4F78FFF207A40B1796816
:10DDC00091F83410491CC9B2884201D0264627E098
:10DDD000D8F80C00218B0288914220D1E18A40883A
:10DDE00081421CD160683969884218D120687969FC
:10DDF000884214D1E068A04202D1C5A0F4F76CFFBC
:10DE000036B1E068F060DAF80000E060CAF800407F
:10DE1000E068A04207D1C9A0F4F75EFF03E0264600
:10DE2000E468002CB8D184BBCF48046829E0207D89
:10DE30000A2802D0CDA0F4F74FFF207A30B17968DC
:10DE400091F83410491CC9B2884219D1D8F80C0095
:10DE5000218B0288914213D1E18A408881420FD1FF
:10DE60006068396988420BD120687969884207D196
:10DE7000204602F033FD2846BDE8FE4FFDF75ABEAE
:10DE8000E468002CD3D101E0D3E133E00021DFF8D6
:10DE90000CA3DAF8000084467B68D8F80C607F6930
:10DEA00017E0027A4AB193F834B00BF1010B0BF092
:10DEB000FF0B5A4501D001460AE0C28AB6F802B00B
:10DEC0005A4504D10268BA4205D020B11AB10146C0
:10DED000C0680028E5D168B129B1C268CA60C0F83D
:10DEE0000CC0CAF8000000F0B5FA2846BDE8FE4FA5
:10DEF000FDF720BE002C72D0A94EC6F800902889EC
:10DF000030817560D8F80C00F060C8F81C9088F873
:10DF10000190A8F8089098F80000000703D5687BE6
:10DF200040F001006873606F78B1204601F008FB93
:10DF30000D3004D0606F40B1B8F80A0028B1608D90
:10DF4000A0BB204602F05CF846E1C8F8204020461D
:10DF500001F070F80D3029D098F8010000070ED5B7
:10DF6000D4F88C201AB16FF00D012069904721463A
:10DF7000474800F0B7FF2046FFF790FD2CE1002056
:10DF8000B8F8082042B1E36F13B1214620699847E1
:10DF90000D300BD0A8F80890204600F051F928B9B0
:10DFA000D8F81C0050B3606F20B100E041E07DA0C4
:10DFB000F4F792FEA07EC00607D5D8F81C00FDF746
:10DFC000B9FD2046FFF742F906E1D4F880503DB193
:10DFD000002320692146D8F81C20A84707E008E163
:10DFE000002321461846D8F81C2001F0D7FD10F177
:10DFF0000D0F1ED010B1D8F81C00606798F8010012
:10E00000800605D5606F20B1417B41F0200141734E
:10E01000D9E0208DB0F57A5F01D0401C2085D4F87E
:10E0200080502DB100231A4621462069A847C8E038
:10E03000C6E0D1E07463705F696E7075743A2069F0
:10E040006E76616C69642070627566003001002034
:10E05000BCEC0020702D3E6E65787420213D204E72
:10E06000554C4C00702D3E6C656E203D3D203000BF
:10E07000702D3E746F745F6C656E203D3D20702D79
:10E080003E6E6578742D3E746F745F6C656E000033
:10E09000280100207463705F696E7075743A2061A6
:10E0A0006374697665207063622D3E737461746574
:10E0B00020213D20434C4F53454400007463705F62
:10E0C000696E7075743A2061637469766520706357
:10E0D000622D3E737461746520213D2054494D4585
:10E0E0002D574149540000007463705F696E70756C
:10E0F000743A20616374697665207063622D3E73A3
:10E100007461746520213D204C495354454E0000F4
:10E110007463705F696E7075743A207063622D3E2F
:10E120006E65787420213D207063622028626566E8
:10E130006F72652063616368652900007463705FB6
:10E14000696E7075743A207063622D3E6E657874E6
:10E1500020213D207063622028616674657220630F
:10E1600061636865290000002C0100207463705F02
:10E17000696E7075743A2054494D452D5741495484
:10E18000207063622D3E7374617465203D3D2054A0
:10E19000494D452D574149540000000024010020FD
:10E1A00068DA01207063622D3E726566757365647E
:10E1B0005F64617461203D3D204E554C4C00000071
:10E1C00000200D3008D0C8F82090204600F038F824
:10E1D00010B9204600F07CFAC8F82090C8F81C90CE
:10E1E0007068002803D0FDF7A5FCC6F80490BDE8D0
:10E1F000FE8FD8F80C008089FAF742F9400713D453
:10E20000D8F80C000D4A0D4B018840880291CDE9E9
:10E210000020B8F80A10D8F814001B1D421800207E
:10E22000D8F8181001F080FE2846BDE8FE4FFDF733
:10E2300081BC2846BDE8FE4FFDF77CBCCCEC00203D
:10E2400010B50446002C02D10DA0F4F745FD164888
:10E250004078C00612D5A07EC00606D4D4F88C2023
:10E260001AB16FF00E012069904721460F4800F067
:10E2700039FE2046FFF712FC012010BD002010BD22
:10E280007463705F696E7075745F64656C617965E5
:10E29000645F636C6F73653A20696E76616C696464
:10E2A000207063620000000030010020280100207F
:10E2B00070B504460026002C02D110A0F4F70CFD26
:10E2C000206D401EFAF7D0F8034600223146204662
:10E2D00000F040FB05466DB133460022294620463A
:10E2E00000F004FC231D224629462046BDE870406C
:10E2F00000F0BEBB4FF0FF3070BD00007463705F74
:10E300006B656570616C6976653A20696E76616CE3
:10E310006964207063620000F0B47F2800D97F2018
:10E3200000281DD0401EC4B2002500200D49896977
:10E330000C4AD3680DE04A7DA24205D308D10E6A8B
:10E34000A3EB0606AE4203D3086A1D1A084614461C
:10E35000C9680029EFD1002802D0F0BCFEF776BFD3
:10E36000F0BC70471001002070B50446082C04D0A2
:10E37000092C02D00EA0F4F7AFFC002300201049B6
:10E380008A69CD6809E0117DA14205D1116A691A37
:10E39000994201D30B461046D268002AF3D10028D7
:10E3A00004D0BDE870400021FEF7B2BE70BD000091
:10E3B000696E76616C696420737461746500000035
:10E3C0001001002030B4002300200A49C969094A1D
:10E3D000D46806E00A6AA21A9A4201D31346084694
:10E3E000C9680029F6D1002802D030BCFEF72EBF44
:10E3F00030BC70471001002070B50646002E02D1D7
:10E400000AA0F4F769FC307D012802D00AA0F4F7D5
:10E4100063FC01240E4D314655F82400006801F0DC
:10E4200033FC641C042CF6D370BD000070636220C2
:10E43000213D204E554C4C007063622D3E7374613B
:10E440007465203D3D204C495354454E000000006A
:10E450003C320308FEB505463F4E3078400716D4DF
:10E4600015B93EA0F4F738FC3078C10610D5F06835
:10E47000424A424B018840880291CDE900207189CF
:10E4800070691B1D42182846B16901F04DFDFEBDA3
:10E490008007FCD5687DFEF7E3FE044620004AD0E5
:10E4A000364810384169216000696060E88AE0827E
:10E4B000F06800882083032020757069401C60622A
:10E4C000E062204600F0E8F8A06520656064E06541
:10E4D0007069401E606528692061A567687A00F050
:10E4E0000C006072287A207225480168E16004609F
:10E4F00002F0DAF9234901200870204600F004FCFC
:10E50000F068C089A4F86000A4F86200201DF9F743
:10E5100053FA0146608E221DFFF75CF960861221D6
:10E520002046FFF785F988B103B02046BDE8F040EA
:10E530000021FEF7EDBDAB69002BA8D0286903B020
:10E540004FF0FF32BDE8F040002118472046BDE8FB
:10E55000FE4000F0BDB80000300100207463705F21
:10E560006C697374656E5F696E7075743A20696E5C
:10E5700076616C696420706362000000CCEC00205E
:10E58000280100201001002070B504460D46002C23
:10E590001DD0206800281AD00D4E2046B16900F029
:10E5A00019F82046316900F015F8002D0FD02868C1
:10E5B00000280CD006F11400026806E010682168FB
:10E5C000884201D128681060D268002AF6D170BD57
:10E5D0001001002070B506460C46002E0ED109A091
:10E5E000F4F77AFB0AE020683168884205D1E568D3
:10E5F0002046FEF72BFE2C4600E0E468002CF2D10A
:10E6000070BD00007463705F6E657469665F6970E9
:10E610005F616464725F6368616E6765645F7063A5
:10E62000626C6973743A20696E76616C6964206FFC
:10E630006C645F61646472004020FEF711BE0000EC
:10E64000F0B50024124E134D4FF6FF77A888401CFA
:10E6500080B2A880B84202D14FF44040A880002187
:10E66000AA8856F8210000680AE0C38A934206D1BE
:10E67000641CA4B2B4F5804FE8D30020F0BDC0689C
:10E680000028F2D1491CC9B20429EAD3A888F0BDF8
:10E690003C3203081001002010B5002802D104A06C
:10E6A000F4F71AFB0949D1E902021044886010BD51
:10E6B0007463705F6E6578745F6973733A20696E16
:10E6C00076616C69642070636200000010010020B4
:10E6D0002DE9F05F0446002C02D187A0F4F7FCFA84
:10E6E000207D012802D18AA0F4F7F6FA924800684A
:10E6F000A04202D10020BDE8F09FB4F86000B4F859
:10E700004880404500D28046E56E75B1221D214605
:10E71000204601F0FFFB81465FEA09006FF003012C
:10E720000BD064B1206850B10EE0A07E800773D595
:10E730002046BDE8F05F01F063BC0846DBE709F165
:10E740000400A0B100682060E8684068F9F78CFE1A
:10E75000616C4FF0000A401A2989084440451AD9D3
:10E76000B4F8600040450ED1206F10B10BE00846B0
:10E77000C1E794F8950030B984F894A0012084F89A
:10E78000950084F896A0A07E8007D0D52046BDE8ED
:10E79000F05F01F035BC84F895A0276F0FB995E0C4
:10E7A000074638680028FBD190E0E8688089F9F7CF
:10E7B00067FE400702D561A0F4F78EFA206FA8B17A
:10E7C000618B11F0440F11D1E06E28B102686AB973
:10E7D0000089628E904209D2B4F8640030B1B4F876
:10E7E0006600502802D211F0A00F7BD0207D0228B5
:10E7F00007D01020F9F744FE0146E86882891143EA
:10E8000081814A462146284600F0A8F928B1618B4B
:10E8100041F0800161836EE768E02868E066207D52
:10E82000022803D0608B20F003006083E868406812
:10E83000F9F71AFE0646E8688089F9F721FE800795
:10E8400001D0012000E00020298930440844216DD6
:10E85000091A00D52065E8688089F9F711FE80075C
:10E8600001D0012000E000202989C8422AD0C5F843
:10E8700000A0206F68B1E8684068F9F7F5FD06462A
:10E88000F8684068F9F7F0FD301A18D504F1700601
:10E8900003E025672F4618E03668306858B1C06835
:10E8A0004068F9F7E1FD8346E8684068F9F7DCFD68
:10E8B000BBEB0000F0D430682860356005E03D60B7
:10E8C0002F4602E0284601F083FBE56E55B1E8686B
:10E8D0004068F9F7C9FD616C401A29890844404530
:10E8E0007FF663AFE06E08B9A4F868A0608B20F0F3
:10E8F000800060830020FEE67463705F6F75747043
:10E9000075743A20696E76616C6964207063620088
:10E91000646F6E27742063616C6C207463705F6F2A
:10E92000757470757420666F72206C697374656E8F
:10E930002D70636273000000500100205253542078
:10E940006E6F7420657870656374656420686572A5
:10E95000652100002DE9FF4704460F469046994681
:10E96000002C02D10CA0F4F7B7F9608D258BE68A54
:10E970001021CDE90210CDE900654B4642463946EB
:10E98000606A00F01DF8002803D0628D616A1144AE
:10E99000E16204B0BDE8F0877463705F6F757470F6
:10E9A00075745F616C6C6F635F6865616465723A12
:10E9B00020696E76616C69642070636200000000FB
:10E9C0002DE9F05F8146DDE90AABDDF830800E46C7
:10E9D0001F46B018143081B24FF420722220FCF789
:10E9E000DBFD0546280028D0698906F11400814224
:10E9F00002D213A0F4F770F96C685046F9F740FDA5
:10EA000020805846F9F73CFD608067604846F9F77A
:10EA10002BFDA060052000EB96004FF6FF7101EA88
:10EA2000003040EA0800F9F72BFDA0810D98F9F7B6
:10EA300027FDE0810020208260822846BDE8F09F0B
:10EA4000636865636B2074686174206669727374AF
:10EA500020706275662063616E20686F6C6420733D
:10EA60007472756374207463705F68647200000070
:10EA7000FEB504460D4616461F46002D02D110A0D5
:10EA8000F4F72AF93A463146204601F043FA18B124
:10EA90002CB1E37AA17A04E06FF003040BE0FF23CA
:10EAA00000210622CDE9001202903A46314628465E
:10EAB000F8F7A8FD04462846FDF73CF82046FEBDC1
:10EAC0007463705F6F75747075745F636F6E74726A
:10EAD0006F6C5F7365676D656E743A20696E766101
:10EAE0006C696420706275660000000070B50C46A9
:10EAF0001546002C02D10AA0F4F7EEF8606800F188
:10EB00001403E90701D0042100E000210844143077
:10EB1000984204D0BDE870400BA0F4F7DDB870BD9A
:10EB20007463705F6F75747075745F66696C6C5F29
:10EB30006F7074696F6E733A20696E76616C696488
:10EB400020706275660000006F7074696F6E7320CC
:10EB50006E6F742066696C6C656400002DE9FE437D
:10EB600005460C461746002D02D136A0F4F7B4F83E
:10EB700014B93CA0F4F7B0F817B942A0F4F7ACF818
:10EB8000284600F09DF810B10020BDE8FE83606AC1
:10EB9000F9F76AFCE9688860608DF9F771FCE9684B
:10EBA000C881618D606A0844E062EE681436A87A14
:10EBB000C0070AD0221D394640F2B450FEF70AFEC3
:10EBC00040F00170F9F750FC01C6B4F930004FF085
:10EBD0000008002801DAA4F83080606B38B93248A8
:10EBE00000686063E8684068F9F73EFCA063696804
:10EBF000A8898A88801A4A89121A4A8169680A890A
:10EC0000101A08816968E8684860E868A0F8108010
:10EC1000A87AE968C00701D0042000E00020143081
:10EC20000844B04202D021A0F4F756F8A07A062199
:10EC30008DE88300E37A221D21466868F8F7E2FC3C
:10EC4000A3E700007463705F6F75747075745F7311
:10EC500065676D656E743A20696E76616C696420D3
:10EC6000736567007463705F6F75747075745F733C
:10EC700065676D656E743A20696E76616C696420B3
:10EC8000706362007463705F6F75747075745F7326
:10EC900065676D656E743A20696E76616C69642093
:10ECA0006E657469660000001C0100206F70746955
:10ECB0006F6E73206E6F742066696C6C6564000003
:10ECC00010B50446002C02D105A0F4F705F86068E1
:10ECD000807B012801D0012010BD002010BD000064
:10ECE0007463705F6F75747075745F7365676D655D
:10ECF0006E745F627573793A20696E76616C6964CF
:10ED000020736567000000002DE9F0410546002DE5
:10ED100002D11BA0F3F7E0FF204C6088002818D038
:10ED20000020E08040F2B4560FE0FEF757FF0028C5
:10ED30000FD0012809D002280DD0FEF74FFF02287E
:10ED400007D3E1880844801EE080E088618888421B
:10ED5000EBD3BDE8F081FEF741FF0428F9D1E0884C
:10ED60006188801C8842F4D8FEF738FF0702FEF75E
:10ED700035FF3843B04200D800B930466886E4E732
:10ED80007463705F70617273656F70743A20696E3E
:10ED900076616C69642070636200000030010020BD
:10EDA0002DE9F05F8146DDE90BAB0A9C0D46164666
:10EDB00098462F46B8F1000F02D11BA0F3F78CFF45
:10EDC00014B922A0F3F788FFB54214D25FEA8A7023
:10EDD00009D4A07E40060ED4BBF1000F03D0E06E34
:10EDE00008B9206F38B105F2B75020F00301B142E5
:10EDF00000D80E46B7B24FF4207239464846FCF7A9
:10EE0000CBFB04466CB1206810B118A0F3F764FF87
:10EE10006089401BA8F80000258165812046BDE877
:10EE2000F09F0020FBE700007463705F70627566FE
:10EE30005F707265616C6C6F633A20696E76616CAD
:10EE40006964206F76657273697A65007463705FB8
:10EE5000706275665F707265616C6C6F633A206991
:10EE60006E76616C69642070636200006E65656433
:10EE700020756E636861696E6564207062756600F6
:10EE800070B50446002C1AD0207D002816D00A2820
:10EE900014D0012812D0606F002510B1FCF74AFE93
:10EEA00065674FF0FF302086E06E01F0A0F8206F1C
:10EEB00001F09DF8E5662567A4F8685070BDBDE8CF
:10EEC000704001A0F3F708BF7463705F7063625F06
:10EED00070757267653A20696E76616C696420703E
:10EEE0006362000070B505460C46002C02D11CA0E0
:10EEF000F3F7F2FE15B921A0F3F7EEFE2868A04261
:10EF000009D1C068286008E0C168A14202D1E16867
:10EF1000C16002E008460028F6D10025E5602046E1
:10EF2000FFF7AEFF207D0A280AD0012808D0608BA9
:10EF3000C10705D040F0020060832046FFF7C8FB00
:10EF4000207D012809D0E06E10B114A0F3F7C4FEB3
:10EF5000206F10B117A0F3F7BFFE2575E58270BDD5
:10EF60007463705F7063625F72656D6F76653A207F
:10EF7000696E76616C696420706362007463705FAF
:10EF80007063625F72656D6F76653A20696E766157
:10EF90006C6964207063626C69737400756E73656C
:10EFA0006E74207365676D656E7473206C65616B3C
:10EFB000696E6700756E61636B6564207365676D6C
:10EFC000656E7473206C65616B696E67000000008C
:10EFD00070B504460D461646002C03D0207D01284E
:10EFE00005D007E0BDE8704004A0F3F775BE09A0A6
:10EFF000F3F772FEC4F88850667770BD7463705F73
:10F00000706F6C6C3A20696E76616C696420706315
:10F0100062000000696E76616C696420736F636BD7
:10F02000657420737461746520666F7220706F6CF4
:10F030006C0000002DE9FF5F0446002500200390CE
:10F04000002C02D1FEA0F3F747FEDFF810B49BF8C6
:10F050000000410731D5227D022A06D0606ADBF824
:10F060001410884208D1012511E0206DDBF818103A
:10F0700088420CD101250AE00B1A08D4238D1844CC
:10F08000081A002803DC608B40F00200608395B111
:10F0900012B9F3A0F3F720FE9BF8010040F008003E
:10F0A0008BF80100608B20F0010060836FF00D0091
:10F0B00004B0BDE8F09F0020FAE780070AD5207D64
:10F0C000022807D0032805D0608B40F0020060833F
:10F0D0000020EDE7A07EC00602D4E9480068206267
:10F0E0004FF0000A84F897A084F896A02046FFF716
:10F0F0000BFEE44B217D03F11000891E0127042241
:10F100001433DFF88483E14EE14D4FF00A090829FA
:10F1100065D2DFE801F00490F8F7F6F8F5F49BF813
:10F120000010CD066BD58D0769D5666CDBF81850DD
:10F13000761CAE4263D1DBF814000146401C6062CD
:10F14000E0626564DBF80C00C089A4F86000A4F8F4
:10F150006200491E61652275201DF8F72DFC0146ED
:10F16000608E221DFEF736FB608641F21C11B1EB6A
:10F17000400F01D2420000E00A46B2EB800F01D9F5
:10F18000810003E0B1EB400F00D24100A4F8481029
:10F19000B4F8660010B9BFA0F3F79EFDB4F866009E
:10F1A000401EA4F86600256FD5B128682067284660
:10F1B00000F00EFF206FD8B1A4F830A084F842A070
:10F1C000D4F8843023B10022214620699847039067
:10F1D00003980D3010D0608B40F002006083ACE1EA
:10F1E000E56E15B9B1A0F3F777FD2868E066DEE7B4
:10F1F0004FF0FF302086E3E76FF00C0058E7C906B8
:10F20000EDD5DBF80C100A8849888DE80700BBF8BB
:10F210000A10DBF8140042182046DBF8181000F042
:10F2200083FE94F842000628D9D2A4F830A02046E4
:10F2300000F0DAFD81E19BF80010CD0664D5656C25
:10F24000DBF818104D1B012D4AD4256D4D1B002DE8
:10F2500046DC2275A06F10B1806918B105E06FF02F
:10F2600005000CE096A0F3F737FDA06F836923B18A
:10F27000002221462069984701E06FF00F0038B165
:10F280000D3002D02046FDF7E1FF6FF00C000FE7D4
:10F29000204600F0A9F9BBF8080010B1401EABF8F9
:10F2A0000800608E41F21C11B1EB400F01D2420008
:10F2B00000E00A46B2EB800F01D9810003E0B1EB18
:10F2C000400F00D24100A4F848109BF801008006CE
:10F2D00005D5608B40F002006083072020752CE18B
:10F2E000DBF80C20158852888DE82500BBF80A2031
:10F2F000DBF814000244204600F016FE1DE108E190
:10F300008AE062E01AE00BE0880708D5606ADBF863
:10F310001410401E884202D1204600F0DBFC0CE1B4
:10F32000204600F061F99BF80100800605D5608B4E
:10F3300040F00200608307202075FEE0204600F0C8
:10F3400053F99BF80100800631D59BF80000C006F8
:10F3500006D5206DDBF81810884201D1E06E30B17F
:10F36000608B40F00200608308202075E5E0608B30
:10F3700040F0020060832046FFF782FD2868A0422B
:10F3800009D1C068286008E0C168A14202D1E168E3
:10F39000C16002E008460028F6D188F8007084F8C1
:10F3A00014903068E060346001F07EFAC5E09BF8AC
:10F3B0000000C0062FD5206DDBF8181088422AD136
:10F3C000E06E40BB06202075B7E0204600F00CF947
:10F3D0009BF8010080061ED5608B40F00200608320
:10F3E0002046FFF74DFD2868A04209D1C06828607B
:10F3F00008E0C168A14202D1E168C16002E00846AC
:10F400000028F6D188F8007084F814903068E06025
:10F41000346001F049FA90E0204600F0E5F89BF8EE
:10F420000000C0060AD5206DDBF81810884205D10F
:10F43000E06E18B92046FFF723FD51E07DE00000A3
:10F440007463705F70726F636573733A20696E7670
:10F45000616C69642070636200000000300100206C
:10F460007463705F696E7075743A207063622D3ECC
:10F47000737461746520213D20434C4F5345440013
:10F480001C010020BCEC0020100100202C010020F9
:10F49000280100207063622D3E736E645F71756594
:10F4A00075656C656E203E20300000006E6F207325
:10F4B00065676D656E7420746F2066726565000007
:10F4C0007063622D3E6C697374656E65722D3E616A
:10F4D000636365707420213D204E554C4C00000044
:10F4E0002868A04209D1C068286008E0C168A1422C
:10F4F00002D1E168C16002E008460028F6D188F830
:10F50000007084F814903068E060346001F0CCF949
:10F5100013E0204600F068F89BF80000C0060CD508
:10F52000206DDBF81810884207D1E06E28B99BF8EF
:10F53000010040F010008BF801000020B8E5000049
:10F540002DE9F0410446002C0CD0656F6F7B002044
:10F550006067D4F8806066B100232A46214620699E
:10F56000B0470CE016A0F3F7B7FB6FF00F00BDE853
:10F57000F08100232A462146184600F00FFB6FF069
:10F580000C0628B10D3019D065676FF00400EEE766
:10F59000B9060FD5218DB1F57A5F01D0491C2185BF
:10F5A000D4F8805025B100231A4621462069A84787
:10F5B0000D3001D00020DAE73046D8E73046D6E7F4
:10F5C0007463705F70726F636573735F7265667585
:10F5D0007365645F646174613A20696E76616C6919
:10F5E00064207063620000002DE9F04704460025A6
:10F5F000002C02D1F7A0F3F76FFB207D042802D284
:10F60000FBA0F3F769FBDFF804944FF6FF774FF0A8
:10F61000000699F80000C0067DD5B4F86030A06DF2
:10F6200003EB000C626DD9F81410B2EB01080ED494
:10F630008A4203D1D9F81820821A08D4D9F81820A0
:10F64000904213D1D9F80C00C08998420ED9D9F84C
:10F650000C00C089A4F86000B4F86220824201D294
:10F66000A4F862006165D9F81800A065626CD9F849
:10F670001800811A002931DCB9F80A1049BBB4F826
:10F680006030A16D1944614523D1B4F930100029CF
:10F690001FDB82421DD1012594F84300411CC9B2F1
:10F6A000814201D984F8431094F8430003280BD910
:10F6B000B4F84810628E0A4492B28A4202D3A4F887
:10F6C000482001E0A4F84870032802D3204600F047
:10F6D00047FB002D01D184F843609FE0012971D4DC
:10F6E000226D821A002A6DDC628B530708D522F046
:10F6F00004026283B4F84A20A4F84820A4F86A609F
:10F7000084F84260E28FB4F93C3002EBE302A4F8E3
:10F71000402089B200E0A2E084F843606064207D6C
:10F72000042837D3B4F84800B4F84A20904215D2E0
:10F73000628B120501D5012200E00222638E534341
:10F740009AB28A4200D81146014489B2814202D35A
:10F75000A4F848101EE0A4F848701BE0B4F86A2032
:10F76000114489B2914202D3A4F86A1001E0A4F8CE
:10F770006A70B4F86A1081420CD3091AA4F86A10AE
:10F78000618E014489B2814202D3A4F8481001E09D
:10F79000A4F84870D4E91B319DA22046FEF796F9E3
:10F7A000206703469CA22046E16EFEF78FF9E066D3
:10F7B000216F19B12686267728B106E04FF0FF3277
:10F7C0002286F8E727E0A4F86860B4F86420B9F866
:10F7D00008301A44A4F86420628B12051ED561B16A
:10F7E000C8684068F8F740FEE16C081A002815DC8C
:10F7F000608B20F40060608310E038B1C06840681E
:10F80000F8F732FEE16C081A002807DC608B20F460
:10F810000060608302E0204600F0F2FB606BF0B114
:10F82000A16BD9F81820891A19D57D490988081AB9
:10F83000B4F93C10A0EBE10000B2014409B2A18789
:10F84000002801DA404200B2B4F93E20A0EBA20049
:10F850001044E08700EBE100A4F840006663B9F8CB
:10F860000A20002A7DD0207D07287AD2606AD9F844
:10F870001410DFF8B0A1A0EB0108B8F1010F37D4E4
:10F880000A44821A521C002A32DCDAF8045015B9F4
:10F8900065A0F3F721FAB84502D367A0F3F71CFA85
:10F8A0001FFA88F7DAF804000089B84202D266A08D
:10F8B000F3F712FABAF80800C01BAAF80800DAF841
:10F8C00004000089C01B81B204E0381A87B2298184
:10F8D0006E812D686889B842F7D339462846FCF70F
:10F8E00063FA606AC9F81400DAF80C10486005E0A1
:10F8F000081A03D5608B40F002006083606AD9F873
:10F9000014100A1A63D4228D02448A1A521C002A47
:10F910005DDC88425CD1DAF80C008089F8F7B0FD34
:10F92000800701D0012000E00020BAF80810084448
:10F9300080B2A9F80A00218D81424AD2DAF80C007F
:10F940008089F8F79DFDC00713D0DAF80C00808994
:10F95000F8F796FDC0F344004000F8F791FD01462A
:10F9600000E0BDE0DAF80C00828922F47C521143F9
:10F970008181208DAAF80800DAF80C008089F8F758
:10F980007FFD800704D5BAF80800401EAAF80800D9
:10F99000BAF80810DAF80400FCF788F9DAF80C0075
:10F9A0008089F8F76DFD800701D0012000E000207C
:10F9B000BAF80810084480B2A9F80A00228D616ADA
:10F9C0001144D9F814201044884248D044E082E021
:10F9D0007CE044E07463705F726563656976653AE4
:10F9E00020696E76616C69642070636200000000BB
:10F9F0007463705F726563656976653A2077726FCC
:10FA00006E6720737461746500000000300100208F
:10FA1000756E61636B656400756E73656E7400006E
:10FA20001C01002068DA0120696E7365672E702062
:10FA3000213D204E554C4C00696E73616E65206F00
:10FA400066667365742100007062756620746F6F5E
:10FA50002073686F7274210029A0F3F73DF9B9F89B
:10FA60000A00D9F8141001446162218D814202D24A
:10FA700031A0F3F731F9208DB9F80A10401A20852A
:10FA8000204600F08FFFDAF80400018919B1C9F8A7
:10FA90001C00CAF80460DAF80C008089F8F7F0FC62
:10FAA000C00705D099F8010040F0200089F8010056
:10FAB000608BC10706D020F0010040F00200608397
:10FAC000BDE8F08740F001006083F9E72046BDE81B
:10FAD000F04700F095BA2046BDE8F04700F090BA34
:10FAE000606AD9F814100A1A05D4228D1044081A35
:10FAF000401C0028E4DD608B40F002006083DFE7FB
:10FB00007463705F726563656976653A20736567D3
:10FB10006D656E74206E6F74207472696D6D6564AE
:10FB200020636F72726563746C7920746F207263E6
:10FB3000765F776E640A00007463705F7265636558
:10FB40006976653A207463706C656E203E2072633E
:10FB5000765F776E640A000070B504460D46002C8F
:10FB600007D0207D012802D102A0F3F7B5F8C4F830
:10FB7000805070BD696E76616C696420736F636BD1
:10FB8000657420737461746520666F72207265639A
:10FB9000762063616C6C6261636B000010B508468F
:10FBA0001446002807D064B1218900F01FF82046D0
:10FBB000FBF7C0FF06E006A0F3F78EF86FF00F002A
:10FBC00010BD0BB1002010BDBDE81040FDF7ACBB6F
:10FBD0007463705F726563765F6E756C6C3A2069F2
:10FBE0006E76616C696420706362000070B50446D3
:10FBF0000D46002C03D0207D012805D007E0BDE88C
:10FC0000704011A0F3F768B815A0F3F765F8228DDE
:10FC1000501980B24FF47A51884201D8824201D9FA
:10FC2000218500E02085204600F0BCFEB0F57A6F0B
:10FC300008D3608B40F0020060832046BDE870402E
:10FC4000FEF746BD70BD00007463705F7265637639
:10FC500065643A20696E76616C6964207063620045
:10FC6000646F6E27742063616C6C207463705F72C4
:10FC7000656376656420666F72206C697374656E67
:10FC80002D7063627300000070B504460D46002DB0
:10FC900002D106A0F3F720F8002004E0A16FA942EA
:10FCA00000D1A067E468002CF8D170BD7463705F68
:10FCB00072656D6F76655F6C697374656E65723AB7
:10FCC00020696E76616C6964206C697374656E6519
:10FCD000720000002DE9F0410546002D02D11AA066
:10FCE000F2F7FAFF2E6F6FF0050436B13046FEF7DB
:10FCF000E7FF20B12046BDE8F0812046FBE73068F1
:10FD0000286705F16C0400E02468206850B1C068E1
:10FD10004068F8F7A9FB0746F0684068F8F7A4FBCD
:10FD2000381AF1D42068306026603068002108B9A4
:10FD3000A5F8681095F84200FF2802D2401C85F80B
:10FD4000420069630020D6E77463705F7265786D66
:10FD500069743A20696E76616C6964207063620030
:10FD600010B50446002C02D117A0F2F7B5FF206FA2
:10FD7000002827D0A07E400724D42046FFF7AAFF02
:10FD800000281FD1B4F84810B4F86000814200D2B6
:10FD900008464108A4F84A10608EB1EB400F05D226
:10FDA0004FF6FF7101EA4001A4F84A101A3400EB43
:10FDB0004000218E0844E085208840F00400208027
:10FDC0000020E08210BD00007463705F7265786D82
:10FDD00069745F666173743A20696E76616C6964F8
:10FDE000207063620000000010B50446002C02D1B0
:10FDF00006A0F2F771FF204600F03CF8002804D17D
:10FE00002046BDE8104000F00FB810BD7463705F6D
:10FE10007265786D69745F72746F3A20696E76618D
:10FE20006C6964207063620010B50446002C02D136
:10FE300007A0F2F751FF94F84200FF2802D2401CBD
:10FE400084F842002046BDE81040FEF741BC0000A7
:10FE50007463705F7265786D69745F72746F5F63ED
:10FE60006F6D6D69743A20696E76616C696420709B
:10FE7000636200002DE9F0410546002D02D11CA06F
:10FE8000F2F72AFF2C6F6FF005064CB93046BDE83B
:10FE9000F0812046FEF714FF08B13046F7E72468EA
:10FEA00020680028F5D12046FEF70AFF08B1304649
:10FEB000EDE7E86E2060286FE86600272F67688B03
:10FEC00040F400606883E0684068F8F7CDFA0646C1
:10FED000E0688089F8F7D4FA800701D0012000E0BB
:10FEE0000020218930440844E8646F630020CEE795
:10FEF0007463705F7265786D69745F72746F5F7040
:10FF00007265706172653A20696E76616C69642011
:10FF100070636200002803D0007A08B1FBF7F0B9E3
:10FF20001046F7F749BD00002DE9FF4F85B08B461D
:10FF3000DDE91389129F92461D46002D02D116A0BD
:10FF4000F2F7CAFE17B91BA0F2F7C6FE002648F268
:10FF50003E045846F8F788FA03461420CDE9020417
:10FF600000223146CDE900895046FEF729FD0446BE
:10FF7000002C0ED03346002221460598FEF7B6FD30
:10FF8000059809B03B462A462146BDE8F04FFEF7EA
:10FF90006FBD09B0BDE8F08F7463705F7273743A1F
:10FFA00020696E76616C6964206C6F63616C5F6957
:10FFB000700000007463705F7273743A20696E762B
:10FFC000616C69642072656D6F74655F69700000B3
:10FFD00010B50446002C09D0606808B1FBF7AAFDF3
:10FFE0002146BDE810400320FAF752BA10BD10B503
:10FFF00003E00468FFF7ECFF20460028F9D110BDAC
:020000040803EF
:100000002DE9F041044600260027002C02D117A05C
:10001000F2F762FE0025206DF8F726FA034600226B
:1000200029462046FEF796FC054695B13B463246EA
:1000300029462046FEF75AFD231D22462946204622
:10004000FEF716FD60B1618B41F003016183BDE8ED
:10005000F081608B40F0030060836FF00100F6E7F1
:10006000618B21F003016183F1E700007463705F2D
:1000700073656E645F656D7074795F61636B3A2060
:10008000696E76616C6964207063620070B50546C4
:10009000002D02D111A0F2F71FFEEC6E0CB909E0A1
:1000A0000C4621680029FBD1E0688089F8F7E8F95F
:1000B000400705D02846BDE870400121FDF7B8BBD8
:1000C0000120F8F7DDF90146E0688289114381815A
:1000D000688B40F020006883002070BD7463705FFF
:1000E00073656E645F66696E3A20696E76616C69ED
:1000F000642070636200000070B504460D46002C59
:1001000006D0207D012802D102A0F2F7E5FDE567C7
:1001100070BD0000696E76616C696420736F636BFB
:10012000657420737461746520666F722073656EE8
:10013000742063616C6C6261636B00002DE9F041B7
:1001400004460D461646002C10D0207D6FF00A079D
:10015000012812D0CDB1608B40F01000608376B1E1
:100160002046BDE8F0410121FDF700B910A0F2F7EB
:10017000B3FD6FF00F00BDE8F0813846FBE7606F1C
:1001800018B1FBF7D7FC0020606776B1207D03280B
:1001900005D0042803D0072801D03846EBE7E9B2A0
:1001A0002046BDE8F041FDF7E1B80020E3E700009C
:1001B0007463705F73687574646F776E3A20696EEC
:1001C00076616C6964207063620000002DE9FE4F67
:1001D000CF4FF868401CF860B878401CB87047F6FC
:1001E000FF7B4FF0000A0026BC695CE1207D10B95E
:1001F000C8A0F2F771FD207D012802D1D0A0F2F74E
:100200006BFD207D0A2802D1D8A0F2F765FDA17F01
:10021000B878814202D12646E46844E1A0770025FF
:10022000A946207D022805D194F84200062801D372
:10023000012592E094F842000C2801D301258CE0BE
:1002400094F89500002842D0206F10B1D3A0F2F7A7
:1002500043FDE06E10B9DEA0F2F73EFD94F8960083
:100260000C2801D3012578E094F89510E648085C45
:1002700094F89410814202D2491C84F8941094F8A6
:100280009410814269D34FF00108B4F8601021B195
:10029000204600F02BFA38B10CE0204600F050FF69
:1002A00040B14FF0000805E02046FEF711FA08B90A
:1002B0004FF00008B8F1000F4FD084F894A094F8E4
:1002C0009500072849D2401C84F8950045E0B4F910
:1002D0003000584501D2401C2086B4F93000B4F9F2
:1002E0004010884239DB2046FFF7C4FD18B1206F6B
:1002F00098BBE06E88B3207D022812D094F842109B
:100300000C2900D30C21B4F93E00B4F93C2000EBD9
:10031000E200BE4A515C8840584500DB5846A4F8CC
:100320004000A4F830A0B4F84800B4F86010884247
:1003300000D308464008A4F84A00618E4FF6FF72C9
:1003400002EA4102904201D2A4F84A20A4F84810DF
:10035000A4F86AA02046FFF767FD207D062809D192
:10036000A17EC90606D5216AFA68511A282901D941
:100370006D1CEDB2617A09072CD5042801D007283D
:1003800028D1A348D4F890104FF4FA730844B0FB76
:10039000F3F2206AD7F80CC0ACEB0000824204D222
:1003A0006D1CEDB24FF0010914E094F8972042F271
:1003B0009F4C12FB0CF201EBC201B1FBF3F1814245
:1003C00008D22046FDF774FF20B994F89700401C2E
:1003D00084F89700207D032806D1216AFA68511A13
:1003E000282901D96D1CEDB2092806D1206AF968C7
:1003F000081AF02801D96D1CEDB2BDB3D4F88C50A9
:100400002046FEF73DFD46B1B869844202D181A085
:10041000F2F762FCE068F06007E0B869A04202D041
:1004200087A0F2F759FCE068B861B9F1000F0BD072
:10043000E18A208B221DCDE900210290234620462F
:10044000626A216DFFF770FDD4F810802046E468E1
:10045000FDF724FB87F800A01DB16FF00C014046AA
:10046000A847387800287FF4BEAE1CE0FFE7264698
:10047000E468307F401CC0B23077717F884212D36D
:1004800086F81CA087F800A0D6F888201AB131465B
:100490003069904700E0002039780029E3D110B995
:1004A0003046FEF715F9002C7FF4A0AE0025FC695C
:1004B00029E0207D0A2802D06CA0F2F70DFC002074
:1004C000216AFA68511AF02900D90120C8B12046E2
:1004D000FEF7D6FC45B1F869844202D16FA0F2F76D
:1004E000FBFBE068E86007E0F869A04202D075A075
:1004F000F2F7F2FBE068F8612046E468FDF7CEFA17
:1005000001E02546E468002CD3D1BDE8FE8F000051
:10051000100100207463705F736C6F77746D723AB2
:1005200020616374697665207063622D3E73746127
:10053000746520213D20434C4F5345440A00000080
:100540007463705F736C6F77746D723A206163745B
:10055000697665207063622D3E7374617465202135
:100560003D204C495354454E0A0000007463705FAF
:10057000736C6F77746D723A20616374697665206D
:100580007063622D3E737461746520213D2054496F
:100590004D452D574149540A000000007463705FB7
:1005A000736C6F7774696D723A20706572736973DA
:1005B00074207469636B696E672077697468206959
:1005C0006E2D666C69676874206461746100000058
:1005D0007463705F736C6F7774696D723A207065C5
:1005E0007273697374207469636B696E67207769CD
:1005F000746820656D7074792073656E642062750F
:100600006666657200000000F73103082C320308AB
:10061000B84C0A007463705F736C6F77746D723AD4
:10062000206D6964646C652074637020213D2074C2
:1006300063705F6163746976655F70636273000005
:100640007463705F736C6F77746D723A2066697251
:10065000737420706362203D3D207463705F61633A
:10066000746976655F706362730000007463705F25
:10067000736C6F77746D723A2054494D452D574114
:100680004954207063622D3E7374617465203D3D52
:100690002054494D452D5741495400007463705F03
:1006A000736C6F77746D723A206D6964646C652049
:1006B00074637020213D207463705F74775F706392
:1006C000627300007463705F736C6F77746D723A5D
:1006D00020666972737420706362203D3D207463EC
:1006E000705F74775F706362730000002DE9F84FEC
:1006F00005460F46002D02D151A0F2F7EDFAEC6E3F
:1007000034B147B12089B8420BD80020BDE8F88F3A
:100710004FF0FF30FAE753A0F2F7DEFA6FF0050072
:10072000F4E7688EB84202D257A0F2F7D5FA2089D2
:1007300010B959A0F2F7D0FA94F80AB05FEACB707A
:1007400001D0042600E000262089C01B1FFA80F893
:1007500008EB060081B24FF420723620FAF71CFF36
:1007600082465FEA0A0061D0606822890189891A9D
:1007700039448BB2DAF8041042463144FBF77CF975
:10078000404553D1E0688089F7F77AFE00F03F06D4
:100790004FF00009300703D526F008064FF008098E
:1007A000F00703D026F0010649F00109E06840682F
:1007B000F7F75AFEC3194A4651462846CDF800B00D
:1007C000FCF77AFF0746380030D06068FBF778F80E
:1007D00035F8661F081A288060680189A1EB0801B6
:1007E00089B2FBF763FA2089A0EB0800208130462C
:1007F000F7F746FE0146E06882891143818160680F
:10080000FBF75EF82988084428807868FBF758F8D9
:100810002988084425F86609206838602760386808
:1008200010B90020A5F8680000206FE7BAF1000FAA
:1008300002D05046FBF77EF94FF0FF3066E700002C
:100840007463705F73706C69745F756E73656E74DA
:100850005F7365673A20696E76616C6964207063C6
:100860006200000043616E27742073706C6974200D
:100870007365676D656E7420696E746F206C656E4C
:10088000677468203000000073706C6974203C3D10
:10089000206D737300000000757365672D3E6C65F5
:1008A0006E203E20300000000848816800290CD1ED
:1008B0000749084A09681268114306D0012181607E
:1008C00000220549FA20FCF77DBB70475401002047
:1008D000280100202C0100206D1303083EB50446BA
:1008E000194D287840071DD414B918A0F2F7F4F96F
:1008F0002878810717D5616A6869421A18D4228D51
:100900001144411A002913DCE968184B0A88498808
:100910000292CDE9003169891B1D42182046A96960
:10092000FFF702FB3EBDC00702D0114800682062FD
:1009300068890028F6D0608B40F002006083204672
:10094000BDE83E40FDF7C4BE300100207463705F17
:1009500074696D65776169745F696E7075743A204A
:10096000696E76616C69642070636200CCEC002073
:100970001C01002010B5FDF75BF805494878401CC4
:100980004870C00703D0BDE81040FFF71FBC10BD82
:10099000100100200248417841F010014170704779
:1009A0003001002070B50446002C02D111A0F2F7EE
:1009B00093F9258D626A5119638E4FF4FA56E06AF5
:1009C000B34200D933460344CB1A02D46585081AD2
:1009D00070BD111A002902DD0020608507E0851A2C
:1009E000B5F5803F02D30CA0F2F776F965850020BB
:1009F00070BD00007463705F7570646174655F72D0
:100A000063765F616E6E5F776E643A20696E7661C1
:100A10006C696420706362006E65775F7263765FF5
:100A2000616E6E5F776E64203C3D2030786666664E
:100A3000660000002DE9FF4F8DB00546904600206E
:100A40000C90002400270B90834600260990089004
:100A5000824607906FF00F09002D07D0688EB5F819
:100A60006210B0EB510F08D2014607E0F3A0F2F795
:100A700033F9484611B0BDE8F08F490801B9014685
:100A800006910E9868B14146284600F0D1FA002838
:100A9000F0D1B5F866900A90E86E00287ED0044642
:100AA00005E0ECA0F2F718F94846E3E704462068B1
:100AB0000028FBD1A07AC00701D0042000E000206C
:100AC00004902189049801440698814202D9EEA03D
:100AD000F2F702F92189049801440698401A80B27D
:100AE0000590B5F86800089018B30599884202D9B6
:100AF000EBA0F2F7F1F82746BDF82000404501D2FF
:100B0000014600E04146059A914202D9DDF814A061
:100B100004E0404501D2824600E0C24606EB0A01ED
:100B20008EB2A0EB0A0008900598A0EB0A0080B2F4
:100B30000590BDF8200020B1464502D0E0A0F2F7B4
:100B4000CBF846455AD20598002857D0208900286E
:100B5000FBD00599A8EB0600884200DD059880B21D
:100B6000039027461098C0071DD010980121CDE9A9
:100B70000050029108AB0020059A0399FEF710F986
:100B80000C90002877D00E98039A81190C98406831
:100B9000EFF7C2FB0C98FAF793FE00E02FE0484411
:100BA0001FFA80F927E0606800E008460168002924
:100BB000FBD1017B89090CD14168408901440E9821
:100BC000814206D116B1C6A0F2F786F803980790C5
:100BD00011E0012200200399FAF7DEFC0C900028B6
:100BE000D0D00E9881190C9841600C98FAF768FEE5
:100BF00048441FFA80F90398304486B287E0B5F87C
:100C000068000028FAD0C1A0F2F766F87FE0A8EBF0
:100C1000060080B20A9A0699891A89B2884200D3DE
:100C2000084604901098C00728D0BBF1000F23D0CD
:100C3000002010990290CDE900510A99049808AB60
:100C4000084481B23620069AFEF7AAF805900028DB
:100C500098D0059841890498814202D2B7A0F2F752
:100C60003BF80E988119059842680A981044049A36
:100C7000EFF752FB1EE0C5E00120DAE7BDF82000E7
:100C800010B1BEA0F2F728F8012236200499FAF735
:100C900083FC071EA4D00E98304478604FF4207275
:100CA00036200A99FAF778FC059080B13946059804
:100CB000FAF79AFD0598FAF703FE48441FFA80F9FF
:100CC000B9F1500F07D90598FAF734FF9AE0384682
:100CD000FAF730FF96E009980090E86D002283193A
:100CE00028460599FCF7E8FC071EEFD0BBF1000F82
:100CF00002D00B9810B104E0BB4604E0A3A0F1F7CA
:100D0000EBFF0B9807600B970498304486B246457A
:100D1000FFF47DAFBAF1000F16D066680FE030899E
:100D200050443081306848B971897068524608442F
:100D30000E99EFF7F1FA7089504470813668002EF1
:100D4000EDD1208950442081BDF82000A5F868002D
:100D50000C9868B114B992A0F1F7BEFF60680C99C5
:100D6000FAF742FD0C9821890089084420811DE092
:100D70000798D8B10CB1606810B997A0F1F7ACFF33
:100D8000606804E00389079A1A44028108460168F2
:100D90000029F7D1028907991144018142890799F5
:100DA00011444181218907980844208194B1C4F8F5
:100DB00000B0E86D4044E865B5F86400A0EB0800B9
:100DC000A5F86400A5F86690B9F1000F0AD0286F65
:100DD00018B107E0C5F86CB0EBE7E86E10B98CA06D
:100DE000F1F77AFF67B1F86850B11098800707D41F
:100DF0000820F7F745FB0146F86882891143818195
:100E0000002037E6688B40F0800068830C9810B1B2
:100E10000C98FAF78FFEBBF1000F02D05846FFF78F
:100E2000E6F8B5F8660030B1286F20B9E86E10B961
:100E300077A0F1F751FF4FF0FF301BE67463705F4E
:100E400077726974653A20696E76616C69642070A6
:100E5000636200007463705F77726974653A206141
:100E60007267203D3D204E554C4C202870726F67B4
:100E700072616D6D65722076696F6C617465732047
:100E800041504929000000006D73735F6C6F63610E
:100E90006C20697320746F6F20736D616C6C00003F
:100EA000696E636F6E73697374656E74206F7665B7
:100EB0007273697A652076732E20737061636500A2
:100EC000696E636F6E73697374656E74206F766597
:100ED0007273697A652076732E206C656E0000004F
:100EE0007463705F77726974653A20524F4D207059
:100EF000627566732063616E6E6F74206265206F29
:100F000076657273697A656400000000756E7365BA
:100F10006E745F6F76657273697A65206D69736D43
:100F20006174636820287063622D3E756E73656E10
:100F300074206973204E554C4C2900007463705F17
:100F400077726974653A20636865636B20746861C1
:100F50007420666972737420706275662063616EB6
:100F600020686F6C642074686520636F6D706C65B9
:100F70007465207365676C656E0000006F7665723E
:100F800073697A65203D3D203000000070726576FF
:100F90005F73656720213D204E554C4C00000000DA
:100FA0007463705F77726974653A2063616E6E6F07
:100FB0007420636F6E636174656E61746520776819
:100FC000656E207063622D3E756E73656E74206968
:100FD0007320656D707479007463705F77726974E3
:100FE000653A20657874656E73696F6E206F662050
:100FF0007265666572656E6365207265717569728A
:101000006573207265666572656E63650000000039
:101010007463705F77726974653A2076616C696495
:10102000207175657565206C656E677468000000D9
:1010300070B504460D46002C02D11DA0F1F74CFE00
:10104000207D042808D0072806D0022804D00328D1
:1010500002D06FF00A0070BD5DB1B4F864004FF0CB
:10106000FF31A84207D2608B40F0800060830846C1
:1010700070BD002070BDB4F86600502805D3608BA9
:1010800040F080006083084670BD38B1206F60B9C1
:10109000E06E50B90EA0F1F71FFE06E0206F08B910
:1010A000E06E10B119A0F1F717FE002070BD00002E
:1010B0007463705F77726974655F636865636B738F
:1010C0003A20696E76616C6964207063620000008A
:1010D0007463705F77726974653A207062756673C5
:1010E000206F6E207175657565203D3E206174200E
:1010F0006C65617374206F6E652071756575652010
:101100006E6F6E2D656D7074790000007463705F92
:1011100077726974653A206E6F207062756673200D
:101120006F6E207175657565203D3E20626F746835
:101130002071756575657320656D707479000000A8
:101140002DE9F04705464FF00009002D02D12EA0F1
:10115000F1F7C2FDEC6E54B395F89600FF2802D269
:10116000401C85F89600E0688089F7F789F9C00788
:1011700001D02089F0B14FF00008B8F1000F1CD069
:101180000022E068494643682846FDF7E3FB07462E
:10119000380014D07E68B8F1000F13D01120F7F793
:1011A0006FF9B18921F47C510843B08114E000202B
:1011B000BDE8F0874FF00108DFE70122E1E74FF0DB
:1011C000FF30F5E706F11401606823890289D21A1D
:1011D00093B20122FAF750FCE0684068F7F744F94F
:1011E000401C296D091A00D528654B460022394656
:1011F0002846FDF77BFC2B1D2A4639462846BDE8CC
:10120000F047FDF735BC00007463705F7A65726F5C
:101210005F77696E646F775F70726F62653A20699D
:101220006E76616C696420706362000038B50446B4
:101230000D46F7F72AF90E4804604560082108308A
:10124000FBF7D8FD10B10BA0F1F746FD08480C30B4
:10125000FBF7FCFD10B110A0F1F73EFD032000905C
:101260004FF400630022154915A0FBF77DFE38BD41
:101270009C0000206661696C656420746F20637255
:10128000656174652074637069705F74687265610C
:1012900064206D626F7800006661696C656420741B
:1012A0006F20637265617465206C6F636B5F74633C
:1012B0007069705F636F726500000000A51303081A
:1012C0006C776970000000002DE9F04105460E467C
:1012D00017461148FBF7ADFD10B910A0F1F7FCFC63
:1012E0000920F9F717F904464FF0FF3884B10020C0
:1012F00020706560A660E76021460748FBF78BFD1C
:1013000040B121460920F9F7C3F84046BDE8F08115
:101310004046FBE70020F9E7A4000020496E766113
:101320006C6964206D626F780000000091F83120D4
:1013300012F0180F02D0034AFFF7C6BF024AFFF7A8
:10134000C3BF000019610208E173020870B50446CA
:101350000D460548FBF774FD2846A0470248FBF7F9
:1013600093FD002070BD0000A800002010B5FFF71D
:1013700001FB0848084900680968084306D00022B4
:10138000BDE810400549FA20FBF71CBE04490020C7
:10139000886010BD280100202C0100206D13030877
:1013A0005401002008B50C48FBF74AFD0A480C38E8
:1013B000016841B14068884705E008A0F1F78CFC5E
:1013C00001E000F01BF804486946001F00F050F8E7
:1013D00000980028F5D1F0E7A80000207463706938
:1013E000705F7468726561643A20696E76616C69D9
:1013F00064206D65737361676500000010B5044675
:101400002078002808D0012813D002281AD0BDE87F
:1014100010400FA0F1F760BC201D07C8904710B125
:101420006068FAF787FB2146BDE810400920F9F70C
:101430002FB8D4E9011088472146BDE810400820A4
:10144000F9F726B8D4E90110BDE8104008470000BC
:1014500074637069705F7468726561643A20696E64
:1014600076616C6964206D65737361676500000067
:1014700070B505460E46FBF737FE0446601C11D0DA
:10148000ECB11148FBF700FD224631462846FBF738
:101490001BFC04460C48FBF7D3FC641C12D1FBF781
:1014A0006BFCE8E70848FBF7EFFC002231462846D2
:1014B000FBF70AFCBDE870400348FBF7C1BCFBF733
:1014C0005BFCD8E770BD0000A800002010B500F05C
:1014D00006F810B10168002900D1002010BD00F00D
:1014E00001B80000042801D300207047014901EB36
:1014F00000107047FCE700202DE9F04104460D463E
:10150000002D00D11E4D24B100261E4F7B681846C9
:101510000BE01DA0F1F7E0FB6FF00F00BDE8F081DC
:101520009C4201D1012602E0DB68002BF8D16FF06C
:101530000708A2B900F016FA0246100011D1404681
:10154000ECE784420AD0418A914207D103682968B6
:101550008B420CD05DB151B148B143B1C068002895
:10156000EFD135B128682060628226B106E040469E
:10157000D4E70020F7E77868E0607C600020CDE7E2
:1015800084320308600100207564705F62696E64D4
:101590003A20696E76616C696420706362000000B5
:1015A000002904D091F83410491C017270470021C1
:1015B000017270472DE9F04104460D4616466FF062
:1015C0000F07002C03D045B1628A5AB110E013A076
:1015D000F1F782FB3846BDE8F08117A0F1F77CFBFC
:1015E0003846F8E721462046FFF786FF0028F2D16B
:1015F00028686060A682207C40F004002074154AB0
:101600005068014604E0844201D10020E3E7C0684D
:101610000028F8D1E1605460DDE700007564705F78
:10162000636F6E6E6563743A20696E76616C69648F
:1016300020706362000000007564705F636F6E6EFF
:101640006563743A20696E76616C696420697061C3
:101650006464720060010020002808D0002141600D
:1016600081820172017C01F0FB010174704701A0CD
:10167000F1F732BB7564705F646973636F6E6E659A
:1016800063743A20696E76616C69642070636200ED
:1016900010B5EEF72FFE0349C0F30D0000F54040F2
:1016A000088010BD600100202DE9FC5F814688465E
:1016B000B9F1000F02D152A0F1F70EFBB8F1000F03
:1016C00002D155A0F1F708FBB9F80A00082804D2A6
:1016D0004846BDE8FC5FFAF72DBAD9F80440554FEB
:1016E00039687869F5F75FFD82462088F6F7C8FE0D
:1016F00001906088F6F7C4FE8346002600254E4818
:10170000446831E0608A58452CD152464146204613
:1017100000F0A2F830B3207C400712D435B1BAF102
:10172000000F0ED07869401C02D00AE0254608E080
:101730002968D8F80400814203D02168814200D191
:101740002546A18A019881420CD1606810B139699F
:10175000884207D156B1E068F06037484168E160DF
:10176000446003E02646E468002CCBD104B92C4643
:101770000CB1012007E0D8F804007969884201D152
:10178000012000E00020A8B308214846FAF70CFB2E
:1017900038B12AA0F1F7A0FA4846BDE8FC5FFAF795
:1017A000C9B984B1256A4DB10198224B009010331C
:1017B0004A462146606AA847BDE8FC9F4846BDE806
:1017C000FC5FFAF7B7B9BAF1000F0ED1387DC0F35C
:1017D00003100E2809D0B889083001B24846FAF73C
:1017E0003DFA03214846F4F78DFF4846BDE8FC5F0B
:1017F000FAF7A0B94846BDE8FC5FFAF79BB90000CC
:101800007564705F696E7075743A20696E76616C8C
:1018100069642070627566007564705F696E7075CA
:10182000743A20696E76616C6964206E65746966CD
:1018300000000000BCEC00206001002070627566B2
:101840005F72656D6F76655F68656164657220665D
:1018500061696C65640A000070B504460D46164661
:10186000002C02D115A0F1F737FA15B91CA0F1F739
:1018700033FA207A244B40B1596891F83410491C4E
:10188000C9B2884201D0002070BD66B14CB1226857
:101890003AB15869411C04D0A9680A400840824204
:1018A00009D1012070BD24B1206810B15969884266
:1018B00001D1012070BD002070BD00007564705F13
:1018C000696E7075745F6C6F63616C5F6D6174637A
:1018D000683A20696E76616C69642070636200000A
:1018E0007564705F696E7075745F6C6F63616C5F57
:1018F0006D617463683A20696E76616C6964206E0C
:101900006574696600000000BCEC002010B500287A
:1019100013D00268002A10D000290ED00A68002ACD
:101920000BD0064A526806E013680468A34201D14E
:101930000B681360D268002AF6D110BD6001002048
:1019400010B50020F8F7E6FD044634B12821204602
:10195000EEF70AFDFF20E0726077204610BDFFF72A
:10196000EFBF0000F0B500210F4D4FF6FF764FF4AA
:1019700040476C684FF4804C2888421C2A80B04253
:1019800000D12F8020462A8809E0438A934205D15E
:10199000491C89B26145EFD30020F0BDC068002822
:1019A000F3D12888F0BD000060010020002802D09B
:1019B00001624262704701A0F1F78EB97564705FF1
:1019C000726563763A20696E76616C696420706333
:1019D00062000000002806D00B494A6882420DD1FF
:1019E000D2684A600CE009A0F1F776B9D16821B15C
:1019F000814202D1C168D16002E00A46002AF5D1D5
:101A000001460020F8F744BD600100207564705F56
:101A100072656D6F76653A20696E76616C696420D7
:101A20007063620010B56FF00F04002806D051B14A
:101A3000838ABDE81040021D00F022B804A0F1F72F
:101A40004BF9204610BD08A0F1F746F9204610BD1D
:101A50007564705F73656E643A20696E76616C6957
:101A600064207063620000007564705F73656E646B
:101A70003A20696E76616C69642070627566000058
:101A80002DE9F84304460F46164698466FF00F05B9
:101A9000002C06D05FB17EB1207A90B1F9F730FC0E
:101AA00029E01BA0F1F718F92846BDE8F8831EA02D
:101AB000F1F712F92846F8E722A0F1F70DF92846C8
:101AC000F3E700203178C1F303110E290FD1257FF0
:101AD0001DB12846F9F714FC09E0A5693DB120497C
:101AE00009688D4203D004F11800F5F765FF10B9BD
:101AF0003046F5F761FF38B100904346324639462B
:101B0000204600F02FF8D0E76FF00300CDE700008B
:101B10007564705F73656E64746F3A20696E766188
:101B20006C696420706362007564705F73656E64D5
:101B3000746F3A20696E76616C69642070627566B4
:101B4000000000007564705F73656E64746F3A2006
:101B5000696E76616C6964206473745F69700000FB
:101B6000883203087CB5069C6FF00F0500280FD063
:101B700099B1BAB1DCB10568002D1DD0C5F30316CB
:101B80000E2E19D06668B54218D06FF003007CBDE8
:101B90000DA0F1F7A1F828467CBD12A0F1F79CF842
:101BA00028467CBD16A0F1F797F828467CBD1CA0FE
:101BB000F1F792F828467CBD251D00E00546CDE9E9
:101BC000004500F03DF87CBD7564705F73656E6420
:101BD000746F5F69663A20696E76616C6964207023
:101BE000636200007564705F73656E64746F5F6933
:101BF000663A20696E76616C696420706275660071
:101C00007564705F73656E64746F5F69663A2069AE
:101C10006E76616C6964206473745F6970000000A3
:101C20007564705F73656E64746F5F69663A20698E
:101C30006E76616C6964206E6574696600000000F0
:101C40002DE9FE4F0546DDE90C9A0E4690469B466F
:101C50006FF00F04002D0DD096B1B8F1000F14D025
:101C6000BAF1000F16D0B9F1000F18D06A8A002A15
:101C70001AD01FE03FA0F1F72FF82046BDE8FE8FF5
:101C800044A0F1F729F82046F8E74AA0F1F724F834
:101C90002046F3E750A0F1F71FF82046EEE757A0E3
:101CA000F1F71AF82046E9E729462846FFF724FC11
:101CB0000028E3D130894FF0FF3700F1080189B2E5
:101CC000814201D23846D9E708213046F9F728FC8D
:101CD00088B14FF4207208212220F9F75DFC0446F8
:101CE000200006D0308938B131462046F9F7DEFDB4
:101CF00002E03846C2E734466089082802D248A08C
:101D0000F0F7EAFF6768688AF6F7BAFB388058464A
:101D1000F6F7B6FB78800020F880287C000709D50C
:101D200098F80000C0F303100E2803D1607B40F048
:101D3000040060732089F6F7A3FBB880112098F89F
:101D40000010C1F303110E2911D0EB7AA97ACDE965
:101D500001090091424651462046F5F72DFD054602
:101D6000B44202D02046F9F7E5FE284686E76B7FAD
:101D7000ECE700007564705F73656E64746F5F6993
:101D8000665F7372633A20696E76616C6964207075
:101D9000636200007564705F73656E64746F5F6981
:101DA000665F7372633A20696E76616C6964207055
:101DB000627566007564705F73656E64746F5F69E9
:101DC000665F7372633A20696E76616C6964206441
:101DD00073745F69700000007564705F73656E6492
:101DE000746F5F69665F7372633A20696E76616CC7
:101DF0006964207372635F69700000007564705FCE
:101E000073656E64746F5F69665F7372633A2069AD
:101E10006E76616C6964206E65746966000000000E
:101E2000636865636B20746861742066697273749B
:101E300020706275662063616E20686F6C64207329
:101E40007472756374207564705F6864720000005A
:101E50000169D0E901329A60D0E901235A604A68E9
:101E6000824201D182684A60002202610868401EF5
:101E70000860704710B50446002C05D140F22F626F
:101E800005A10BA0F0F728FF00F04CF8A46B00F0C0
:101E900083F8204610BD00002E2E5C467265655208
:101EA000544F535C7372635C71756575652E630086
:101EB0004572726F723A25732C25640D0A0000007A
:101EC00000F1080141604FF0FF328260C1600161A2
:101ED00000210160704700210161704730B50C6836
:101EE000621C02D000F1080202E0026904E01A4616
:101EF00053681D68A542FAD953684B6099608A609F
:101F0000516008610168491C016030BD42684A6047
:101F100093688B6093685960916008610168491CFF
:101F200001607047502080F31188BFF34F8FBFF3DB
:101F30006F8F09494868401C486001280AD107484A
:101F4000006810F0FF0F05D040F2B91204A10EA0F6
:101F5000F0F7C2BE704700007400002004ED00E0FE
:101F60002E2E5C4672656552544F535C706F7274CE
:101F70005C525644535C41524D5F434D34465C7055
:101F80006F72742E630000004572726F723A25738F
:101F90002C25640D0A00000010B5094C606800286B
:101FA00005D14FF4E07207A110A0F0F795FE60682C
:101FB000401E6060002801D180F3118810BD000030
:101FC000740000202E2E5C4672656552544F535C9F
:101FD000706F72745C525644535C41524D5F434D76
:101FE00034465C706F72742E630000004572726F2D
:101FF000723A25732C25640D0A00000070B5002884
:102000002AD008380446154D6068E968084205D1B1
:102010004FF4A07212A11BA0F0F75EFE206828B159
:1020200040F241120EA117A0F0F756FE6068E96871
:10203000084211D02268002A0ED18843606000F067
:102040003FFA60686968084468602046FAF7ECFA6D
:10205000BDE8704000F088BF70BD00008000002027
:102060002E2E5C4672656552544F535C706F7274CD
:102070005C4D656D4D616E675C686561705F342EA7
:10208000630000004572726F723A25732C25640D4F
:102090000A00000006484FF47A710068B0FBF1F1C5
:1020A0004FF0E020491E41610721016170470000A7
:1020B0000000002010B5EEF7CBF8104C10280CD320
:1020C00000F1E02090F8F0032178884205D24FF427
:1020D00040720BA114A0F0F7FFFD17480068A1683B
:1020E00000F4E060884207D9BDE810404FF4447224
:1020F00003A10DA0F0F7F0BD10BD0000740000209A
:102100002E2E5C4672656552544F535C706F72742C
:102110005C525644535C41524D5F434D34465C70B3
:102120006F72742E630000004572726F723A2573ED
:102130002C25640D0A0000000CED00E010B50446EB
:10214000002C05D140F25D6205A10BA0F0F7C4FDA3
:10215000204600F019F82046BDE81040FFF74EBFBA
:102160002E2E5C4672656552544F535C7372635CED
:1021700071756575652E63004572726F723A2573CD
:102180002C25640D0A0000000021084A02EBC1035F
:102190005B68834206D1002042F8310002EBC101A6
:1021A00048607047491C0A29F0D3704798640020A2
:1021B00010B504460020002C10D00E48006B28B14A
:1021C00040F2CF420CA112A0F0F786FD00F078F9A2
:1021D00000212046FAF754F800F0C6FE002807D187
:1021E0000F494FF080500860BFF34F8FBFF36F8FE0
:1021F00010BD0000380000202E2E5C46726565522E
:10220000544F535C7372635C7461736B732E630021
:102210004572726F723A25732C25640D0A00000016
:1022200004ED00E070B50446FFF77CFE234D04B9D1
:102230002C68201DFFF70CFE58B9E06A204A00EB1D
:10224000800152F8211021B9012181402869884379
:102250002861A06A18B104F11800FFF7F9FD686A57
:10226000401C68622868844207D1211D1548FFF789
:102270004DFE6868401C686007E0A868401EA860C2
:102280002046FAF7EEF8FAF715FAFFF785FE6869C7
:10229000002812D0286884420FD1286B28B140F260
:1022A000654209A10EA0F0F717FD11494FF08050CB
:1022B0000860BFF34F8FBFF36F8F70BD38000020F1
:1022C000E8640020A46700202E2E5C4672656552EB
:1022D000544F535C7372635C7461736B732E630051
:1022E0004572726F723A25732C25640D0A00000046
:1022F00004ED00E001490120C8617047380000206A
:1023000070B504460D46002C05D140F6063208A1F2
:102310000DA0F0F7E1FC1048016820461831FFF7E6
:10232000DDFD2846BDE870400121F9F7A9BF000096
:102330002E2E5C4672656552544F535C7372635C1B
:102340007461736B732E63004572726F723A2573FA
:102350002C25640D0A0000003800002070B50446EA
:10236000002839D01D4DE06A2968C96A884233D2F5
:10237000A069002804DB2868C06AC0F12000A061C1
:10238000E06A174E00EB8000616906EB8000814235
:102390001FD1201DFFF75CFD012150B9E06A00EB61
:1023A000800256F8222022B92A6901FA00F08243FD
:1023B0002A612868C06AE0622A6981401143296164
:1023C00000EB800006EB8000211DBDE87040FFF7A8
:1023D0009DBD2868C06AE06270BD00003800002022
:1023E000E864002010B50446002C05D140F6C13247
:1023F00004A10AA0F0F770FC0C48016A2160C068D3
:10240000606010BD2E2E5C4672656552544F535C61
:102410007372635C7461736B732E63004572726FC9
:10242000723A25732C25640D0A0000003800002044
:102430001CB515480024CDE900402346802213A195
:10244000144800F029FC01280AD0401C1BD102B01E
:1024500040F28472BDE810400FA115A0F0F73CBC1B
:10246000502080F31188BFF34F8FBFF36F8F064862
:102470004FF0FF312C38816201214161C460BDE819
:102480001C4000F06DB81CBD6400002049444C4560
:1024900000000000C5C402082E2E5C46726565521D
:1024A000544F535C7372635C7461736B732E63007F
:1024B0004572726F723A25732C25640D0A00000074
:1024C0000248016B491C016370470000380000207E
:1024D00070B5144D286B002802D00120E86170BD52
:1024E0000020E8612869B0FA80F0C0F11F000E4EAC
:1024F00000EB800456F8240028B940F6F6220BA120
:1025000010A0F0F7E9FB06EB8400416849684160E0
:1025100000F10802914201D1496841604068C068F9
:10252000286070BD38000020E86400202E2E5C4634
:1025300072656552544F535C7372635C7461736B64
:10254000732E63004572726F723A25732C25640DE9
:102550000A00000001484068704700008000002029
:102560001CB52F4C20682F49884205D140F25912E2
:102570002DA137A0F0F7B0FB20682A49491E8842F8
:1025800005D14FF4AD7228A131A0F0F7A5FB344C72
:1025900020780190FF202070207800909DF80000A6
:1025A0009DF8001000F0F000884205D040F2731250
:1025B0001DA127A0F0F790FB9DF80000294A00F02C
:1025C000500010700720906006E09068401E9060F8
:1025D0009DF80000400000909DF800000006F4D433
:1025E000107A000200F4E0609060019820700C48BE
:1025F0002030016841F470010160016841F07041D0
:102600000160FFF747FD00205060EDF7E9FD164837
:10261000016841F040410160EDF7D2FD00201CBD92
:1026200000ED00E071C20F412E2E5C4672656552CE
:10263000544F535C706F72745C525644535C4152F9
:102640004D5F434D34465C706F72742E6300000022
:102650004572726F723A25732C25640D0A000000D2
:1026600000E400E07400002034EF00E010B55020DA
:1026700080F31188BFF34F8FBFF36F8F00F050FBD3
:1026800018B104494FF080500860002080F3118891
:1026900010BD000004ED00E070B505460C46002DAD
:1026A00005D140F2BD220AA10FA0F0F715FBAC4204
:1026B00005D940F2BE2206A10BA0F0F70DFB0222C5
:1026C0000021284600F024F8002800D0846370BD63
:1026D0002E2E5C4672656552544F535C7372635C78
:1026E00071756575652E63004572726F723A257358
:1026F0002C25640D0A00000010B5024600210120BF
:1027000000F006F804462046F9F7F0FE204610BD1A
:10271000F8B505460E461746002D05D14FF4C47294
:102720000BA111A0F0F7D8FA86B105FB06F04830EE
:10273000FAF73EF804463CB104F148023B46314604
:1027400028460094F9F7DEFE2046F8BD0020EEE7AB
:102750002E2E5C4672656552544F535C7372635CF7
:1027600071756575652E63004572726F723A2573D7
:102770002C25640D0A0000002DE9FF4F83B00446AC
:102780008A469B460026002C05D140F2DC4258A127
:102790005DA0F0F7A1FABAF1000F07D1206C28B1C3
:1027A00040F2DD4252A158A0F0F796FA00F0A4FAE8
:1027B00038B9059828B14FF49C624DA152A0F0F7AA
:1027C0008BFA4FF000094FF08057DFF84C81FFF78C
:1027D000A9FBA56B95B3E66851462046F9F7F6FDCF
:1027E000BBF1000F13D0E660606A50B104F1240021
:1027F00000F06AFB28B1C8F80070BFF34F8FBFF339
:102800006F8FFFF7C9FB012007B0BDE8F08F6D1E89
:10281000A563206810B9FAF74FF8606020690028B6
:10282000EFD004F1100000F04FFB0028E9D0C8F809
:102830000070BFF34F8FBFF36F8FE2E7FFE705989C
:1028400008B126B107E0FFF7A7FB0020DCE701A8ED
:10285000FFF7C8FD0126FFF79FFBFFF731FEFFF7EB
:1028600061FB94F94400401C01D184F8449094F930
:102870004500401C01D184F84590FFF78DFB05A968
:1028800001A800F0BFF958B12046F9F755FF00F054
:102890006BFB2046F9F7F2FE002898D00020B3E742
:1028A0002046F9F7EBFEE0B1206830B9FFF73AFBBC
:1028B0006068FFF753FDFFF76FFB04F124000599F3
:1028C000FFF71EFD2046F9F737FF00F04DFB00280B
:1028D0007FF47DAFC8F80070BFF34F8FBFF36F8FE9
:1028E00075E72046F9F728FF00F03EFB6FE7000090
:1028F0002E2E5C4672656552544F535C7372635C56
:1029000071756575652E63004572726F723A257335
:102910002C25640D0A00000004ED00E070B50446AB
:102920000D46002C05D140F21B121DA122A0F0F78C
:10293000D3F9FFF7F7FAD4E90F20216802FB001161
:1029400061600021A1632168A160E06B2268216CB5
:10295000401E00FB0121E1604FF0FF3084F844008D
:1029600084F8450004F110004DB1FFF7A9FA04F115
:102970002400FFF7A5FAFFF70FFB012070BD2169C6
:102980000029F8D000F0A0FA0028F4D00E494FF04A
:1029900080500860BFF34F8FBFF36F8FEBE70000ED
:1029A0002E2E5C4672656552544F535C7372635CA5
:1029B00071756575652E63004572726F723A257385
:1029C0002C25640D0A00000004ED00E02DE9FF470E
:1029D00082B004468A461E460025002C05D140F2EE
:1029E000D9224EA153A0F0F777F9BAF1000F07D121
:1029F000206C28B140F2DA2248A14EA0F0F76CF921
:102A0000022E08D1E06B012805D040F2DB2243A161
:102A100048A0F0F761F900F06FF938B9049828B1CF
:102A200040F2DE223DA143A0F0F756F94FF0000935
:102A30004FF08057DFF80C81FFF774FAA06BE16B61
:102A4000884205D3022E03D0049808B325B327E0AB
:102A5000324651462046F9F7CDFC616A59B104F17E
:102A6000240000F031FA68B1C8F80070BFF34F8F4E
:102A7000BFF36F8F06E028B1C8F80070BFF34F8F27
:102A8000BFF36F8FFFF788FA012006B0BDE8F0872B
:102A9000FFF782FA0020F8E76846FFF7A3FC01255C
:102AA000FFF77AFAFFF70CFDFFF73CFA94F94400C0
:102AB000401C01D184F8449094F94500401C01D198
:102AC00084F84590FFF768FA04A9684600F09AF880
:102AD00030B12046F9F730FE00F046FA0020D4E786
:102AE0002046F9F7D8FD90B104F110000499FFF7E2
:102AF00007FC2046F9F720FE00F036FA00289BD1AB
:102B0000C8F80070BFF34F8FBFF36F8F94E7204674
:102B1000F9F712FE00F028FA8EE700002E2E5C4630
:102B200072656552544F535C7372635C7175657561
:102B3000652E63004572726F723A25732C25640D01
:102B40000A00000004ED00E070B504460E46002CBB
:102B500005D140F23C4221A126A0F0F7BDF8206C3F
:102B600028B14FF488621DA122A0F0F7B5F82068C3
:102B700038B9606828B140F2454218A11DA0F0F7AD
:102B8000ABF8FFF797FA5020EFF3118580F3118827
:102B9000BFF34F8FBFF36F8FA26BE06B904218D9DA
:102BA00094F94500521CA263411C04D0401C84F8D7
:102BB000450001200EE0606A0028FAD004F12400EC
:102BC00000F082F90028F4D0002EF2D0012030600D
:102BD000EFE7002085F3118870BD00002E2E5C46C3
:102BE00072656552544F535C7372635C71756575A1
:102BF000652E63004572726F723A25732C25640D41
:102C00000A00000070B504460D46002C05D140F6C0
:102C1000CB3216A11BA0F0F75FF82DB940F6CC32ED
:102C200012A118A0F0F758F8FFF77CF9194AD068FC
:102C300029684B1C08D02368126A934206D0626848
:102C4000824203D801240DE000240BE06268801A60
:102C5000884206D2081A28602046FFF7C3FB0024EA
:102C600000E00124FFF798F9204670BD2E2E5C4647
:102C700072656552544F535C7372635C7461736B1D
:102C8000732E63004572726F723A25732C25640DA2
:102C90000A000000380000202DE9FF5F8146DDE9D1
:102CA0000E788A4616469B46B000F9F781FD054628
:102CB00028000AD05420F9F77BFD04460CB12563A7
:102CC00004E02846FFF79AF900E000248CB10020C8
:102CD000CDE90240CDE900785B4632465146484690
:102CE000F9F71CFC2046F9F703FB012004B0BDE80E
:102CF000F09F4FF0FF30F9E705484169002903D004
:102D0000006B18B100207047012070470220704707
:102D1000380000200148C0687047000038000020DB
:102D20002DE9F04100262E4F386B002808D0B869F5
:102D3000401CB861F86900B101263046BDE8F08159
:102D4000FD686D1CFD608DB9786B006828B140F698
:102D5000D91224A129A0EFF7BFFF786BB96B796373
:102D6000B863386A401C3862F9F7A4FCB86ADFF827
:102D70009C8085420DD3786B006838B1786BC06851
:102D8000C468606885420ED2B86202E04FF0FF303E
:102D9000B8623868C06A00EB800058F8200001284B
:102DA000C8D90126C6E7201DFFF752F8A06A18B15E
:102DB00004F11800FFF74CF8E06A01213A698140FC
:102DC0001143396100EB800008EB8000211DFFF703
:102DD0009DF8E06A3968C96A8842CCD30126CAE7FF
:102DE000380000202E2E5C4672656552544F535CAD
:102DF0007372635C7461736B732E63004572726FE0
:102E0000723A25732C25640D0A000000E864002046
:102E100070B50446002600283CD01F4D2868844227
:102E200005D040F6C7621DA122A0EFF755FFA06CA8
:102E300028B940F6C96219A11EA0EFF74DFFA06C9A
:102E4000401EA064626CE16A914223D010BB201D39
:102E5000FEF7FEFF1B4A012150B9E06A00EB800338
:102E600052F8233023B92B6901FA00F083432B6118
:102E7000606CE062C0F12000A061E06A2B698140D3
:102E80001943296100EB800002EB8000211DFFF750
:102E90003DF80126304670BD380000202E2E5C46DD
:102EA00072656552544F535C7372635C7461736BEB
:102EB000732E63004572726F723A25732C25640D70
:102EC0000A000000E86400202DE9F041C068C468F1
:102ED000002C05D140F6613216A11CA0EFF7FCFED4
:102EE00004F118000746FEF7B3FF1C4D2A6B0126BC
:102EF00062B139461A48FFF709F8E06A2968C96AD9
:102F0000884215D90120EE61BDE8F081201DFEF751
:102F10009FFFE06A2A6906FA00F11143296111490D
:102F200000EB800001EB8000211DFEF7EFFFE4E7DE
:102F30000020E9E72E2E5C4672656552544F535CC3
:102F40007372635C7461736B732E63004572726F8E
:102F5000723A25732C25640D0A0000003800002009
:102F600090670020E86400202DE9F041002400274C
:102F70002B4D286B002805D14FF4FD6229A12FA00D
:102F8000EFF7AAFEFEF7CEFF286B401E2863286BE2
:102F9000F0BBA868E0B3DFF8B48001261DE0D8F8E4
:102FA0000C00C46804F11800FEF752FF201DFEF764
:102FB0004FFFE06A2A6906FA00F1114329612449AA
:102FC00000EB800001EB8000211DFEF79FFFE06A0F
:102FD0002968C96A884200D3EE61D8F80000002849
:102FE000DDD10CB1F9F766FBAC6944B1FFF798FE8F
:102FF00000B1EE61641E002CF8D10020A861E869E0
:1030000030B10127134938070860BFF34F8F00E044
:1030100001E0BFF36F8FFEF7BFFF3846BDE8F081D8
:10302000380000202E2E5C4672656552544F535C6A
:103030007372635C7461736B732E63004572726F9D
:10304000723A25732C25640D0A0000009067002059
:10305000E864002004ED00E0000000000000000033
:10306000010203040607080900000000010203042E
:1030700048414C5F4554485F4572726F7243616CC2
:103080006C6261636B0064656275675F6E65745F37
:10309000696E69740064656275675F6E65745F73FD
:1030A000656E640064656275675F6E65745F726506
:1030B0006376004E657444656275675F5461736B37
:1030C00000000000000000000C000000690000008B
:1030D0000B000000710000007300000016000000EB
:1030E0000B00000062000000720000006A00000097
:1030F0006B000000FFFFFFFF67000000680000009A
:103100006B0000000500000028000400E7500120CB
:10311000C8000020980004008A510120CC00002043
:103120001C000200ED530120D000002010007800A8
:1031300028540120D400002020000500AB5B0120B2
:10314000D800002018000F004E5C0120DC00002099
:1031500010000200B95D0120E000002028000400FA
:10316000DC5D0120E4000020100008007F5E0120EB
:10317000E800002010000800025F0120EC000020A1
:1031800010000800855F0120F000002010000800FA
:1031900008600120F4000020340101008B60012050
:1031A000F800002010000F00C2610120FC00002088
:1031B000FC051400B562012000010020083103085D
:1031C00014310308203103082C3103083831030877
:1031D00044310308503103085C31030868310308A7
:1031E00074310308803103088C31030898310308D7
:1031F000A4310308B031030803060C1830607800CE
:10320000303403085834030878340308383403088A
:10321000243403080C340308183403086C340308FE
:10322000443403084C3403086034030801020304E7
:10323000050607070707070707000000240100200D
:1032400020010020280100202C010020FA000000AD
:1032500075090308E8030000CD7F0208E8030000B9
:103260000560020860EA0000813E0208F4010000E7
:103270002D420208640000001D710208E8030000EE
:103280002954020800000000FFFFFFFFFFFFFFFFBF
:10329000FFFF00000000000065746865726E6574D1
:1032A00069665F696E697400683C0308BC3C03088A
:1032B000443D0308E8360308103703087C3D030843
:1032C000A43D0308D03C0308483C0308A83C03087D
:1032D000103D030838370308C0380308CC39030809
:1032E0005C390308103C0308B43B0308503A030858
:1032F00098390308EC38030824390308E83B03082D
:103300008C3B0308103A03089C3A03082C36030848
:103310002C3B0308E43A03086C38030878360308AA
:103320007837030838380308AC370308D837030860
:1033300008380308F43D0308CC3D0308636D5F6261
:1033400061636B74726163655F617373657274004E
:10335000636D5F6261636B74726163655F66617503
:103360006C74000014360308183603081C36030872
:1033700020360308E43603082836030824360308F9
:10338000A837030800404040404040404040414191
:10339000414141404040404040404040404040402A
:1033A00040404040400502020202020202020202C4
:1033B00002020202022020202020202020202002C1
:1033C0000202020202029090909090901010101051
:1033D00010101010101010101010101010101010ED
:1033E0000202020202028888888888880808080881
:1033F000080808080808080808080808080808084D
:1034000002020202400000008533030846494E5F75
:10341000574149545F31000046494E5F5741495476
:103420005F32000045535441424C495348454400E3
:10343000434C4F534544000053594E5F524356444A
:1034400000000000434C4F53494E47004C41535439
:103450005F41434B000000004C495354454E00006F
:1034600054494D455F57414954000000434C4F5368
:10347000455F57414954000053594E5F53454E54E0
:10348000000000007463705F656E71756575655F3F
:10349000666C6167733A206E65656420656974685F
:1034A0006572205443505F53594E206F722054432D
:1034B000505F46494E20696E20666C616773202814
:1034C00070726F6772616D6D65722076696F6C6185
:1034D00074657320415049290000000064686370DE
:1034E0005F6F7074696F6E3A206F7074696F6E737E
:1034F0005F6F75745F6C656E202B2032202B206F00
:103500007074696F6E5F6C656E203C3D204448436B
:10351000505F4F5054494F4E535F4C454E00000092
:103520006E657469662D3E6877616464725F6C6570
:103530006E206D75737420626520746865207361F8
:103540006D65206173204554485F4857414444529B
:103550005F4C454E20666F72206574686172702101
:103560000000000069676D705F6C6F6F6B75705F56
:1035700067726F75703A20616C6C20657863657056
:10358000742066697273742067726F7570206D7530
:103590007374206E6F7420626520616C6C73797334
:1035A00074656D730000000054686973206578616C
:1035B0006D706C65207573657320444843502074AA
:1035C0006F2064796E616D6963616C6C79206173E1
:1035D0007369676E20495020616464726573732E4D
:1035E000204966206E6F74206E65656465642C20CA
:1035F000736574204C5749505F4448435020746FA2
:10360000203020696E206C7769706F7074732E683B
:103610000A0A0000523020005231200052322000AD
:1036200052332000504320004C52200055736167F4
:1036300065206661756C74206973206361757365BC
:103640006420627920617474656D70747320746F86
:103650002073776974636820746F20616E20696ECF
:1036600076616C69642073746174652028652E67C7
:103670002E2C2041524D29005573616765206661EB
:10368000756C742069732063617573656420627959
:1036900020496E6469636174657320612064697692
:1036A000696465206279207A65726F206861732091
:1036B00074616B656E20706C616365202863616E58
:1036C00020626520736574206F6E6C7920696620B6
:1036D0004449565F305F54525020697320736574BB
:1036E00029000000523132003D3D3D3D3D205468EF
:1036F0007265616420737461636B20696E666F72BA
:103700006D6174696F6E203D3D3D3D3D00000000E0
:103710003D3D3D3D3D3D204D61696E2073746163CB
:103720006B20696E666F726D6174696F6E203D3DCE
:103730003D3D3D3D000000003D3D3D3D3D3D3D3DAD
:103740003D3D3D3D3D3D3D3D3D3D3D205265676933
:10375000737465727320696E666F726D6174696FE0
:103760006E203D3D3D3D3D3D3D3D3D3D3D3D3D3D75
:103770003D3D3D3D3D3D000044656275672066610D
:10378000756C742069732063617573656420627958
:103790002068616C7420726571756573746564204E
:1037A000696E204E5649430050535200446562757D
:1037B00067206661756C7420697320636175736539
:1037C0006420627920445754206D61746368206FCF
:1037D0006363757272656400446562756720666133
:1037E000756C7420697320636175736564206279F8
:1037F00020566563746F72206665746368206F631A
:103800006375727265640000446562756720666165
:10381000756C7420697320636175736564206279C7
:1038200020454442475251207369676E616C2061A4
:1038300073736572746564004465627567206661C0
:10384000756C742069732063617573656420627997
:1038500020424B505420696E737472756374696FA3
:103860006E206578656375746564000055736167E3
:1038700065206661756C742069732063617573657A
:103880006420627920696E64696361746573207471
:1038900068617420616E20756E616C69676E656425
:1038A00020616363657373206661756C7420686161
:1038B000732074616B656E20706C6163650000003D
:1038C00048617264206661756C742069732063615D
:1038D00075736564206279206661696C6564207621
:1038E0006563746F72206665746368004275732047
:1038F0006661756C742069732063617573656420FB
:1039000062792070726563697365206461746120F7
:103910006163636573732076696F6C6174696F6E40
:1039200000000000427573206661756C7420697335
:103930002063617573656420627920696D707265BA
:103940006369736520646174612061636365737387
:103950002076696F6C6174696F6E00004D656D6FE4
:103960007279206D616E6167656D656E7420666148
:10397000756C742069732063617573656420627966
:103980002064617461206163636573732076696F7D
:103990006C6174696F6E0000427573206661756CAE
:1039A000742069732063617573656420627920698E
:1039B0006E737472756374696F6E2061636365738F
:1039C000732076696F6C6174696F6E004D656D6F01
:1039D0007279206D616E6167656D656E74206661D8
:1039E000756C7420697320636175736564206279F6
:1039F00020696E737472756374696F6E206163639E
:103A00006573732076696F6C6174696F6E00000076
:103A1000427573206661756C7420697320636175EB
:103A200073656420627920666C6F6174696E672DBE
:103A3000706F696E74206C617A792073746174653B
:103A400020707265736572766174696F6E00000034
:103A50004D656D6F7279206D616E6167656D656E24
:103A600074206661756C7420697320636175736579
:103A70006420627920666C6F6174696E672D706F67
:103A8000696E74206C617A7920737461746520703A
:103A90007265736572766174696F6E0055736167E4
:103AA00065206661756C7420697320636175736548
:103AB0006420627920617474656D70747320746F12
:103AC000206578656375746520616E20756E646528
:103AD00066696E656420696E737472756374696F6C
:103AE0006E0000005573616765206661756C742017
:103AF00069732063617573656420627920617474F1
:103B0000656D70747320746F206578656375746576
:103B1000206120636F70726F636573736F722069C9
:103B20006E737472756374696F6E000055736167AC
:103B300065206661756C74206973206361757365B7
:103B40006420627920617474656D70747320746F81
:103B500020646F20616E20657863657074696F6E94
:103B600020776974682061206261642076616C75D9
:103B70006520696E20746865204558435F5245543E
:103B800055524E206E756D6265720000427573204D
:103B90006661756C74206973206361757365642058
:103BA000627920737461636B696E67206572726FEE
:103BB000720000004D656D6F7279206D616E6167F6
:103BC000656D656E74206661756C74206973206321
:103BD000617573656420627920737461636B696ECB
:103BE00067206572726F7200427573206661756C32
:103BF0007420697320636175736564206279207530
:103C00006E737461636B696E67206572726F7200A8
:103C10004D656D6F7279206D616E6167656D656E62
:103C200074206661756C74206973206361757365B7
:103C30006420627920756E737461636B696E6720AE
:103C40006572726F7200000044756D702063616C64
:103C50006C20737461636B2068617320616E2065F2
:103C600072726F72000000004669726D7761726552
:103C7000206E616D653A2025732C2068617264772F
:103C80006172652076657273696F6E3A2025732CB8
:103C900020736F6674776172652076657273696FE1
:103CA0006E3A2025730000004661756C74206F6EBB
:103CB0002074687265616420257300004173736528
:103CC0007274206F6E2074687265616420257300C1
:103CD00053686F77206D6F72652063616C6C207321
:103CE0007461636B20696E666F2062792072756EF5
:103CF0003A2061646472326C696E65202D652025FE
:103D0000732573202D61202D6620252E2A73000037
:103D10004661756C74206F6E20696E746572727581
:103D20007074206F722062617265206D6574616CC1
:103D3000286E6F204F532920656E7669726F6E6D05
:103D4000656E7400417373657274206F6E20696EC6
:103D500074657272757074206F7220626172652072
:103D60006D6574616C286E6F204F532920656E76E7
:103D700069726F6E6D656E74000000004572726F3F
:103D8000723A2054687265616420737461636B28B1
:103D9000253038782920776173206F766572666CDC
:103DA0006F7700004572726F723A204D61696E2024
:103DB000737461636B28253038782920776173200C
:103DC0006F766572666C6F7700000000546865203E
:103DD000627573206661756C74206F6363757272AF
:103DE0006564206164647265737320697320253093
:103DF00038780000546865206D656D6F7279206DAC
:103E0000616E6167656D656E74206661756C7420A6
:103E10006F63637572726564206164647265737345
:103E20002069732025303878000000004C3E0308DC
:103E300000000020E0010000E2090208703E0308D3
:103E4000E001002050DF0100382D0208111324F496
:103E50003201B2101AFF01011C034288131AAA0191
:103E6000019922C00B486E194C51057301031C06C1
:040000050802018963
:00000001FF
